-0.07331424 -0.021238405 0.06951465 -0.028014917 -0.04925729 
-0.036912043 -0.09424547 -0.008509654 0.023289049 -0.016170787 
-0.033740275 -0.08847111 0.0128128305 0.108867496 -0.03822677 
-0.009417774 -0.109879665 -0.050319497 0.018128462 -0.100540094 
-0.045994483 -0.02097742 -0.057184055 -0.07261004 0.106528096 
0.081284165 0.011169318 -0.07392208 0.018782035 -0.07699011 
0.005054835 -0.10024614 -0.002153601 4.644995e-05 0.059995595 
-0.09994363 -0.1037069 0.029273871 0.0013162803 -0.011968051 
0.027494846 0.016906086 0.021213463 -0.077997126 -0.03913661 
-0.11435366 -0.03593651 0.055277765 -0.006791761 0.11366887 
-0.0007430915 -0.061029177 0.0931889 -0.035902828 0.09998906 
0.040706716 0.1092665 0.074709296 -0.064901225 0.029034002 
-0.0210883 -0.022551885 0.012301365 -0.057564784 -0.061841168 
0.018879142 -0.054229468 0.08262123 0.01957225 0.012470878 
0.037654992 0.038256884 -0.013407083 -0.050514165 -0.017194642 
-0.015104276 0.10694213 -0.11511028 -0.083689995 0.00424007 
-0.04456643 0.07398166 -0.09091723 0.1074403 0.062387947 
0.008912861 -0.007800235 -0.07381355 0.025673011 -0.07659172 
-0.09709422 -0.11127151 -0.07419972 -0.112229995 0.029821958 
-0.005868166 -0.113100916 -0.060702417 -0.010393492 0.04054385 
0.08924929 -0.02601427 -0.087589785 -0.051320225 -0.11820807 
-0.11376584 -0.04036756 -0.0048502083 0.067032605 -0.064465694 
0.032930188 -0.036632337 -0.001695272 -0.008562604 0.07624103 
-0.115582295 0.0661255 -0.031412635 0.013975054 0.043479852 
0.09145492 0.088789605 -0.0114892805 -0.057987902 -0.09660016 
0.041558277 0.10224392 0.038115513 0.02690634 -0.046079986 
0.065651394 -0.02844488 -0.095308974 0.004902766 0.09467555 
-0.058756456 0.020249395 0.06060256 -0.081232496 0.10616141 
-0.062209573 0.10776992 -0.08067963 0.032150112 0.019417753 
-0.045132674 -0.070329554 0.10675234 -0.0746952 -0.016731197 
-0.057786178 -0.07222092 0.033228762 -0.11413684 0.060491536 
-0.04836987 -0.10795506 -0.019671483 0.04014552 0.06613723 
0.08696282 0.06657472 -0.014129466 -0.08964227 -0.085836984 
0.049296077 -0.055930782 -0.10676719 -0.032487683 -0.08706398 
0.09579665 -0.016905 -0.09999383 -0.041517343 -0.093942255 
-0.09873031 0.084905185 -0.011716765 -0.02297279 0.026347427 
0.09117863 -0.026475498 -0.06764294 -0.08202042 -0.06873111 
0.080081 0.0059457053 0.053205732 0.084476285 -0.109341554 
0.005467054 -0.015681438 -0.049867187 -0.09240472 0.035239004 
0.077930376 0.02543177 -0.00526534 0.011628545 -0.032411244 
-0.064354084 -0.0298878 -0.08149779 0.08453498 0.07192433 
0.0086245425 0.09562928 0.035948403 -0.038940072 0.02184011 
0.061168555 0.013179315 -0.021142842 0.009410749 -0.106899306 
-0.09225772 -0.012664377 0.10461531 -0.048239045 -0.039865278 
0.09667963 0.07629144 -0.09202776 0.019243436 0.0036484222 
-0.08925815 0.053455614 -0.024773732 -0.007567663 0.058403406 
0.026789231 -0.013782814 -0.04726841 0.08973792 -0.11150376 
0.013768932 -0.043026257 0.0789733 0.009799771 0.113056995 
0.036529668 -0.05701243 0.12009567 -0.0722371 -0.06663966 
0.00010422754 0.13877639 0.14422017 0.058902662 -0.0013597101 
0.061097823 -0.013432791 -0.082657665 0.08226038 0.12518422 
-0.021978496 -0.0010395483 -0.08060096 0.059459724 -0.05424006 
0.030030662 -0.080392934 -0.07373056 -0.068172425 -0.09210604 
-0.124866806 0.053902626 -0.010034417 0.076336645 0.013592493 
-0.13900636 -0.0628632 0.012432078 -0.03040689 0.09571314 
0.07938876 0.13482085 0.17482054 0.022834709 0.01798673 
0.045280654 0.08012709 0.11844572 0.028004566 0.07991943 
0.099500015 0.063047454 -0.020212507 -0.06348174 0.11949513 
-0.062164463 -0.00072027766 -0.0581888 0.04491612 -0.100538634 
-0.0009852079 0.045247555 -0.03530172 -0.02866258 0.048466813 
-0.05186436 0.04980578 -0.12200046 0.017334761 0.1369748 
-0.10954296 0.051314343 -0.020357683 0.070085235 0.055827208 
0.04408669 -0.034905642 0.07817287 0.027343582 0.017522484 
-0.016369583 0.16593668 0.061590873 0.03175913 0.11880597 
0.0796322 0.10199741 0.15399428 0.20813197 0.26526472 
0.05266669 -0.07841838 0.04337207 0.110670365 0.035786156 
-0.082239136 -0.03403595 -0.0047577354 0.06278121 0.085774496 
-0.010135755 0.019167887 0.058164272 0.119109966 0.030474063 
-0.02505951 -0.046181608 0.014404804 0.07243244 0.07939289 
-0.06897566 -0.10894509 0.120224744 0.10200995 0.11263732 
-0.20457998 -0.07361913 0.07553603 -0.06548155 0.14966428 
-0.04478142 -0.03173221 0.021234041 -0.07213847 0.030643197 
-0.2618245 -0.16793041 -0.13415854 -0.0056121317 0.06475388 
-0.10707206 -0.17800178 -0.16970211 0.013465927 -0.015267324 
-0.21500154 -0.21606775 -0.22898649 -0.07809293 -0.11843993 
0.0940816 0.08886325 -0.020354968 -0.11794684 0.018976765 
0.27271158 0.19530338 -0.10258037 -0.07531175 -0.17292702 
0.3007508 0.24690959 0.03603467 -0.23733597 -0.20887227 
0.29283258 0.19871172 -0.08589653 -0.075497776 -0.24076243 
0.3208117 0.048573397 -0.130151 -0.19100818 0.028727412 
0.1888791 0.06354591 -0.08313458 -0.13324755 -0.15280432 
0.15463671 0.018219296 -0.10087542 -0.13560538 -0.18345417 
0.18615763 0.13178146 -0.123837635 -0.28637105 -0.22925097 
0.31839424 0.03627637 -0.123258024 -0.20545171 -0.1581415 
0.29024535 0.046189617 -0.16361992 -0.07082055 -0.15951711 
0.119903915 0.084661365 -0.018214602 -0.15737964 -0.01117032 
0.13267191 -0.009078382 -0.0854324 -0.09181256 -0.13600014 
0.12763402 0.09798184 -0.17328942 -0.16443476 -0.07397649 
0.23022631 0.044864748 -0.02444651 -0.11947951 -0.09890708 
0.2596962 -0.01762592 -0.07981662 -0.005221985 -0.013168843 
0.08480548 -0.06587617 -0.14535117 -0.15440272 0.028600028 
0.047624342 -0.120606005 -0.06158162 -0.006622923 0.113840595 
-0.08875479 -0.049208704 -0.037964195 0.06135919 0.17114198 
0.066311926 -0.01865356 -0.028857332 0.04172433 0.17310193 
-0.016468968 0.106254466 0.037016615 0.0001294562 0.03648356 
-0.08262978 -0.107283905 -0.14827903 -0.12612757 -0.0153503595 
-0.14267734 0.07325219 -0.0594203 -0.052414943 0.058075916 
-0.07079072 -0.09738821 0.076634996 -0.028179767 0.0076846066 
-0.12535985 0.089946054 0.12711006 0.11805435 0.0030077833 
-0.08531716 -0.023282895 0.0151537815 0.14478126 -0.007312792 
-0.104383655 -0.11370283 0.046922933 -0.14441898 -0.08638701 
-0.0026693258 -0.014339121 0.10648621 0.043172717 -0.07894958 
0.025963323 0.013460328 0.053209104 0.0017648048 0.11446629 
-0.062922716 -0.08413643 0.09439968 0.0022637418 0.01914452 
0.082825646 0.14540297 0.10233525 0.023507675 0.11971248 
-0.026870258 -0.11417269 -0.052117985 -0.057574224 -0.06957732 
-0.12949052 0.008825189 0.07082786 -0.10274976 -0.0381917 
-0.04951389 -0.10547477 -0.07867956 0.059715867 -0.024336906 
0.096310616 0.05253197 -0.081373855 -0.06380197 0.09711097 
-0.12897243 -0.036706563 -0.021813521 0.093677126 -0.040211372 
-0.042750422 -0.007397671 0.08353559 0.11943345 -0.017837679 
0.06044115 0.00047975217 0.037020277 0.061000768 0.01133593 
-0.058741905 0.026468292 -0.030166605 0.0659551 0.0064706416 
-0.065213405 0.085666925 -0.020430729 0.0364843 -0.0688495 
-0.041744962 0.0701265 0.033142816 0.07019979 -0.087828234 
0.0182678 -0.060806464 -0.08685081 -0.029634943 0.020382268 
-0.11884687 0.052570842 0.112887464 0.03459888 0.07584977 
0.04342213 0.0231685 0.08411744 -0.052416928 -0.019782856 
-0.019976754 -0.061335716 -0.016952476 -0.043081194 0.08308097 
0.1092835 -0.102887355 0.10109051 -0.07860782 -0.00036974752 
0.2163349 0.19659606 0.19611266 0.20594972 0.08061835 
0.0933802 0.21721241 0.25941157 0.20992681 0.18404648 
0.12103091 0.24581093 0.15239798 0.13712329 0.2020055 
0.031564433 0.13773131 0.050496854 0.2568465 0.15015446 
0.07975358 0.18533552 0.036835227 0.12211706 0.23107858 
-0.14914882 -0.19117272 -0.19952604 -0.24108903 -0.20274997 
-0.317612 -0.23704977 -0.21170329 -0.18001527 -0.10941066 
-0.33248466 -0.21267393 -0.31040823 -0.15249589 -0.24653684 
-0.21231055 -0.28568757 -0.18044733 -0.21331099 -0.21866113 
-0.14780542 -0.18955167 -0.16596131 -0.0036439272 -0.025895407 
-0.013859959 -0.08208841 0.119983815 -0.0136772115 0.06904705 
-0.13066258 -0.05839567 -0.02662883 -0.104133956 0.053332325 
-0.10851563 0.020552265 0.05031795 0.041175034 0.0721602 
-0.09688064 -0.028328653 0.087229036 -0.034820043 0.12050699 
-0.01655542 -0.022980483 0.064347066 0.12216103 0.11180119 
-0.23733522 -0.06667947 -0.077550575 -0.12016422 -0.09892673 
-0.19346707 -0.11722926 -0.15289308 0.02454261 -0.03619737 
-0.030679418 -0.059528556 -0.1805601 0.03273172 0.01534316 
-0.09447579 -0.060364068 0.023216406 0.042160705 -0.16320738 
0.0298821 -0.01807027 -0.1000722 0.055682153 -0.0257071 
0.10504018 0.039568998 0.098810196 0.18576823 0.3046841 
0.1179171 0.15452462 0.24949966 0.16668078 0.30438036 
0.14317647 0.10343841 0.33199415 0.19820368 0.2174293 
0.12934768 0.22876975 0.09492884 0.30001688 0.30864823 
0.16000582 0.22594213 0.2620395 0.20974438 0.27956507 
-0.10534571 -0.098570116 -0.1588599 -0.087205485 -0.07749219 
-0.10974305 -0.07967482 -0.012749871 -0.03871276 -0.16523044 
-0.21132573 -0.14218234 -0.1957126 -0.116725765 -0.1472639 
-0.13709918 -0.2430189 -0.1079304 -0.20230004 -0.20507927 
-0.23916037 -0.2582121 -0.19049571 -0.051434148 -0.27589935 
-0.26034242 -0.22280231 -0.14561631 -0.18125135 -0.22581182 
-0.37796792 -0.4322278 -0.2673665 -0.28266242 -0.26663402 
-0.013775385 -0.15848988 -0.14674401 0.09480893 0.05986733 
0.24353579 0.24012868 0.26217675 0.36528158 0.33996582 
0.19547828 0.2999441 0.31558484 0.2784712 0.19786789 
-0.19035846 -0.13345303 -0.26621944 -0.23758991 -0.23258534 
-0.19136001 -0.23597574 -0.39568287 -0.2558373 -0.29093146 
-0.087648235 -0.08986812 0.047756936 -0.12119283 0.0145052755 
0.10006227 0.16773942 0.35149246 0.35439005 0.35583046 
0.10588691 0.33401695 0.29206994 0.22865482 0.08145076 
-0.11167289 -0.15264174 -0.17571439 -0.029381745 -0.08837717 
-0.21553388 -0.15301794 -0.27948555 -0.2007725 -0.19338226 
0.005773496 -0.03704741 0.08961426 -0.024206556 0.122799955 
-0.0039593317 0.20609622 0.2452724 0.18464266 0.29150116 
0.13398607 0.25022632 0.21157485 0.1855403 0.067136616 
-0.01669317 -0.07116084 0.0015212493 0.041736096 -0.100217596 
-0.07100504 -0.08880022 -0.008563523 -0.096547134 -0.027794654 
0.031925317 0.020418812 -0.12237345 0.04411732 0.052274782 
-0.11701443 0.029580873 0.054491684 -0.04237308 -0.0657028 
0.032241832 0.10857713 0.004803874 0.15213479 0.16903342 
0.09627952 0.117590554 0.118233934 -0.051937647 0.063374594 
-0.08034474 0.0028803747 0.06472961 -0.0012261366 0.10705575 
0.047221176 -0.014232738 -0.07177343 0.0063781645 -0.0880032 
-0.11088068 0.056899607 0.056408543 -0.084306955 0.07265189 
0.05758046 -0.046512987 -0.0009168492 0.05298287 -0.0053312453 
0.06309908 0.1623805 0.102540545 0.060082927 0.1992742 
0.09579058 0.07619233 0.036466673 0.037078112 -0.049368933 
0.07399095 -0.02704552 0.09978748 0.06047519 0.089959994 
0.0693397 -0.08086183 0.032278493 -0.015449609 0.056686584 
-0.022342237 -0.0010307675 -0.076877974 0.054531723 0.044253055 
0.26292276 0.13677041 0.21736182 0.15666215 0.24379832 
0.04064196 0.027315041 0.07425716 0.2157354 0.16506737 
-0.014002672 -0.11458129 -0.19742927 -0.0524579 -0.032399047 
-0.121648505 -0.25650933 -0.34529686 -0.24754854 -0.2930597 
-0.006877388 -0.020282786 -0.16960114 -0.11856476 -0.17320253 
0.28638738 0.32889193 0.31673867 0.2787893 0.043710038 
0.14191943 0.099681854 0.19937891 0.16684848 0.097827084 
-0.07399992 -0.16363382 -0.07891558 -0.18770294 -0.0926073 
-0.14968188 -0.22267206 -0.29586962 -0.24331793 -0.19235262 
-0.09593558 -0.17116955 -0.12526152 0.0075930064 0.005280448 
0.27754983 0.13643421 0.33294412 0.29969057 0.2600913 
0.20947173 0.21677408 0.04356854 0.14066067 0.13909544 
-0.113690875 -0.15997726 -0.059659418 -0.017640155 -0.0035302192 
-0.19783302 -0.084959656 -0.24507241 -0.29056272 -0.23829785 
-0.061286 -0.10291028 0.06976596 0.03572297 -0.08222087 
0.12703718 0.080557354 0.03641344 -0.056262694 0.1166698 
0.026329344 -0.0694139 0.025731439 0.10616114 -0.067504756 
0.060246784 -0.024473839 0.17067958 0.10053027 0.13927603 
0.11531369 0.059752416 -0.006492405 -0.044851303 -0.012142498 
-0.16489969 -0.19116415 -0.2133212 -0.07552996 -0.07943306 
0.0048079244 -0.083885804 -0.080265656 -0.12646894 0.083337255 
0.002483056 0.037984353 -0.08443792 -0.1148762 -0.03620638 
0.029134788 -0.04997774 0.042422112 0.10116372 0.17440377 
-0.0220509 0.05198827 0.084850974 -0.06785745 -0.027413366 
-0.0009932622 -0.031429756 -0.07523111 -0.15486981 0.018787777 
-0.038267456 -0.013367753 0.029627385 -0.120898515 -0.06666193 
-0.14203347 -0.09104583 0.08613657 0.03997539 -0.11772925 
0.0075166454 0.0057776025 0.15340197 0.12144188 0.026235526 
0.05909294 0.043616567 -0.030879412 0.023836493 -0.006651262 
0.12077795 0.0030118776 -0.030894758 0.09498798 0.014129775 
0.007953836 0.016436417 0.09235247 -0.05027321 0.040246263 
-0.104215205 -0.09325803 -0.10503677 -0.06285466 -0.0047208187 
0.0050039953 0.10875004 -0.11358123 -0.030539935 -0.05292276 
-0.015780805 0.07941854 0.042386863 -0.0047631226 -0.042144403 
-0.003538397 -0.07255448 0.037076835 0.056010045 -0.039975967 
-0.079738006 0.00054796203 -0.015616257 0.10542152 0.07188539 
0.00079729076 -0.1018573 -0.091099836 -0.06036657 -0.10338609 
-0.066991515 0.08957473 -0.08903629 0.043666348 0.022916982 
0.10596408 -0.055019885 -0.052783966 -0.09449126 -0.07070935 
-0.103013225 0.038932648 0.055842295 -0.030253146 -0.07838951 
-0.049990278 -0.048903503 0.10357542 -0.09654015 0.053874068 
0.004019246 -0.0009030425 -0.030133257 0.09742796 -0.060527354 
-0.016036753 0.015303758 -0.10512491 0.04201675 0.06900672 
0.035204872 0.10845021 -0.10062472 0.015177326 0.076895535 
-0.023408279 -0.10167169 0.09636632 0.010350949 -0.087499104 
-0.12641549 -0.013336188 -0.078980654 -0.015098658 0.036366865 
-0.16299053 -0.054140598 -0.029716989 -0.03399532 -0.06454413 
-0.22211696 -0.07770012 -0.14784116 -0.041645296 -0.038156595 
-0.042687338 0.0321784 -0.015012068 -0.016275024 0.06188354 
-0.012590442 -0.006512852 0.08902817 0.049540408 -0.02496216 
-0.062880225 -0.024721202 -0.16714408 -0.062263004 -0.04410499 
-0.21266578 -0.09754688 0.016312653 -0.045929525 -0.0016355116 
-0.04395139 -0.10545555 -0.13416266 -0.031712208 -0.101067305 
-0.23479405 -0.14438455 0.001438075 -0.056612402 0.0038300098 
-0.22048742 -0.17663582 0.051817536 -0.02487285 0.06163723 
0.10714989 0.29399955 0.121339925 0.14397043 0.2959519 
0.27164093 0.2984087 0.2118737 0.27037144 0.242775 
0.04436869 0.17698582 0.27776343 0.2772302 0.099105224 
0.23322517 0.14528759 0.113769494 0.19592482 0.08199042 
0.24815646 0.29196414 0.10822745 0.19167827 0.2374847 
0.18099901 0.06798084 -0.09816514 0.025602045 0.027913108 
0.16581383 0.010461815 -0.19898176 -0.08299857 -0.06493171 
0.17775373 -0.13239895 -0.23127332 -0.042391866 -0.063977405 
0.012666518 -0.19101554 -0.0520746 0.010825946 0.026007703 
-0.08060163 -0.13170345 0.021955729 0.1563064 0.19684063 
0.22838503 0.0992542 0.12653515 -0.009555266 -0.08246578 
0.23848853 -0.04660913 -0.13411799 -0.08922755 -0.09776352 
0.13828044 0.020105582 -0.19730851 -0.009368733 0.007854984 
0.074367546 -0.09959154 -0.06724814 -0.08768884 0.11133747 
-0.104239665 0.046395723 0.010019345 0.23956113 0.17756188 
0.12344488 0.04814408 0.07281096 0.046433136 -0.08707913 
0.15622135 -0.017231515 -0.16801281 -0.13366109 -0.15879537 
0.1020714 -0.1019213 -0.044247396 -0.018826434 -0.051268287 
-0.11463303 -0.17971182 -0.17523693 -0.029195493 0.07438133 
-0.014802101 0.035501204 0.035601795 0.10277898 0.2135441 
-0.18067025 -0.18325222 0.09389195 0.19684222 0.30315563 
-0.2581107 -0.25770688 -0.10190293 0.2351313 0.35785004 
-0.20486955 -0.27673897 0.08024317 0.29990906 0.18586317 
-0.27628988 -0.20237213 0.12045756 0.17272373 0.198455 
-0.1458137 -0.000513615 -0.009916837 0.19130883 0.160009 
-0.33161297 -0.29036805 -0.16768211 0.18923004 0.17456956 
-0.21292955 -0.20129928 -0.13146093 0.17910378 0.2353005 
-0.33390823 -0.38362336 -0.11832132 0.33524442 0.4198019 
-0.2584168 -0.32071444 -0.0813878 0.2888505 0.37904537 
-0.09419376 -0.19062741 -0.013467607 0.13869993 0.19288942 
-0.37743917 -0.3084406 -0.07095782 0.31442675 0.39879343 
-0.5059719 -0.35316855 -0.007204494 0.39660507 0.46372858 
-0.41959396 -0.40627268 -0.07899955 0.27789652 0.52267873 
-0.34820107 -0.32026985 -0.07297776 0.2516433 0.36806852 
-0.15297586 -0.23085235 -0.04347623 0.29158285 0.25819904 
-0.123663895 -0.07754802 -0.04078798 0.0070518507 0.09321586 
0.070642725 -0.090026245 -0.056359045 0.08633899 -0.09094707 
-0.11638335 -0.083624795 0.07677011 0.07922041 -0.10636402 
-0.07625725 -0.025579693 0.08563163 0.09143036 0.0033993179 
-0.06440645 0.06665712 0.029817963 -0.09712589 0.013438054 
-0.11270332 -0.07244345 0.07025849 0.01605453 0.08670275 
0.015700066 -0.09947221 0.06330814 -0.008239901 -0.034166206 
0.0045643942 -0.10350194 0.1185904 -0.024122603 0.10444722 
0.094798565 -0.07156968 -0.023391033 0.019640544 -0.10635884 
-0.0459771 0.11564433 0.10658575 0.015486362 0.019638898 
-0.030353172 -0.049829613 0.021078758 0.059116267 -0.06494159 
-0.08180095 0.049239837 0.12601149 0.1322199 -0.053448815 
-0.12942249 -0.112513654 -0.06185327 0.10488753 0.09665589 
0.08586045 0.06836324 0.023310697 -0.036784954 -0.092351235 
-0.04570069 0.016131276 0.126855 -0.090876296 -0.10350329 
-0.16455208 -0.17682421 0.030446397 -0.05513082 -0.0973672 
0.24972187 0.1651145 0.4515887 0.3619128 0.46071258 
0.24620177 0.44541258 0.41650468 0.5724678 0.52694523 
-0.035218146 0.108192 -0.02760308 0.12878892 0.10418876 
-0.32507426 -0.3304928 -0.34022847 -0.3783278 -0.2417839 
-0.21482228 -0.08534416 -0.22369045 -0.19725601 -0.09404194 
0.031367548 0.09045327 0.060111083 0.07289793 0.08486401 
-0.031860758 0.21172085 0.1556318 0.089299455 0.21706209 
-0.15370163 -0.21916673 -0.27206826 -0.25868034 -0.19864209 
-0.30055466 -0.46957374 -0.3732633 -0.29756278 -0.37707645 
0.037692636 -0.03640669 -0.110305436 -0.042855643 -0.07348125 
0.13927984 0.037556823 0.25818357 0.24641909 0.29587182 
0.26153153 0.15701827 0.30330643 0.13859515 0.23026106 
-0.096109934 0.009741419 -0.11071137 -0.18033662 -0.039311245 
-0.097797215 -0.29152575 -0.18966284 -0.2616997 -0.22029933 
-0.1351169 0.047836088 -0.0864992 0.063053615 0.12399186 
0.08066139 0.048355967 0.05411634 0.111466214 -0.0641088 
-0.042401202 -0.10977971 -0.08918886 -0.100167684 0.009594567 
-0.08334892 0.062000617 0.019126063 0.08562495 0.0883549 
0.04146317 0.0068126325 0.0881977 -0.042743433 0.1110922 
-0.0027865386 -0.061563596 -0.009145747 0.12960017 0.007937054 
0.0075273397 0.038708575 -0.02708369 -0.04211641 0.11657673 
-0.01222948 0.112723 0.11024306 0.08848859 0.08446243 
-0.053095844 -0.07937858 0.047205035 0.013418894 0.038639564 
0.047478873 0.077746145 0.03843233 0.037825264 0.09170222 
-0.059178483 0.02085022 0.1148392 -0.037592247 0.08292954 
-0.13879155 -0.059962034 0.050110143 -0.032528188 0.0712063 
0.011659492 0.049562685 -0.013896826 0.09418952 0.050777562 
-0.15569103 0.07216711 0.048890315 -0.07897529 -0.12689023 
-0.061499577 0.0059231473 -0.093577586 -0.07514234 -0.03764074 
-0.2414439 -0.24539323 -0.19053257 -0.21998037 -0.110566944 
-0.38737813 -0.37156746 -0.40498233 -0.2947164 -0.109493524 
-0.24663852 -0.30167064 -0.28418794 -0.1938597 -0.21980509 
-0.41089186 -0.2995348 -0.2043637 -0.32662687 -0.20939614 
-0.4041453 -0.24052677 -0.20807011 -0.26016086 -0.08025482 
0.00241235 0.121945255 0.12179069 -0.044505645 0.077131145 
-0.09392121 -0.04049343 0.042675935 -0.092041165 -0.09788728 
-0.011747139 0.10911756 0.017801203 0.028625386 0.03120271 
-0.063693784 0.08579444 -0.07016899 -0.072021864 0.018904269 
-0.13342085 -0.07326724 0.040947728 0.042164903 0.09217273 
0.35192052 0.13442062 0.13899484 0.27653453 0.1306566 
0.13098684 0.26791137 0.23978943 0.1828337 0.14736715 
0.23193935 0.31549653 0.29692924 0.16586842 0.28427675 
0.28020805 0.2542382 0.3279103 0.2774053 0.09728201 
0.28821674 0.37256217 0.29101256 0.34440047 0.2791356 
-0.08853018 0.017105909 -0.067357905 -0.23022631 0.15386786 0.07453934 -0.028921552 0.029379267 0.16803472 0.3204459 -0.19514515 -0.276322 -0.13147281 0.010917512 -0.09443262 -0.67092645 0.02244226 -0.034532025 -0.008310452 -0.011834603 -0.16450997 0.5670504 
-0.034222085 -0.062480327 -0.04248766 
-0.042464755 0.030282067 -0.061118346 
-0.044967927 0.02570853 -0.010960499 
0.03968265 -0.014223079 -0.064696245 
-0.050530285 -0.052810136 -0.0034906312 
0.010880067 0.03495107 0.0113108205 
-0.05952714 -0.008421155 -0.02857903 
0.04681578 0.009135656 0.049598586 
-0.029173354 -0.060766473 0.03384032 
-0.09102344 0.0041284156 -0.12840804 
0.13002656 -0.048981134 -0.037217584 
0.04897345 0.09426068 0.084949695 
0.016660465 0.010419635 -0.11213397 
-0.00940096 -0.06719038 -0.04756653 
0.10157632 0.04387746 0.029666314 
-0.024636678 -0.012076384 0.016257444 
0.043930598 0.057103403 0.021611946 
0.05343458 -0.044102825 -0.061228927 
-0.024026562 0.031002728 -0.05529314 
0.053488165 -0.01336886 0.024053836 
-0.036621198 0.04562921 0.02496534 
0.046240833 0.0037737754 -0.04720513 
-0.047284376 -0.019589147 0.0122806905 
0.03195694 -0.018951276 -0.06705606 
-0.09884453 -0.10205119 -0.030292869 
-0.061192803 -0.02257568 0.055669907 
-0.022031121 -0.0017174145 -0.0350583 
0.07117954 0.058793582 0.016741458 
-0.04209956 0.00066795794 0.01761794 
0.06027045 0.055997107 0.060686033 
-0.12171287 -0.059910312 -0.079162166 
-0.17249922 -0.061932255 -0.06329281 
-0.08708105 -0.041544743 -0.10834314 
-0.016202519 -0.091691 -0.15196222 
0.07078376 0.11038678 0.042350303 
0.06350792 0.14678623 0.14536889 
-0.20700753 -0.14111853 -0.23838742 
-0.19864027 -0.15217637 -0.1546387 
-0.15457517 -0.18530218 -0.1508938 
-0.018124202 0.020783817 -0.08281553 
0.020692034 -0.086938925 0.013382075 
-0.060738042 -0.06905998 -0.09623903 
-0.040002942 0.06721586 0.040611226 
-0.030663108 -0.06272919 -0.017138418 
-0.0036802518 -0.031267166 -0.022970902 
-0.01992413 -0.08295274 0.0020383194 
0.040724415 -0.021984156 -0.013499373 
0.07350909 -0.052488457 0.022131868 
0.025106886 -0.039615452 -0.059326556 
-0.067439854 0.04305215 0.00878496 
-0.020913532 -0.017024098 -0.0114281215 
0.10682598 0.09952643 0.114368804 
0.0024947692 0.10069088 0.08741089 
-0.007997034 0.04411727 0.03768204 
0.021880344 0.025912188 0.03597909 
0.061724607 0.028303377 -0.06628767 
0.0018976615 0.0011152737 -0.033862557 
-0.24187565 -0.15362614 -0.268208 
-0.19967541 -0.24807788 -0.22507726 
-0.295075 -0.28313112 -0.29713425 
0.058640238 -0.010592462 -0.06783872 
-0.006449977 -0.047073036 -0.04553621 
0.045767576 -0.012304587 0.028674033 
0.0810833 -0.103840016 0.02387469 
0.06605478 0.02162582 0.087151326 
-0.059371326 -0.10621972 -0.039501123 
-0.031133207 0.06407299 0.0015454777 
0.010635954 0.015205455 0.036114533 
-0.06380236 -0.020850854 -0.07049242 
0.04959132 0.019101785 0.045629904 
0.01040821 -3.0028661e-05 -0.03654342 
0.05235582 -0.07063489 0.03355961 
0.015361674 0.012183039 0.059747774 
-0.008002151 -0.023346791 0.04545852 
-0.06934618 0.040000044 -0.017295217 
-0.110087715 0.008550521 0.058700036 
-0.08442934 -0.00971035 0.038029265 
0.04650652 0.07434449 0.11626498 
-0.048715495 -0.03889016 0.0006192307 
-0.02220482 0.10813458 0.055004764 
0.03122762 0.23999467 0.27263144 
-0.19664274 -0.1323967 -0.009567267 
-0.067639224 -0.06421302 -0.12158152 
-0.044808313 -0.05691133 -0.15307029 
0.06188767 0.021277023 -0.0081079705 
0.019567769 -0.055571593 -0.0011605687 
0.0063256635 0.06137069 -0.050486617 
0.023077702 0.038917836 0.023059443 
-0.022785986 -0.009646569 0.04129377 
-0.01462328 -0.054856922 -0.007051086 
0.012532644 -0.029217457 0.0654644 
0.09805545 0.09188431 0.00010134049 
0.20580783 0.0866287 0.16710691 
-0.0017529889 -0.024799423 0.04011447 
0.06531386 -0.05230713 0.08151312 
0.051319934 0.052332997 0.031277906 
-0.07401525 0.0074843857 -0.04152487 
-0.03933581 -0.036302738 -0.06209574 
-0.006143587 0.013335167 -0.057989657 
-0.07475096 -0.053660586 0.05586542 
-0.10917596 0.09244349 0.09552612 
0.05484122 0.10556384 0.1409664 
-0.2152018 -0.19468376 -0.22320643 
-0.13634352 -0.09549195 -0.11997508 
-0.18323481 -0.079621084 -0.14118882 
-0.05658902 0.029719144 -0.044337247 
-0.022033561 -0.04438006 -0.084099375 
-0.009458246 -0.10195063 -0.04633775 
-0.06514032 -0.046151496 -0.019767668 
0.034531534 -0.026457842 0.04504586 
0.021512218 -0.013555173 0.06327211 
-0.042733453 -0.050065607 -0.038349673 
0.060864594 0.0040750983 0.064026065 
0.15559794 0.13753709 0.14842874 
-0.144907 -0.12653841 -0.103641786 
-0.10333582 -0.042610556 -0.11361367 
-0.040746484 -0.068731524 -0.065667234 
-0.009574826 -0.043314908 -0.040310256 
-0.015028286 -0.09958278 -0.057828728 
0.09656777 0.016965669 -0.007358617 
-0.030483663 0.03242164 0.04777989 
-0.03394822 0.04090746 0.03225445 
-0.030337404 -0.067720115 -0.050000187 
-0.11291979 -0.08014598 -0.10548076 
0.0056475443 -0.07340091 -0.061136495 
0.003785858 -0.010499753 -0.005460973 
-0.07464158 0.051877677 -0.01620296 
-0.026675966 0.075752586 0.0511167 
0.018857837 0.14060017 0.12961148 
0.11075876 0.0071277665 -0.019640207 
0.13442913 -0.050355773 -0.045068767 
0.19093949 0.1267647 -0.025793599 
0.06043503 -0.019476516 0.048363224 
-0.048239827 0.03329727 0.038857233 
-0.0234588 0.06532916 -0.067474425 
0.055519592 -0.051160287 -0.043589417 
0.065762594 -0.026182653 0.03463285 
-0.0017727639 -0.061964393 0.0023344075 
-0.04115818 0.053268384 -0.008150577 
-0.052047577 -0.030768175 -0.0064068255 
-0.065474235 0.023851903 -0.06987425 
-0.060253732 -0.049711645 0.048939303 
0.05769585 0.0685659 -0.0008298541 
0.020654103 0.016727349 -0.009955653 
-0.008743523 -0.005391369 0.0028509472 
0.010005378 -0.02374883 -0.005652369 
-0.09988677 -0.059052218 -0.028494056 
-0.03478757 0.027221551 -0.069848664 
-0.083635174 -0.016768496 0.04620167 
0.002882688 -0.024503341 -0.015682068 
0.07184572 0.0005576902 0.04754828 
0.022366688 -0.024922179 -0.010504582 
-0.00022511047 0.076729156 0.07850608 
-0.006155925 -0.016812738 0.05572163 
-0.030458696 -0.026704263 -0.014947753 
-0.014388984 0.054936692 -0.04540379 
0.10848763 0.016952945 -0.0033477736 
0.035720486 0.0054342817 -0.04033407 
0.007677734 -0.090194315 -0.0963201 
-0.04402415 0.055140097 0.025313798 
-0.008611942 -0.026348485 -0.0800376 
-0.023960998 0.0076710857 0.06903071 
0.09911489 0.056353185 0.017953226 
-0.08182641 -0.03493527 -0.07706317 
-0.0029620465 0.011139066 0.10702566 
-0.11769503 -0.09336266 -0.07217244 
-0.041961752 -0.012935241 -0.02873828 
0.052777413 -0.00897066 0.05052619 
0.061254498 -0.033214375 -0.019549107 
0.1062227 0.048301626 0.12990586 
-0.022581773 -0.047952726 0.06805072 
0.0019548356 0.07341215 -0.007834374 
0.049313057 -0.04943534 -0.0041121147 
0.031899437 0.07325975 -0.06012578 
0.061440744 -0.022381362 0.044300213 
-0.04951823 -0.021568343 -0.055625066 
0.027926426 0.02271323 -0.013371895 
-0.07436269 -0.035075203 -0.0748529 
0.015726913 0.07497646 0.055836488 
-0.07030878 -0.07362134 -0.078215376 
-0.062800005 -0.07610334 0.015615952 
-0.024085917 0.020709356 0.044649765 
0.047785446 0.024541738 -0.01864425 
-0.052517164 -0.09464187 -0.036376055 
-0.09708506 -0.06478936 -0.068868384 
-0.12570271 -0.06692191 -0.032955747 
0.05053868 -0.047045104 0.040933583 
-0.007628508 0.06414552 -0.02406564 
-0.06603263 0.046746336 -0.05725925 
0.15264711 0.13769142 0.1493531 
0.10096016 0.08120028 0.015691675 
-0.05776903 -0.02252449 -0.089267194 
0.05152991 -0.008086901 -0.04739844 
-0.0637882 -0.020897638 0.027835118 
-0.07472737 0.038342223 0.033061896 
0.0021937815 -0.043672632 -0.008080528 
-0.07143807 -0.017231055 0.029244466 
0.075237855 0.043295916 0.072546385 
0.025438247 -0.057934325 0.043197565 
0.06371187 0.015441826 -0.039137468 
-0.05181253 0.04684971 0.02401876 
0.04583973 -0.018286413 0.07002311 
-0.0060707005 0.027246458 0.0485873 
-0.048391636 -0.039150026 -0.03337363 
0.044294786 -0.060741067 -0.022986552 
0.03826741 0.01417782 0.05155115 
0.017919363 -0.02019613 0.040526286 
0.05266393 -0.03227872 0.0060762763 
-0.0067727934 -0.07153051 0.010042353 
0.098261684 0.031276047 -0.06702828 
-0.0879788 0.029723195 0.09422947 
-0.11233517 0.00064233807 0.04645994 
-0.11221293 0.035311986 -0.013280253 
0.15859993 0.08995151 0.0151235815 
0.1403873 0.105308875 0.014683038 
0.05947176 0.033545636 0.083036974 
0.050646383 -0.015169569 0.06554121 
0.0036608928 0.021265524 0.021548554 
0.06469016 0.019706694 -0.018733006 
0.060690567 0.008758965 -0.054926455 
0.03105475 -0.06308515 -0.03816553 
-0.03669995 0.021592114 -0.053971898 
-0.06710182 -0.037605684 0.033832174 
-0.0048747947 -0.038768753 -0.012424886 
0.03286208 0.0003907523 -0.01844581 
-0.111973986 -0.08691485 -0.041515026 
-0.0024940276 -0.0022182579 -0.010760225 
-0.045626897 -0.02906837 0.016467532 
0.12893392 0.021762729 -0.040712986 
0.097384885 -0.0054837596 0.013941187 
0.026577717 -0.007501595 -0.03255744 
-0.033566784 -0.007970249 -0.08629906 
0.021031892 0.045313463 -0.07507419 
0.09836321 0.0513773 -0.076557286 
-0.010236957 -0.0541203 -0.03248577 
0.036617503 -0.05829356 -0.042302236 
-0.011566714 0.03692299 0.074110314 
0.01613704 -0.010767817 0.039987076 
-0.0010724697 -0.021514973 -0.06890565 
0.053942855 0.051516935 -0.050235525 
-0.037120115 0.065648474 -0.020842144 
0.039652787 -0.064044476 0.049751073 
-0.057281874 0.030216293 0.010809632 
0.09481869 -0.060229328 0.004840231 
0.07338781 -0.07089755 -0.09950767 
0.08528393 -0.02660061 -0.08820862 
-0.07235491 0.0074445275 0.01440027 
0.041029885 0.022084218 -0.04944976 
-0.050723176 -0.024830623 0.03446659 
-0.071767434 0.13387783 0.15197276 
-0.069391966 0.058906727 0.06987104 
0.017213283 -0.05797502 -0.024885254 
-0.03707893 -0.04284208 -0.04688058 
0.061873216 0.02595755 -0.020796098 
0.007037394 -0.059204966 0.013894557 
-0.041941952 0.017103186 0.0055106054 
-0.07630323 -0.02082434 -0.070757836 
-0.06869394 -0.06372663 0.013732055 
-0.07704502 0.0134324655 -0.054427553 
0.03612675 0.0058066463 0.028733574 
0.058212455 0.021335125 -0.06250273 
0.09203619 0.04534982 -0.102186546 
0.12734024 0.0607413 -0.042032816 
0.021449218 -0.07853325 -0.06668232 
0.038323686 -0.02293865 0.014096361 
0.0069398526 0.014136597 -0.027811574 
0.04482815 0.032583676 0.058418795 
-0.06852967 -0.024773154 0.044164147 
0.037915576 -0.019867893 0.06910377 
0.03190718 -0.06353958 0.064305305 
-0.040902484 -0.051127046 -0.062193137 
0.007042728 0.04760146 0.0066496213 
-0.02561192 -0.059569314 -0.033294175 
0.12307478 0.002234877 0.0042417566 
0.038425345 0.06410247 0.03210818 
0.0647523 -0.033333216 0.03684594 
-0.027763363 -0.040522072 -0.04164428 
0.060672633 0.051288888 0.007429532 
0.057707332 0.007597182 0.09996433 
0.11350497 0.053113773 0.07464701 
0.10621397 0.061326332 -0.010392784 
0.10870678 0.06929309 0.08554597 
-0.057178974 0.04825458 -0.01586572 
-0.055303615 -0.008058325 -0.016548399 
-0.03583043 0.023052843 -0.0010099527 
0.018647753 -0.0377783 -0.037579484 
0.0041663586 -0.016743142 -0.008069462 
0.0096883755 -0.021458877 -0.044598114 
-0.036919292 0.050786696 0.03545283 
-0.030910097 -0.048340138 -0.06433609 
-0.010508274 0.042954136 -0.0029492641 
-0.053331893 -0.029573211 -0.00433635 
-0.038907755 -0.074544095 0.082537025 
0.086619034 -0.005313186 0.052568283 
0.08751928 0.0179268 0.010067651 
-0.06429257 -0.16842847 -0.14082657 
-0.19335078 -0.16727264 -0.17547986 
0.21290138 0.13247855 -0.033145454 
0.050012723 0.04559604 -0.0646602 
0.04036572 -0.036189433 -0.10536085 
0.013338409 -0.04724185 -0.0038206857 
0.07852788 0.00044652773 -0.05726925 
-0.042398933 -0.021588016 -0.06021438 
-0.07544842 -0.026257006 -0.027910078 
0.0016180577 0.020977208 0.028984364 
0.030200882 -0.059156198 -0.100061394 
0.036903214 -0.0071649686 0.03605065 
-0.06481092 -0.0004198466 0.04582702 
-0.050516322 -0.028079476 0.027724937 
0.18414918 0.17505825 0.068177596 
-0.015238743 -0.012871484 -0.02171308 
0.043786503 0.04513978 -0.094167665 
-0.062060665 0.009316721 0.024149003 
-0.0025645504 -0.0155433975 0.016253347 
0.02853749 -0.016114078 0.012043226 
0.09507325 0.06661248 0.14276178 
0.058097195 0.102135696 0.048311885 
0.07093925 0.10005637 0.016283993 
-0.06978092 -0.006113003 0.0078053423 
-0.029838072 0.003516195 -0.006871728 
0.016997708 0.05761042 0.06283379 
0.043221 -0.07924476 -0.06826711 
0.045203708 -0.10056487 -0.08948991 
-0.076845095 -0.05136227 -0.18010259 
0.044073593 0.012248595 -0.06491498 
-0.014841271 0.056221563 0.019339442 
0.028516928 0.03343615 0.011371935 
-0.027119102 0.15890874 0.15488435 
-0.06662491 -0.00918391 -0.0019933907 
-0.060126815 0.018317442 -0.030296538 
0.05702133 -0.06499065 -0.0013988339 
0.069888555 -0.05621574 0.01520409 
-0.0072164885 -0.06043145 0.026700819 
-0.054441497 0.054372523 -0.035228655 
-0.0005045574 -0.013136573 0.05010043 
0.0579999 0.04612656 0.06500326 
-0.017311519 0.04360113 0.059230026 
0.039172128 0.05602344 -0.061835125 
0.057104375 0.05928541 0.063435994 
0.006052046 0.006333332 0.12776718 
0.00050830864 -0.04266237 -0.034034554 
-0.01300476 0.029780416 -0.06699817 
-0.06625703 0.04717264 0.08502397 
-0.021908512 0.016198982 0.09601718 
0.05073403 0.05440187 0.14197817 
-0.11672157 0.09829837 -0.038769733 
-0.042779587 0.012072303 0.049767595 
-0.09262776 0.064536385 -0.010020872 
-0.06010583 -0.023158938 -0.0708803 
0.002381411 -0.103350915 -0.0837235 
-0.07203433 -0.0025661774 0.0009609002 
-0.07347734 -0.05241192 -0.072570734 
0.03907524 -0.012866157 -0.059307378 
-0.038712587 -0.073369265 0.020204386 
-0.010747282 -0.084209725 -0.010614633 
0.01957554 -0.06697212 -0.03546702 
0.21338148 0.027456807 0.11352616 
-0.048466273 -0.022061927 0.01710253 
-0.07989537 -0.039024357 0.07124773 
-0.033879746 -0.05893933 0.0248924 
-0.20027263 -0.20089641 -0.22225037 
-0.12551099 -0.21745805 -0.18673825 
-0.20687927 -0.073530816 -0.15113692 
0.11332183 0.012011999 0.06273933 
-0.054560732 -0.009820402 0.019213581 
-0.038470734 -0.11877597 -0.026118135 
-0.043041963 -0.09764945 -0.05631277 
-0.05770098 -0.03686316 -0.1119093 
-0.05860716 -0.13317956 -0.104659125 
-0.042402577 -0.0032814422 -0.09507403 
-0.040897895 0.024666311 -0.007765945 
-0.07717965 -0.024117509 -0.103936344 
0.007736298 -0.028472694 -0.016709741 
-0.0060418257 -0.012702615 -0.02419778 
0.06315053 -0.011925069 0.016609527 
0.048686627 0.11331569 0.029802911 
0.04903101 -0.06587208 0.05929178 
0.08977522 0.06613081 0.020344827 
-0.09491447 -0.028090961 -0.15275815 
-0.10679321 -0.17579259 -0.08351414 
-0.16458446 -0.10965076 -0.10345745 
0.1120714 0.16108176 0.15001492 
0.04572095 0.05542625 0.10676833 
0.11843102 0.061706264 0.04766033 
0.0036369707 0.021711063 0.032610357 
-0.07816518 -0.061335925 0.019224068 
0.030254828 -0.047877327 0.032960016 
0.016298674 -0.0578443 -0.00056696765 
0.03738034 0.0018512215 -0.065351464 
-0.10285751 -0.09388892 -0.1500632 
0.050487842 0.030260708 0.06450863 
0.032110583 -0.06660546 -0.0031290308 
-0.03340191 -0.057792973 0.0627735 
0.060084052 -0.015507017 0.048048377 
-0.051220015 -0.15429541 -0.09248183 
0.11292546 0.042035498 0.09877632 
0.039148998 0.0042471 -0.029921176 
-0.06797491 0.017778452 0.036045384 
0.03356881 0.025596783 0.0355658 
0.006673892 0.02730631 -0.046197984 
0.023048537 0.014317868 0.040464133 
-0.011621754 -0.0061194715 0.0030508952 
-0.013175091 -0.0089023905 0.04412738 
0.070111945 0.0036552616 -0.064666905 
0.0004876162 -0.032689 0.03021777 
-0.004153931 -0.050903242 0.01740771 
-0.025834015 -0.031488787 0.03790903 
0.088194795 -0.022581318 0.012349619 
-0.004175681 -0.033077776 -0.0032082752 
-0.0073389066 -0.024910131 -0.029830495 
-0.081595615 -0.018289685 -0.059438415 
-0.038807176 0.047323737 0.03866529 
-0.063756555 0.04892014 0.034439825 
-0.048145548 -0.06642793 -0.028068513 
0.017370138 -0.037854325 -0.062365267 
-0.044751473 -0.053572144 0.02150716 
-0.01954052 -0.049445506 -0.0010339604 
0.01298296 0.053960662 0.056474652 
-0.058117375 0.045491744 0.0035137078 
0.048898708 0.04703072 0.060050808 
-0.06278711 0.027298335 -0.05519567 
0.050308578 -0.045334965 0.010341149 
-0.024318952 0.0075399866 -0.01685156 
0.06452703 0.080382034 0.040308844 
0.06661405 0.051971726 0.117587216 
0.08100942 -0.039123468 0.033845358 
-0.09905423 -0.017989267 -0.07961671 
-0.14502653 -0.02978379 -0.046113785 
-0.20230788 -0.15211546 -0.051784817 
-0.04005341 0.014023516 0.018033197 
-0.030615374 0.029902427 -0.023721049 
0.04303757 0.084834926 -0.05269703 
-0.08132107 -0.060837124 -0.08644119 
-0.11701505 -0.11683204 -0.12341359 
-0.0889707 -0.1389983 -0.13519356 
-0.0429745 -0.05919126 -0.07344563 
-0.011896938 -0.00069068436 0.011086221 
0.002667099 0.014631533 0.02249139 
-0.035148855 0.010144442 -0.034717042 
0.00923895 0.00017506984 -0.065073624 
0.06612339 0.04053126 -0.058102135 
-0.065546736 -0.13556658 -0.14102912 
0.06301446 -0.06302423 -0.00026873077 
0.114309266 0.10001067 0.07806484 
0.019110756 0.015708635 -0.08743846 
-0.0458854 -0.0024715695 0.042415433 
-0.033358946 0.018042153 -0.08887791 
0.07404635 0.032167938 0.017784422 
-0.029202498 0.035714865 -0.07553414 
-0.12133824 -0.087463215 -0.031174574 
0.006562668 0.06965238 0.0127877565 
-0.00027708293 -0.05216341 -0.047332503 
-0.047442798 -0.025570134 -0.071285434 
-0.015339503 -0.023503013 -0.0045297393 
-0.13047603 -0.04506251 0.010594723 
-0.11702666 -0.13609886 -0.035408996 
-0.024787609 -0.04530609 0.03262005 
-0.046685625 0.015696235 0.049939677 
0.03580964 -0.009923866 -0.027915696 
0.18374923 -0.03463165 -0.056630347 
0.17536485 0.079179294 -0.007886644 
0.30781153 0.22073995 0.061164856 
0.049018122 -0.05119148 -0.022167355 
-0.012110691 0.064490035 -0.049902588 
0.05090356 0.035041135 -0.06055138 
-0.012914739 0.023879936 0.04814135 
-0.059553016 -0.024980104 -0.055144623 
-0.01857647 0.06790224 0.0198592 
-0.00621332 0.011176665 -0.018745858 
0.033616196 0.045781635 0.043009255 
-0.019406432 0.02631444 0.057933554 
0.0064510778 0.0908506 0.036495578 
0.020262944 0.00369302 -0.046303764 
-0.08112371 -0.059795886 -0.14055188 
-0.025358193 -0.055037778 0.018649943 
-0.014296642 0.030945437 -0.041497823 
-0.09077213 -0.086318426 0.03879143 
0.05114412 0.14590368 0.06051541 
0.09874336 0.050765295 0.076639995 
0.14467917 0.050321218 0.069791935 
-0.07232915 -0.016716436 -0.054606814 
-0.059125025 0.035218585 -0.0665381 
0.030902268 0.031065451 -0.07454114 
0.03497822 -0.06469228 -0.062113374 
-0.016993294 -0.031779226 -0.05396711 
0.0055431053 0.05811541 -0.022318006 
0.08333042 0.14437844 0.1082308 
0.06566707 0.11566401 0.06582999 
-0.095741645 -0.04373783 -0.08961326 
0.031534802 0.062234834 0.010140197 
-0.075447895 -0.100317515 -0.034891114 
-0.11392958 0.0039573996 0.016468143 
0.013924291 -0.07413902 -0.13291934 
-0.06960548 -0.0371391 -0.1259266 
-0.07246632 -0.040214613 -0.13559903 
-0.022600163 -0.0084111495 0.010275309 
-0.052930247 -0.10613452 -0.056728087 
-0.017636906 -0.13338642 -0.13271587 
0.058675658 0.047740024 0.04108029 
-0.009102588 6.395546e-05 -0.0008839188 
0.019001575 -0.045707867 -0.006936722 
0.02372043 -0.015255345 0.015041927 
-0.02100461 0.004112698 0.03318248 
0.01304987 -0.031755213 0.053105444 
0.057913158 0.066063866 -0.0073448154 
0.016333206 -0.054365736 -0.053357124 
0.042656247 -0.018581012 -0.04059558 
0.00074064214 0.0017930191 -0.042854663 
0.069987915 0.021815741 -0.05637461 
-0.05890332 -0.07909934 -0.07486503 
0.027131801 0.013567868 0.004586525 
-0.049005594 0.028404683 -0.036894407 
0.07655595 0.049544655 -0.015012095 
0.11423455 0.07986607 0.06423742 
0.15072477 0.09302215 0.106129274 
0.11741687 0.10925234 0.07368175 
0.0058065765 -0.062233727 0.02537536 
0.047021557 -0.016971758 -0.015116874 
0.07906815 0.039331138 0.005646219 
0.092759356 0.11404063 0.010130591 
0.12446359 0.06918038 0.07441011 
0.016553544 0.068159245 0.070468545 
0.04354486 -0.05167154 0.026862774 
-0.08819811 -0.03165458 -0.110175066 
-0.12756638 -0.13209607 -0.08520409 
0.06573711 0.046709966 0.056562193 
0.09660272 -0.00014845488 0.028856808 
0.07543507 0.07832328 0.027582582 
-0.055140197 -0.025937585 -0.04517834 
-0.027796417 -0.00840639 -0.05310001 
-0.004606247 -0.02930422 -0.04256742 
-0.054697327 0.004409902 0.05604464 
0.065740645 -0.029314436 -0.022008555 
0.033531293 0.0042406735 0.0010185583 
0.0178713 0.029425805 -0.0088554025 
0.04499543 -0.020243267 0.00088212034 
0.011673313 0.048646454 -0.033019606 
0.006830611 0.065482646 -0.0074506383 
-0.052579973 -0.009398368 -0.013074451 
-0.055630185 0.06479743 0.053632 
-0.058058653 -0.048066 0.04869801 
-0.059810836 0.036665477 -0.039968774 
0.05839271 -0.016903626 -0.012171869 
0.059130494 -0.0012439447 -0.017367145 
-0.055291627 0.080233224 -0.08339238 
0.06079055 0.09202544 -0.0551828 
0.031226296 -0.067447364 0.06569303 
-0.0016361899 0.028163953 -0.06847325 
-0.038566895 -0.063662864 0.0018976401 
0.021070996 -0.004992148 0.0590222 
-0.055170745 -0.0663318 0.05915393 
0.066217266 -0.023195207 0.064695716 
-0.04506018 -0.06432279 -0.030008923 
-0.06238659 0.0027519239 -0.027774395 
-0.061005928 0.03753489 -0.009452882 
-0.054252945 -0.028973535 -0.060500275 
-0.061140765 0.014238922 0.071938135 
0.02977885 -0.020478642 0.045873288 
-0.04973474 0.04571895 0.005176658 
-0.03769455 0.050256345 0.0014203455 
-0.05158118 -0.03803273 0.030213444 
0.048647396 0.06630975 -0.008706758 
-0.04058385 -0.043175228 -0.037355326 
0.04940551 0.027223203 -0.010659471 
0.024719322 0.055808246 0.060843084 
-0.04444948 0.046964396 0.044985466 
-0.023957282 -0.075969905 -0.014339378 
-0.0605804 0.0036278558 0.044696245 
0.038504016 -0.013947708 -0.007848872 
0.029726442 0.049866945 0.03510694 
-0.05958264 0.03977411 -0.06048234 
0.064682595 -0.008797033 0.014268909 
-0.054460254 0.032811437 0.0047156736 
-0.065501235 0.04985057 0.023651507 
-0.05288949 -0.031527463 0.031381026 
-0.03371642 -0.06588293 0.065657735 
-0.03429831 -0.032683782 -0.026976155 
-0.044279046 -0.017568901 0.008421288 
0.0305884 -0.008926721 0.0139860725 
0.052561138 -0.07907803 0.07907643 
-0.015135418 -0.03886459 0.10656147 
-0.03958151 -0.010625614 0.06328048 
0.022195905 -0.037546977 -0.010957923 
-0.048099738 0.04519343 0.038727365 
0.04128429 -0.041634314 0.0028329196 
0.052447543 -0.018458553 0.06997059 
0.0026887327 -0.014937492 0.029732004 
0.051124346 -0.036129817 0.04080621 
0.052063234 -0.031594045 0.00746588 
0.05594103 -0.05245191 -0.0516386 
-0.007892404 0.014222029 0.069588065 
-0.0022750704 -0.019752886 0.028151607 
0.046982624 -0.08253446 -0.038107302 
-0.07734237 -0.07402536 0.019526895 
0.010179318 0.0017729369 -0.013262912 
0.070017256 0.06081442 -0.060476635 
0.0044553597 -0.046468314 0.028442435 
-0.047528934 0.069506496 -0.04883105 
-0.042654634 -0.05421161 0.0050530448 
0.024063146 -0.027953923 0.022553049 
-0.06198414 0.03527177 -0.06640015 
-0.06354607 -0.030334024 0.040087607 
-0.0067198123 0.017945904 -0.023659848 
0.064775586 0.008417238 -0.008235688 
-0.016454885 0.057770755 -0.005062149 
0.009552038 0.012236749 0.048741017 
0.065644525 -0.058976945 -0.061020195 
-0.07176016 0.04933298 0.027148305 
0.034730587 0.0050947503 -0.063698255 
-0.042801592 -0.02051887 -0.061348263 
0.043619763 0.010030677 -0.059856903 
0.0008496875 -0.04766399 0.011793048 
-0.047202628 -0.020142434 0.019520333 
-0.053678 -0.02103434 -0.02412962 
0.054657623 0.040222544 -0.011211362 
-0.04606773 -0.05719482 -0.044024643 
0.022163207 -0.0009185131 -0.04260278 
0.013064021 0.065125585 0.012187707 
-0.0017231868 -0.011635847 -0.061166607 
-0.033533063 -0.050258376 -0.010534741 
-0.06528685 -0.060002506 0.02334547 
-0.04652238 -0.027468793 -0.047352444 
-0.05367475 -0.033257023 -0.030998241 
-0.04288386 -0.06209426 -0.047406383 
0.03232081 0.013889059 -0.056921955 
-0.04803777 -0.06541986 6.448067e-05 
-0.05155795 0.042219345 -0.039205886 
-0.0068727825 0.04989041 -0.062352255 
0.04573544 0.0385562 -0.045883857 
0.00032607504 -0.028253103 -0.010287218 
0.026166208 0.0134473285 0.0129504185 
0.037745547 -0.06279338 0.04392692 
-0.05356972 0.03884483 0.017147878 
0.04967813 0.02205512 -0.021993501 
-0.04062282 0.058750186 0.057689004 
-0.0638321 0.04911317 0.017876714 
-0.06764881 -0.03506109 -0.06569703 
0.043470953 0.035931524 -0.051839564 
0.061160613 -0.030291362 -0.065104075 
0.035505913 0.04887786 0.011554498 
-0.051445562 -0.07096519 -0.01689377 
-0.029518602 -0.049744487 0.025957702 
0.03347529 -0.026718711 0.0583414 
0.04448389 -0.041808873 -0.06681081 
0.030339353 -0.053825706 -0.04909614 
-0.019924857 0.017545614 0.034558963 
0.05350446 -0.03826188 0.04749084 
0.039031476 -0.01271122 0.010885449 
-0.001462119 0.02875283 0.024150677 
0.0385416 0.03741485 -0.061238647 
-0.05647694 0.023125526 -0.054843836 
0.03412294 -0.0660334 0.0721519 
0.047784366 -0.028711284 -0.009079637 
-0.0007834376 0.041830983 -0.035730273 
0.049624484 -0.0068553863 -0.026569875 
0.010712107 -0.046978444 0.039958905 
0.02956554 -0.057206057 -0.031267285 
-0.059394203 -0.06848687 0.042231575 
0.04766028 -0.07636902 0.059593964 
-0.030724535 -0.011440323 -0.029878313 
-0.019110927 0.051680822 0.06040367 
0.05758682 -0.04978944 0.06470382 
0.044699185 0.032366674 -0.042463824 
-0.05281448 -0.016647154 -0.007745803 
-0.061957825 -0.003458545 -0.04468422 
0.06648447 0.04698178 0.045220606 
0.05318005 -0.007305974 -0.017747354 
-0.029853666 -0.049339987 -0.003113766 
0.025519168 0.06517457 0.018104065 
-0.0073771006 0.048323918 0.023179721 
0.008247267 0.040466316 -0.06738335 
-0.09494679 0.035328954 0.03769304 
0.012681021 0.04533272 0.034520324 
0.009482907 -0.015279571 0.010408798 
0.0804939 0.033121035 0.10838158 
-0.08370211 -0.09746693 -0.15683395 
-0.20821577 -0.15631202 -0.17140758 
-0.18395455 -0.085850924 -0.20974064 
-0.019669011 -0.09851125 -0.11054893 
-0.041386954 -0.08938914 -0.091482274 
-0.07300891 -0.0044903257 -0.02620652 
-0.054415237 -0.027227633 -0.019288335 
0.053002816 0.01648106 0.033006694 
-0.027986784 -0.05514631 -0.0046917074 
-0.03597265 0.031028738 -0.008721962 
0.0057226773 0.03165465 -0.07979217 
-0.047448102 -0.08802457 -0.0037739063 
-0.042535387 -0.025249647 0.02249687 
0.014930521 0.0040315674 0.061919566 
0.119175255 0.12520012 0.15930595 
-0.31026596 -0.2801043 -0.24073444 
-0.22058798 -0.29133862 -0.2940166 
-0.23740052 -0.23286976 -0.18357834 
-0.038490612 -0.028773153 0.09571275 
-0.07540948 -0.011270077 -0.019947622 
-0.07792824 0.021361828 0.023593178 
0.13250227 -0.013582945 -0.033801243 
0.00031805373 0.010163553 -0.10885046 
-0.1598884 -0.10060298 -0.17274158 
0.012279359 -0.057413608 -0.04991653 
-0.07190927 -0.03162806 0.035487518 
-0.010823626 0.006831221 -0.10476966 
0.058115084 0.03404958 0.011422778 
-0.052048776 -0.0036216485 -0.037832938 
-0.02537311 -0.0058449134 0.06980788 
0.059841186 0.0070884214 0.11446866 
-0.08946868 -0.031762436 0.020738821 
0.012723381 -0.008980587 -0.050032727 
-0.12851305 -0.12250695 -0.1307508 
-0.12222993 -0.102002084 -0.02633061 
-0.07984401 -0.14788212 -0.14630336 
-0.15273006 -0.1805861 -0.15600233 
-0.2403784 -0.3004812 -0.21031356 
-0.22274762 -0.31762725 -0.2666568 
-0.07730593 0.04373921 -0.040609647 
-0.01924823 0.014174643 -0.067110665 
-0.05830205 -0.024613157 -0.06137595 
0.017350592 -0.064739995 -0.042061877 
-0.06926672 -0.014684812 -0.06664639 
-0.120397046 -0.15870991 -0.13385968 
0.008778059 -0.04825425 0.02387634 
-0.040400922 0.018671615 0.043617886 
0.037602022 0.045240123 0.046701048 
0.016326308 0.041204546 0.04046775 
-0.04774237 -0.02980573 -0.056453813 
-0.022730362 -0.0047199903 0.051620707 
0.06970974 0.017198179 -0.005179112 
0.035063833 0.0013133925 0.064924955 
-0.050078344 0.035531864 0.035847034 
0.060248658 -0.038442012 0.005504053 
-0.05712225 -0.02412207 -0.022360848 
0.021922678 0.0051155463 0.014066181 
0.034047868 0.0037506963 0.038503077 
-0.05473944 0.055116147 -0.06257971 
-0.008023416 0.043765943 -0.053691696 
-0.036628794 0.0071957274 -0.07065977 
-0.068178825 0.02844717 0.016912328 
-0.069660135 -0.05218357 0.022674913 
0.003955429 -0.041513752 0.00546506 
0.027041819 0.035395384 -0.012411734 
0.04840352 -0.012299653 -0.08448424 
0.1484098 0.13938272 -0.05101273 
0.025511514 0.03884148 -0.06400968 
-0.004908947 0.014177723 0.01752997 
0.050569803 0.036739856 0.024014829 
0.081323564 0.03394736 -0.033612035 
0.07471775 0.06342928 0.005580203 
-0.024869727 0.060433142 0.013026714 
0.0048307935 -0.01909647 -0.004290824 
0.018691316 0.0719255 -0.0052838656 
0.03205159 0.044775363 0.019121999 
0.1267076 0.076877534 -0.040368356 
0.09800043 0.012480011 -0.055907287 
-0.08330641 -0.013040646 -0.02270186 
-0.025594955 -0.06347631 -0.010422243 
-0.09644338 -0.049433917 -0.032906022 
-0.014345035 0.09409005 0.13105036 
0.08978379 0.13951539 0.03225115 
0.06789459 0.008129933 0.046709016 
-0.05324228 -0.12388128 -0.104445204 
-0.01680494 0.045669 -0.02095569 
-0.014522596 0.078151055 0.037366826 
0.0067167436 -0.029656148 0.0044153845 
0.0027897232 -0.047118723 0.013736318 
-0.067428134 -0.061342094 -0.001440192 
-0.04413435 -0.060729828 0.05073292 
0.024795223 0.038601007 0.011352945 
-0.08355667 0.006258736 -0.02323341 
0.03414042 0.041737605 0.024301236 
0.04702336 -0.030703966 0.04182326 
-0.07073667 -0.024166755 -0.059765123 
-0.07884448 0.0027231304 -0.046783086 
-0.03285344 0.11409321 0.030251559 
0.08445963 0.1506747 0.16475998 
0.06230868 0.036827184 0.017247822 
-0.007821989 0.017157398 -0.03217789 
0.013633384 0.02345122 0.04052039 
0.14196783 0.18523909 0.13639484 
0.16083199 0.117983006 0.07863123 
0.14214528 0.109786406 0.12356369 
0.05003852 0.055370204 0.027173249 
0.07077523 0.07199948 0.0019165545 
-0.020813456 0.034952268 0.018159844 
-0.0548608 0.023982555 -0.01787695 
-0.07000629 -0.11045781 -0.13746947 
-0.0798883 -0.15685889 -0.1107534 
-0.030131316 0.03797217 0.015395116 
-0.069908895 0.054231793 0.019882156 
-0.03853301 -0.050513986 0.0049076816 
-0.1653328 -0.089879364 0.05558689 
-0.091887094 0.060867693 0.13847838 
0.012944364 0.14829093 0.18958226 
0.010901842 -0.008999018 -0.029999277 
-0.0056965197 0.060872696 0.04094061 
0.046696596 -0.011819652 -0.05094389 
0.03080937 0.0029559159 -0.028841447 
-0.02096855 0.021664312 -0.00071503595 
-0.03058254 0.042828795 0.05362633 
0.020480422 0.05868481 0.036246765 
0.0035684179 -0.057491977 0.036180865 
-0.0018886676 -0.027556982 -0.05481174 
-0.060994282 -0.028981032 0.10887871 
-0.025286408 -0.06369998 0.02389758 
-0.08480307 -0.026391434 0.03403659 
0.013439993 0.032390725 0.15540045 
0.081653826 0.012417784 0.040407933 
-0.036785215 0.052229717 0.017193154 
-0.09642582 -0.0217309 -0.03999479 
-0.022191657 -0.07075078 -0.092894055 
-0.080696575 -0.046296854 -0.03961035 
0.005847834 0.052981853 0.0777914 
-0.024771923 0.0042224983 0.049687013 
-0.010109723 -0.020414129 0.022095472 
0.047086183 -0.017767183 0.016226718 
-0.0421275 -0.054146938 0.0044967253 
-0.052000772 0.020504232 -0.029005053 
-0.08088115 -0.048017472 -0.050797917 
-0.04467736 -0.019537855 -0.002697503 
-0.07520173 0.01481575 -0.015232948 
-0.03465357 0.06588593 0.06391905 
-0.018346291 0.025774408 0.019393763 
0.035741314 -0.0400038 -0.11281972 
0.21522926 0.15653943 0.19662526 
0.21394497 0.10648605 0.12928326 
0.15220472 0.075681545 0.10262602 
0.069293596 0.06310942 0.07148976 
-0.0009952411 -0.06795426 -0.021143857 
-0.05585283 -0.12779981 -0.08035568 
0.079717435 0.124640785 0.18113932 
0.11432335 0.067695595 0.05795062 
0.04324687 0.10994986 0.12064821 
0.050678495 -0.00883406 0.06746264 
-0.013697174 0.03997123 0.09581579 
0.038917914 0.066433676 0.03036707 
0.023630997 0.012560357 0.015267792 
0.05259664 -0.007127728 -0.02320541 
0.045408748 0.052028958 0.02163631 
-0.04825296 0.038693927 0.06452997 
-0.02217045 -0.0060563404 0.056293935 
-0.07985782 0.058773726 -0.0029003231 
-0.016946496 0.03752876 0.08423016 
-0.05369117 0.012504902 -0.05779506 
0.010952933 -0.07386386 0.033518113 
-0.033186313 -0.10085569 -0.06658643 
-0.092453636 -0.17881389 -0.13966598 
-0.030974863 -0.17546362 -0.19704342 
-0.0556728 0.007218478 -0.040795576 
-0.0010561273 -0.06717161 0.049665038 
-0.019515814 0.022429986 0.021035345 
0.09777473 0.14678405 0.15279572 
0.1653095 0.06820154 0.13784981 
0.109434284 0.064776465 0.19352293 
-0.022045098 -0.013323834 0.10832374 
-0.0052023656 0.0062287245 -0.0064276783 
-0.05915692 -0.052401334 0.023953758 
-0.12772235 -0.06948038 -0.11866623 
-0.05000857 0.052484203 -0.035990305 
0.11190448 0.11302439 0.1713686 
-0.03972838 0.041550837 -0.005759386 
-0.06975451 0.020201532 0.0051501486 
-0.033448707 -0.06103993 -0.050925456 
0.06562201 -0.038914382 -0.031120343 
-0.0070776707 0.04374266 0.011767309 
-0.034653902 -0.014683289 0.020334538 
-0.051708978 -0.039221544 -0.034543317 
0.018973103 0.0028441704 -0.016611077 
-0.028845983 0.0059807915 0.023754913 
-0.059901256 -0.040277492 -0.058710568 
-0.04477621 0.008089639 -0.020135242 
-0.0020787802 0.03432018 0.004660593 
-0.046724927 0.025833467 0.031396333 
-0.004416104 -0.032439113 -0.06411855 
0.039118566 0.0074833436 -0.036174487 
0.067460924 0.019215975 -0.052276943 
0.066883616 -0.012455869 0.059277877 
-0.051747613 -0.015259697 0.020468175 
0.012363207 0.027042886 -0.047777787 
-0.06183434 -0.040784225 -0.043567322 
-0.05919976 0.010026392 -0.022431387 
0.03161187 0.0369468 0.031150063 
0.0100325765 0.015136859 -0.04364463 
0.006410546 -0.065143175 -0.042159803 
-0.039271973 0.007641339 -0.02423187 
-0.028845666 0.013396335 0.04310594 
0.052955747 0.019758755 -0.03527413 
0.06194941 0.059719972 0.04201718 
0.07895808 0.06629487 -0.0092942985 
-0.026706785 -0.054696888 0.055940006 
0.059037555 0.063225515 -0.042794462 
-0.018634383 0.11101243 -0.00030368572 
0.064726345 0.035442714 0.09521039 
-0.057669878 -0.06516491 -0.056230295 
-0.07407569 -0.03763465 0.028487494 
0.0384038 -0.039835483 -0.03361893 
0.038806997 0.010552057 0.06647129 
0.047898147 -0.07163545 -0.042898625 
0.035816003 0.020614142 -0.07719814 
0.05948184 -0.02219985 -0.07183591 
0.016326439 0.007109141 -0.05404512 
-0.017383996 -0.055737842 -0.016644452 
-0.053106535 -0.0042218184 -0.042279486 
0.05925449 0.03703822 -0.016252683 
-0.008846203 -0.06016023 -0.008318351 
-0.035209946 -0.019878406 -0.075180866 
-0.016640585 -0.0691607 -0.07523485 
-0.06328201 -0.06849142 -0.046434194 
0.04920702 0.05559235 0.04935209 
-0.0497427 0.03196932 -0.028855724 
0.024072902 0.04014245 -0.0044369646 
-0.010510322 0.042605422 0.10467602 
0.017099489 0.048308216 0.027212122 
-0.034015626 0.04399085 0.042213216 
-0.061245047 0.022753056 0.008514093 
-0.069416784 0.023060605 0.047101557 
-0.033842854 -0.020948796 0.045696802 
0.015937237 0.040016882 0.0119369095 
-0.05596443 -0.004492474 0.0025744506 
0.059475817 0.011485265 -0.07614472 
-0.077510335 0.044616695 -0.009453466 
-0.025641365 -0.03382085 -0.04973019 
0.05992569 -0.015704963 0.018923668 
0.015585695 -0.023487115 0.05909556 
-0.006656562 -0.005514159 -0.04707908 
-0.0084076105 0.014488726 0.028042126 
0.041944712 -0.044835128 0.05725375 
0.047959495 -0.015011945 -0.053426985 
-0.070214316 0.033465415 -0.035390083 
-0.06670851 0.051723637 -0.028945668 
-0.00013365445 -0.055428267 -0.021744953 
-0.048568077 -0.026279712 -0.061345488 
0.05778572 -0.021935385 0.018978557 
-0.005039822 0.009232659 0.028530523 
-0.070537545 0.057268295 0.010910031 
0.054840527 0.05740237 -0.08905759 
0.09892491 0.039411 -0.09297561 
0.06875106 0.06691208 -0.075361066 
0.07695328 -0.07025111 -0.16528666 
0.120500155 -0.09026728 -0.17031392 
0.12924995 0.023220051 -0.09796293 
-0.05885596 0.04935471 0.20801039 
-0.10515446 -0.046242163 0.105261154 
-0.09660974 -0.054439984 0.087911904 
0.005528911 0.02799326 0.049604308 
-0.04715841 -0.020152181 -0.04830851 
-0.04113041 -0.05719119 0.047183875 
-0.05681981 0.042105306 0.024473501 
0.032468602 -0.061648235 0.046248175 
-0.051800113 -0.030626284 0.020277265 
0.041676663 -0.010502515 -0.06978895 
-0.034094445 0.026500883 -0.064582966 
0.055196676 0.036083616 -0.019209947 
0.06302888 -0.025617799 -0.1204977 
0.056754153 -0.074401096 -0.047538266 
0.038329635 0.015707856 -0.09723093 
-0.0046239495 0.12934141 0.10093114 
-0.0231513 0.01793723 0.086442605 
0.11760032 0.017158525 0.05246235 
0.1144606 -0.019583138 -0.03905344 
0.061297566 0.019258503 -0.06304629 
0.09691835 0.03377038 -0.009201648 
-0.012131817 0.044447277 -0.0693153 
0.02559631 0.02131552 -0.059578117 
-0.06168039 -0.05256947 -0.084934555 
-0.013905673 -0.04816268 0.007288377 
0.030401172 0.054237686 -0.041613787 
-0.03950317 -0.08459796 -0.027268706 
-0.005368836 -0.03060851 -0.011339793 
-0.0048421733 0.05461334 0.050960325 
0.0095849745 0.0053911447 -0.024903862 
0.12404969 -0.08799838 -0.17825258 
0.054236736 -0.08418963 -0.17931743 
0.04370546 -0.009659508 -0.033848073 
-0.034474514 0.034565974 -0.038233362 
-0.03928644 -0.012183118 0.030165102 
-0.022171363 0.015721759 -0.0562958 
0.054978576 -0.034095634 -0.086298004 
0.05466946 -0.007885457 -0.009114577 
0.016236274 0.017051535 -0.09227904 
0.048547648 0.016886067 -0.021075696 
-0.038530007 0.005696823 -0.0019841462 
-0.054876093 -0.048973 -0.042063132 
0.047438037 0.026688963 -0.03421654 
-0.020989107 0.015058922 -0.059887953 
0.0262885 0.0103062065 -0.0910078 
0.088480644 0.024068732 -0.023789134 
0.053911567 -0.03303132 -0.14420143 
0.078605495 0.03505069 -0.0060215504 
0.0064828084 -0.10080119 -0.10735278 
0.09511366 -0.0032964295 -0.026223067 
0.089933984 0.036295887 -0.08576514 
0.063229196 0.04599684 0.03854859 
-0.012254779 0.068011545 -0.05985862 
0.060231913 -0.001003286 -0.058515787 
0.048059788 -0.012305915 0.005288581 
0.03573088 -0.06023972 -0.026613526 
0.042851266 0.03180579 0.024231896 
-0.015604352 -0.046422422 0.019184703 
-0.015025443 0.001319134 -0.022595782 
-0.06913851 -0.018510776 -0.051533632 
-0.03195393 0.057771374 -0.009863727 
-0.069592215 -0.055640694 -0.030452335 
-0.09505532 -0.12749395 -0.06737383 
0.13672961 0.10454527 0.056890324 
0.06217312 0.07417833 0.10843541 
0.091435164 -0.0034225972 0.042169094 
-0.015154358 0.00095614675 -0.0925926 
-0.053282864 -0.058286242 -0.06469788 
-0.018863264 0.008432589 -0.021612274 
-0.054526728 -0.03667761 -0.044906706 
-0.055471204 0.06708015 -0.05488279 
-0.07062187 0.021738654 -0.07443342 
0.0015582582 -0.0049677906 0.012167218 
0.051569 -0.007805982 -0.066303656 
-0.04614217 0.028655402 0.0071719266 
0.08034436 0.0912041 0.033086576 
0.054408025 0.0463018 0.079456344 
0.014754576 -0.0017868362 0.0174251 
0.06813183 0.053330865 0.05974226 
0.1018759 0.054556843 0.1036563 
0.16324666 0.11099166 0.049161237 
-0.042711295 -0.06969289 -0.07613825 
0.021727048 0.04607743 -0.012928142 
0.063243814 -0.034340005 0.012636338 
-0.10910881 -0.012132021 0.023023352 
-0.034929823 -0.024815923 -0.11890204 
-0.11191802 -0.117121816 -0.04449899 
-0.019392673 0.033103008 -0.057194613 
-0.0131646255 -0.054225158 -0.05944962 
-0.10275981 0.04838091 0.097078726 
0.052350048 -0.028397031 0.049249385 
0.06311952 0.046863947 0.073101185 
-0.033646524 0.035492968 0.104414746 
-0.057894573 0.052811943 -0.027384829 
-0.023015618 0.029341284 0.024921197 
0.04930136 -0.043634266 -0.024669003 
-0.033549733 -0.038970314 0.028672826 
-0.100304686 -0.057516914 -0.07433346 
-0.12493296 -0.02818955 -0.10547966 
-0.018691147 -0.010066344 0.020796271 
-0.067587055 0.087753974 0.005667933 
-0.009441887 0.015732849 -0.030755578 
-0.08001896 -0.07612153 -0.02071649 
-0.072382025 -0.16075756 -0.100829735 
-0.026172599 -0.15062398 -0.04555309 
0.02110602 -0.017318023 0.051830076 
0.07250362 -0.06263466 0.03437416 
-0.05670395 -0.015892765 0.072498925 
0.108804405 0.11663554 0.0045625432 
0.1822244 0.15244283 0.07252118 
0.071159475 0.13467947 0.13198963 
0.008520122 0.03791611 -0.054934204 
-0.027471066 0.029787993 -0.052469827 
0.038938995 0.03104385 -0.0022050715 
-0.026534053 0.012161493 -0.040370494 
-0.07367408 -0.030061753 -0.062243965 
0.013034486 0.0074444436 -0.0022650745 
-0.02296805 -0.006152923 0.029212847 
-0.004239442 0.067288324 0.06951506 
0.04425115 -0.04600132 0.04745957 
-0.0656151 -0.059091795 0.003029541 
0.061694637 -0.0016179035 0.025360897 
0.0657897 -0.0036927278 -0.027796416 
0.013674075 -0.0028276301 0.036741614 
0.027556196 -0.015516305 0.02854888 
-0.0070651793 -0.018307554 -0.056529507 
0.063577786 0.08564041 0.07375517 
-0.061709657 0.005242829 -0.0073010935 
-0.011073883 -0.08635829 0.019514378 
-0.1334554 -0.14139903 -0.0650368 
-0.17141007 -0.06783781 0.019125698 
-0.15957206 -0.055185962 -0.066531435 
-0.11873054 -0.08974457 -0.04735057 
-0.11888836 -0.09469835 -0.015570292 
-0.112129375 0.043044105 -0.060140606 
-0.03401845 0.051103354 -0.04959536 
-0.07149845 0.035833985 0.058276657 
-0.018420484 0.0126321865 -0.044733193 
-0.081094116 0.035880398 -0.007988114 
-0.0784931 0.018108392 -0.047292266 
-0.053484086 0.061815 0.05666149 
-0.11536996 -0.11600061 -0.08413468 
-0.040414892 0.026276266 0.055041283 
0.17285556 0.15413901 0.18786621 
-0.22963008 -0.13213897 -0.11812399 
-0.11253136 -0.031303287 -0.01049513 
-0.09352901 -0.16558714 -0.14484382 
0.02759836 0.024676234 0.105336 
0.07593224 0.027252678 0.07688382 
0.041457895 0.106218144 0.09062177 
0.1073769 0.057322826 0.19073214 
0.030126104 0.06528118 0.0058995895 
-0.061246015 -0.041153744 -0.059992947 
-0.025784116 -0.000829626 0.012576115 
2.280908e-05 0.057339147 0.046219252 
0.07654096 -0.04478464 0.032272246 
0.030238537 0.012865557 0.045018412 
0.024214197 0.032024004 -0.02530618 
0.033955444 0.06808443 -0.03149172 
0.019535257 -0.0053616217 -0.028908722 
0.051913645 0.027711475 0.05102589 
0.030572778 0.03383535 -0.02362121 
0.12709878 0.0870358 0.10978963 
0.046953928 -0.033658266 0.0111314915 
0.018041002 -0.03186288 -0.12351019 
-0.003009132 -0.018212065 0.03009992 
0.03687233 -0.07790569 0.012430149 
-0.022129487 -0.03996418 0.07259069 
-0.14554423 -0.036388814 -0.024140328 
-0.073861875 -0.029792285 -0.069026805 
-0.051520023 -0.0024338774 -0.04906914 
-0.03945506 -0.021771446 0.054429945 
-0.0072842706 -0.06276306 -0.06411858 
-0.011068545 0.013414406 0.007958546 
-0.02806052 0.05602016 0.105336875 
0.08169038 0.03441207 0.08005617 
0.16590352 0.124663286 0.18990703 
-0.12219936 0.076225676 0.0536017 
-0.012927437 0.024282217 0.051823583 
-0.0966775 -0.053781904 -0.01437126 
0.268734 0.044907354 -0.019552669 
0.14049196 0.008822772 -0.115111426 
0.3932093 0.16598596 0.046517387 
0.0065888744 -0.029021837 0.018560939 
-0.07095442 -0.0012915027 0.023714442 
-0.028900746 0.021621058 -0.025518036 
-0.015449604 0.011463483 0.0017107918 
0.051552657 0.047824048 -0.014956879 
0.03564235 -0.061900303 -0.055201247 
-0.05246422 0.060277384 -0.016191533 
0.0048375726 0.04447453 0.04579993 
-0.053379346 -0.02860968 0.011187548 
0.004969705 -0.051373295 -0.03583986 
0.0037122935 0.017578773 -0.011338399 
0.07268833 0.012525696 0.03800664 
0.038225293 -0.018762434 -0.012526583 
0.05579976 0.012889572 -0.005458465 
0.12686047 0.0597036 0.11184212 
-0.04078457 -0.04003735 0.0065459274 
0.051945005 -0.063058436 0.01340349 
-0.032580532 -0.012859109 0.04494536 
0.072952166 -0.053919174 -0.0004448892 
0.053361036 0.027348422 -0.053929705 
0.021649566 -0.015218235 0.04364406 
0.006810778 -0.042974044 -0.027922416 
0.06505332 -0.031909917 -0.043315876 
-0.03605478 -0.016765352 0.058329154 
-0.2142839 -0.1625825 -0.19685441 
-0.23558915 -0.23041725 -0.21406211 
-0.10989055 -0.24383357 -0.091762476 
0.13162978 0.0796765 0.17386505 
0.22087447 0.13856429 0.15632235 
0.22241496 0.18136907 0.2823116 
0.04021258 0.0012847028 -0.011691025 
0.003532264 0.020491306 -0.060523108 
-0.010501002 -0.0028021915 -0.0039846604 
-0.0032644514 0.054032728 0.03885306 
0.064848356 0.01138992 0.06954206 
-0.0063127754 0.038073193 0.05195448 
0.0065388153 0.09304564 -0.10311438 
0.031937115 0.02556972 -0.027896894 
0.080429256 -0.0010296067 -0.015699146 
0.01652163 0.040279202 0.04904587 
-0.04757484 -0.07420178 -0.022539383 
0.019349502 0.009691805 -0.019518834 
0.0041162698 0.04281346 0.022086665 
0.03189883 -0.009785283 -0.050246872 
-0.0010848838 0.043420084 -0.028848456 
-0.043704703 -0.09435396 0.06496859 
-0.02863908 0.012538031 -0.08542822 
0.04054512 0.03223887 -0.0043874085 
0.046910275 0.026101297 -0.023218589 
-0.0012868287 -0.017135074 -0.00037628942 
0.029009508 -0.0014798928 -0.055177618 
-0.023403937 -0.032989938 -0.023532998 
-0.036672555 -0.04995914 -0.0034740008 
-0.08344766 -0.0675835 -0.07785976 
-0.046994444 0.04381578 0.02394889 
0.023383299 0.044146992 0.06120001 
-0.06883058 -0.01330642 0.017263668 
0.0034290836 0.01586469 -0.042721137 
-0.05805768 -0.079952106 -0.05946983 
-0.06492873 -0.124589644 -0.03149265 
0.04435749 0.05584666 0.012152682 
0.020993272 0.048432767 0.06247783 
0.032634277 0.07066483 0.071427934 
0.059546098 0.013880495 -0.01756804 
0.056909367 0.093571484 -0.022527082 
0.041347176 0.06712591 0.0060261847 
0.058638494 -0.012981275 -0.0051100687 
0.0195531 -0.019844217 0.04431479 
0.039313454 0.053603027 0.028804163 
-0.0064518787 -0.031193664 0.0697725 
-0.03837372 0.050708354 0.061939176 
-0.041493837 0.042453222 0.055204406 
0.02324303 -0.007018925 0.051329494 
-0.0172578 -0.016779495 -0.03994518 
-0.0062174336 0.033297516 0.013752407 
-0.05071139 0.038223054 -0.036642663 
0.046994712 0.12256456 0.09703443 
-0.017985724 0.05280489 0.051144797 
0.053919937 0.081748076 0.053675305 
0.019624006 0.11203226 0.08167127 
0.054369543 0.045878287 -0.004084975 
0.061246764 -0.010404635 -0.06216041 
0.07481883 0.0009676522 -0.017185304 
0.12566604 0.11155501 0.06987465 
0.0557364 0.100077055 0.086840086 
0.01797804 -0.030556336 -0.014318975 
-0.031160368 -0.07830599 0.052925117 
0.05078499 0.06908458 0.042219426 
0.0020267346 -0.022914812 0.027120491 
0.057046447 0.057166506 0.020026272 
0.19597533 0.14437263 0.1250909 
0.17802045 0.18186876 0.14916837 
0.100890405 0.02701786 0.056790896 
0.06185665 0.01953371 -0.007980543 
-0.03770598 -0.0030079284 -0.014126185 
0.053286202 -0.07001044 -0.04686126 
0.055213254 -0.07436331 0.12783118 
0.005995082 -0.117614046 -0.06990162 
-0.07157686 -0.19408222 -0.07858653 
-0.014861698 -0.008602022 -0.028449064 
0.06700926 0.11221996 0.0137962075 
0.098627515 0.0790466 0.033171203 
-0.1415556 -0.07128143 -0.029423697 
-0.087718174 -0.036497943 -0.020605074 
-0.10331915 -0.1518933 -0.13956296 
-0.058111966 0.004213762 -0.04906827 
0.028029578 0.063330464 0.030962478 
-0.07181363 -0.001960053 -0.03747829 
0.0045910557 0.013223168 -0.04040169 
0.020316668 0.024680596 0.060477685 
0.022105869 -0.023722172 -0.0017454572 
-0.00701207 -0.06397526 -0.097201906 
0.110890046 0.01988082 0.04193111 
0.11952517 0.07925638 0.09383381 
0.07121664 -0.014206725 -0.03729213 
-0.040795613 -0.039130528 -0.046151277 
-0.06960188 -0.01227056 -0.021827817 
0.009515257 0.009794422 0.028622674 
-0.064731576 -0.03997778 -0.029407125 
-0.039873663 0.08370903 0.080904566 
-0.059400804 -0.059519418 -0.04962637 
-0.0087379115 0.010323596 0.004420573 
-0.06259632 -0.0057528736 -0.04997008 
0.06657951 0.099296026 0.049785674 
0.035309177 -0.027996529 0.038174864 
-0.0847257 -0.08747552 -0.016276393 
-0.0026887087 0.031641643 -0.061038483 
0.003618986 0.011238789 0.06206006 
0.04553404 0.07462913 0.07839569 
-0.03978533 -0.08434496 -0.16428015 
-0.091006756 -0.028116846 -0.11412058 
0.010110118 -0.07543451 0.06412315 
-0.052584615 -0.01870777 -0.019854749 
0.002984467 -0.028165016 0.019402387 
-0.06474973 0.038604524 -0.012886446 
-0.053133454 0.04468402 -0.03003861 
0.04924371 0.024661496 0.04639615 
0.0069468822 0.045737915 0.017807392 
0.01267405 0.06096146 0.027688542 
0.027776444 0.006707856 -0.03508324 
0.056837562 0.0050028027 0.052575756 
-0.0074978517 -0.14343229 -0.07800666 
0.0064376304 -0.014223517 0.07766494 
0.05413641 0.03143202 0.082996175 
0.08947049 0.0278828 -0.002460421 
-0.02576426 0.02258904 -0.023116743 
0.17230366 0.21236421 0.20618068 
0.05314166 0.016445166 -0.014726945 
-0.03606819 0.030432502 -0.00840246 
-0.036758184 0.01838007 0.02593451 
0.06725689 -0.004518473 -0.06522077 
-0.01819659 -0.09913522 -0.074912354 
-0.030502383 -0.07893124 -0.0983275 
0.001836008 -0.007750472 -0.0150628835 
-0.03265084 0.03943222 -0.0046134703 
0.028840277 0.050320033 -0.036999512 
-0.098381564 -0.050733257 0.03553112 
0.011460259 -0.12474561 -0.054681264 
0.010231247 0.026932815 0.023603784 
0.07000595 0.0656737 -0.027486613 
0.06464623 -0.016328821 0.11108406 
0.09232208 0.10571444 0.09333946 
0.046775628 -0.06216605 -0.11040144 
-0.019189922 -0.059379842 -0.07150177 
-0.033977818 -0.07272025 -0.09463241 
-0.1179352 -0.1436022 -0.13162796 
0.051435158 0.057506736 0.07389955 
0.11248285 0.10059382 0.10121593 
0.002712084 -0.031694457 -0.07671108 
0.09435825 -0.006890265 -0.10550976 
0.017614117 0.029711112 -0.06952833 
-0.05810375 0.0014924482 -0.039572258 
-0.03756726 -0.02585113 -0.07635072 
-0.050770354 -0.039671317 -0.059735242 
-0.04890583 -0.053786747 0.05757642 
-0.027237194 -0.030740893 -0.0009874436 
0.03683526 -0.07060958 0.064787194 
-0.16530776 -0.19807732 -0.1133763 
-0.18188827 -0.09715968 -0.053437863 
-0.11699304 -0.1798138 0.0038839174 
0.044295847 -0.01628961 -0.025502875 
-0.056490984 0.023772847 -0.033149075 
-0.02562879 -0.031251103 -0.033706944 
0.030216143 0.031744674 0.031106573 
-0.043893624 0.10646227 -0.03173487 
0.07037411 0.023988508 0.034794334 
0.05768659 0.017002314 0.051615775 
-0.013793733 0.033314288 -0.017632484 
-0.0011098313 0.0248231 -0.012895222 
-0.027605994 -0.05954284 0.0019337254 
-0.036126085 -0.14754164 -0.06428514 
-0.03859219 -0.070278905 -0.07929983 
-0.024063615 0.0030208647 -0.009996176 
0.066617444 0.015656874 0.059927244 
0.027733346 0.0638701 0.07888451 
-0.27863097 -0.222464 -0.12893441 
-0.20276248 -0.19399159 -0.076427884 
-0.30466446 -0.2894908 -0.20081918 
-0.043671563 -0.0131311435 -0.02804796 
-0.04395929 -0.02067532 -0.021822315 
0.020236807 -0.01181487 -0.020834452 
-0.064736575 0.02529224 -0.045243774 
-0.042320054 0.040004168 -0.026888175 
0.012800011 -0.024052266 -0.041368537 
0.05669913 -0.059856486 0.056738943 
0.014031571 -0.06063971 -0.052014146 
-0.0034273264 0.046676442 -0.06483538 
0.04684008 0.07752069 0.07752694 
-0.065444894 0.039072525 0.065217055 
-0.021869196 -0.03327902 -0.030382195 
0.060352057 0.08834732 -0.04031097 
0.10671564 0.10389507 0.024343617 
0.029112913 0.11853672 -0.084309384 
0.012661196 -0.032306418 -0.03938093 
0.014342029 -0.027167479 -0.03890854 
-0.008750667 -0.030297218 0.11021959 
-0.07023127 0.008167989 -0.046379186 
-0.07734294 -0.037766658 -0.011898921 
-0.0113146 -0.018994758 -0.015387558 
0.061724696 0.03176642 0.050972532 
-0.0558467 -0.028307686 0.015013423 
0.04627845 0.051802263 -0.034588404 
-0.09012202 -0.0154154 -0.02398084 
-0.07475789 0.024762725 -0.11384722 
-0.073426105 0.04715976 -0.041953005 
0.04652701 0.045619328 0.008431704 
-0.024369529 0.00048233737 -0.030741015 
-0.064510494 -0.06819855 -0.13955511 
-0.10328835 -0.031547554 -0.012169865 
0.0448788 0.0041961116 0.018615548 
0.07296494 0.10371258 0.05376156 
0.047503382 0.06989471 0.062408056 
-0.06500641 0.09910277 0.08528147 
0.07222667 0.018944155 -0.04351735 
0.05844912 0.019645983 0.0088744955 
0.019593341 -0.04378917 0.0107936915 
-0.0091190385 -0.0028065115 0.07419538 
-0.020973317 -0.034586947 -0.05855827 
0.028635733 0.029730929 -0.046070836 
-0.07782176 -0.03184401 -0.04105959 
0.032466486 0.06023498 -0.06140504 
-0.030572632 -0.05158681 0.05598081 
0.053961333 0.007874147 0.00881903 
-0.058877856 -0.043415874 0.093341075 
-0.09302875 0.015889583 0.106764436 
-0.035363067 0.074636415 0.09751129 
0.01770708 0.05972168 0.01897564 
0.025514284 0.0022429798 0.03587899 
-0.029718367 0.03915328 -0.026045993 
0.08204348 0.077647254 0.23263013 
0.005208888 -0.02438038 0.05244861 
0.090591274 0.10545672 0.0658014 
0.028643083 0.0003241156 -0.005341185 
-0.06648271 0.0019064563 0.007559713 
0.024673382 0.00502858 0.062414218 
-0.07123861 -0.023107614 -0.03473464 
-0.016826417 0.04281877 -0.04462704 
0.015406759 0.03686041 0.022221547 
0.085947156 0.026173182 0.07979479 
0.04183596 -0.0017642074 0.026507523 
0.07379475 -0.0031574285 -0.04150058 
-0.21248375 -0.06905062 0.05442391 
-0.15561512 -0.07129941 -0.0016375182 
-0.04852914 -0.067552745 0.104672335 
0.020096697 -0.016077401 0.036493376 
0.05254236 0.05429796 -0.025589488 
0.030050468 -0.054065697 -0.046931706 
0.014397564 0.04851654 0.03154388 
-0.06973019 -0.017641904 0.04108341 
-0.00037146124 0.019741317 -0.0049506067 
0.058584522 -0.015536363 -0.05493032 
0.03987247 0.03984501 -0.033024065 
0.023084791 0.056434024 -0.013529767 
-0.08984088 -0.092188194 -0.0034417538 
-0.0375959 0.020093264 -0.0013252656 
0.021947922 0.04117052 -0.028423859 
0.01758607 0.0072533106 -0.012429929 
-0.015516024 0.04888005 0.019396832 
0.10122051 0.04053984 0.009392327 
-0.03483978 -0.06632312 -0.09805647 
-0.09471199 -0.069893956 -0.048143405 
-0.005180718 0.04694188 -0.07462903 
-0.026926482 -0.023759449 -0.01991519 
0.072490096 0.0041463086 0.032657713 
-0.004614738 0.06632258 0.027854133 
0.018466195 0.064560786 -0.063315466 
0.009090322 -0.033109404 -0.064771146 
0.028187236 0.016584719 0.03586724 
0.020536343 -0.042237088 0.050754465 
0.08214128 0.040658966 0.023068616 
0.010331655 0.08519213 0.115010165 
-0.024981901 -0.10319958 -0.07373333 
0.013596842 0.07507008 -0.026419302 
-0.0013086144 0.07513669 -0.026228726 
0.040006924 0.01837483 0.1013848 
0.081678525 0.0023279628 0.14615084 
0.18260048 0.18377158 0.21227075 
0.03830774 -0.0494248 0.029384341 
-0.022920674 -0.027505996 -0.03812743 
-0.07387985 -0.028539592 0.024593936 
-0.053320196 -0.0940207 -0.047791906 
-0.06593121 -0.06414049 0.06667552 
-0.049585324 0.11348154 0.094009064 
0.06881411 0.020777283 0.046433125 
0.016978728 -0.009661466 0.033445492 
0.096958995 0.07656452 -0.021752069 
0.0055596954 -0.045452476 -0.04589749 
-0.050414935 7.6194636e-05 -0.035336968 
-0.03970796 0.041185476 -0.05530208 
-0.053197205 0.036780763 -0.08083374 
0.0274692 -0.0047777663 -0.019383352 
-0.011528047 0.017924218 0.030305674 
0.0065225167 0.062133607 0.030262155 
0.025786933 0.014371958 -0.020402014 
0.08330382 0.12618072 0.05666955 
-0.05848176 -0.10220201 -0.17896746 
-0.10877548 -0.1839812 -0.16358022 
-0.090296015 -0.13936143 0.01206891 
-0.003490526 0.058222786 0.012208852 
-0.051958926 0.00725077 0.062362105 
-0.029732049 0.040399678 -0.029114118 
0.035901424 0.07681183 0.025668945 
0.07924506 0.12744254 0.13431261 
0.054129194 0.044729803 0.13887541 
-0.054751135 -0.051499214 -0.043755814 
0.018161783 0.0060691102 0.009645711 
-0.031557 -0.02534077 -0.010591267 
0.05423354 0.00091200514 0.0695854 
-0.078973696 0.02007892 -0.016558066 
0.013993996 0.009555699 0.109927215 
0.03189658 0.035597652 -0.0563502 
-0.049213972 -0.06198113 0.06860135 
0.004574143 -0.0028672356 -0.07048049 
-0.063884936 -0.066077076 0.04155872 
0.0550368 0.00058974157 0.04030739 
-0.051094845 0.00635541 0.04445218 
0.018613636 0.050321594 -0.01956111 
-0.06555055 -0.05139746 0.05236723 
0.07012875 0.0019888466 0.029682424 
-0.06733482 -0.059199914 0.03812343 
-0.030561274 0.0156711 -0.0008928895 
-0.020691248 -0.032363422 -0.05209418 
-0.052448474 -0.089044005 0.015525624 
0.0163816 0.0015200677 0.03672734 
-0.034925673 0.07673194 -0.019786298 
-0.040116966 0.032131426 0.0721671 
0.07228886 -0.0076450845 0.0009107191 
-0.0064180624 0.07591105 -0.028320506 
0.030263627 0.01573558 -0.014355156 
0.06688303 -0.037764568 0.047272284 
-0.059821267 -0.008124393 0.091320924 
0.035420433 -0.04088424 0.06629249 
0.016315129 -0.07108727 0.014777487 
0.052177053 -0.058442164 -0.014140869 
-0.0434217 0.021524731 0.042311084 
-0.09125301 -0.03008276 -0.0109146135 
0.026186379 0.053144105 -0.044444304 
0.06701056 0.02392017 -0.0371452 
-0.029230956 -0.08500106 -0.028292958 
-0.0040671336 -0.0004846352 -0.017842114 
-0.0035495928 0.03524159 -0.011950674 
-0.065775484 -0.035756018 -0.022077516 
0.08860789 0.08210499 0.059404563 
0.015547542 0.05886364 -0.058381516 
0.056918945 -0.051130008 -0.0022464576 
-0.0327623 0.06338707 0.030628743 
0.057164554 -0.018868653 0.018233499 
-0.01774592 -0.08653647 0.017345484 
0.053736422 -0.042341106 0.03731197 
0.04659949 0.008986919 -0.032098465 
-0.05543687 -0.058860373 -0.032222867 
0.014986375 -0.025607327 -0.058636744 
0.015139405 -0.045441415 0.064853676 
-0.049871232 -0.010346877 0.05505314 
-0.062294763 0.06179002 0.02381352 
-0.0679725 -0.07837332 0.004720303 
-0.012319725 -0.05718423 -0.022411453 
-0.009136151 0.003120104 0.06521593 
-0.02985335 0.08812269 0.022544537 
0.020997701 0.0030978364 0.0027494906 
0.02842586 0.077162385 -0.023319801 
-0.015578559 -0.06554247 0.16960137 
-0.043967366 0.055908576 0.119803295 
-0.107727766 0.09386425 0.0069636176 
-0.0018669245 -0.010941601 0.024517654 
0.01984572 0.052791923 -0.029012166 
-0.0036924335 -0.04894867 0.04970027 
-0.07308581 -0.016884118 -0.07535599 
-0.0038163525 -0.020756643 0.020748483 
-0.021601342 -0.07092036 0.032366354 
0.0048417985 0.009592238 -0.07342841 
0.013010174 -0.044275764 0.009966769 
-0.031155655 0.04597801 -0.006397622 
-0.05443286 -0.050346896 -0.038008247 
0.050681915 -0.015455924 0.06495248 
-0.064418085 -0.07311461 0.05057519 
-0.039529234 -0.027279723 -0.060154267 
0.036036924 -0.06950729 -0.06798082 
-0.07101983 0.03480252 0.03344679 
-0.026714932 0.001229279 0.020839207 
0.003251099 -0.03176749 -0.04759692 
-0.051391385 0.0013291321 0.019780248 
0.057128564 -0.033980455 0.04058692 
0.0033378494 0.054754592 -0.03791121 
0.05154989 -0.06322119 -0.032553732 
0.080201834 0.066536404 0.12785192 
-0.07364919 0.02243777 0.008252954 
-0.046846397 0.015020398 0.14800464 
0.13670482 0.10459969 0.13914648 
0.05527849 0.018758846 0.07381165 
0.08460871 0.0646861 0.05022329 
-0.17373624 -0.20540096 -0.1556451 
-0.14110504 -0.07274905 -0.11365958 
-0.17739986 -0.17810495 -0.105268076 
-0.050302144 0.016537648 -0.043471366 
-0.07221419 0.022488186 0.012350321 
-0.020297233 -0.00862822 -0.019185076 
-0.0026874775 -0.0690724 0.03299895 
-0.06444119 -0.043637305 -0.05220753 
-0.044695444 -0.018705763 -0.02763342 
0.027814971 -0.030504342 -0.04522766 
0.07138547 0.090970635 -0.028100738 
0.14570597 0.09092986 0.057270434 
-0.058350418 -0.030461503 0.06000317 
-0.05431101 -0.031517755 0.025533605 
-0.10409753 0.009966849 0.04930137 
-0.0038391303 0.0872189 0.033492006 
0.057566352 -0.027416185 -0.005566777 
0.07254366 0.07215463 0.047375195 
0.042302676 0.073357165 0.09885711 
-0.0075475345 0.06357688 0.049394704 
-0.039106026 -0.03173822 0.113162614 
0.14681944 0.040462863 -0.05862842 
0.020403622 -0.022993036 -0.05206556 
0.024614092 0.005149241 0.06614476 
-0.065330006 -0.014384466 -0.03951361 
0.0031167509 -0.012258468 0.04732858 
0.04344281 0.02517825 0.031763036 
-0.063388616 0.03907839 0.05935265 
0.06166906 0.04074558 0.0024720326 
-0.04029381 0.060799126 0.059459496 
-0.022606276 0.0646149 0.019114085 
-0.06709319 0.013502808 0.06699689 
-0.100929745 0.07267402 0.1261185 
-0.12851353 -0.08328706 -0.10682906 
-0.16467367 -0.1067329 -0.019930487 
-0.15878838 -0.11461241 -0.096989974 
-0.20864826 -0.2318649 -0.19658025 
-0.32166368 -0.31809288 -0.25839463 
-0.20949389 -0.25045365 -0.2832106 
-0.05969285 -0.08502567 0.015835196 
0.030079603 0.014706694 -0.08523143 
-0.053457584 -0.068287276 -0.042564258 
0.06759444 -0.025151365 0.0624979 
0.09048211 0.042289894 0.017852126 
0.013646804 0.004273931 -0.018802572 
-0.011882269 0.022902193 0.09393867 
-0.0064122723 0.042464957 0.059328243 
-0.0019239398 -0.013041356 0.07249571 
-0.026528485 -0.010146853 -0.037701316 
-0.106485985 -0.12498294 -0.010334527 
0.07415661 0.021626169 0.14253859 
0.4720276 -0.03814561 0.104301654 -0.020542873 -0.2887725 0.25896972 0.11052431 0.15025212 -0.07549038 -0.05949019 0.6004702 -0.42758977 -0.059859924 -0.02213696 -0.015375986 -0.06814248 -0.01461677 0.0053507215 -0.008669812 0.635691 -0.23876852 -0.027408857 0.07681849 0.28526187 
0.13656746 0.13640438 0.046307515 
0.12981771 -0.006713041 0.2000508 
0.06625824 0.07578763 0.13038634 
-0.02180328 0.02963215 -0.05951646 
0.23307514 -0.055711593 0.044385467 
0.17975181 -0.11011339 -0.17821436 
0.059415802 0.011238888 0.013456572 
-0.024984471 -0.024498222 -0.08142155 
0.0063616405 0.052081898 0.16989058 
0.011587605 0.06652923 -0.0037117715 
0.06655326 0.06889053 -0.034762554 
-0.040435392 -0.07831207 -0.0092047835 
-0.14512387 -0.042417627 0.011548692 
-0.038443554 0.051206928 -0.002708629 
0.005597043 -0.112385094 -0.09774726 
0.086143166 0.027776828 0.10290936 
0.0677871 -0.031150982 0.049949158 
0.12726992 -0.0078396145 -0.04340982 
0.0091031995 -0.0004749926 0.009046465 
0.077851586 -0.008676063 -0.051256593 
0.12473016 0.12829033 -0.044025287 
0.013896792 -0.048929058 -0.11987742 
0.0061747083 -0.03023326 -0.10745773 
-0.12262852 -0.071043625 -0.036162507 
-0.00059027626 -0.044382043 0.032586817 
-0.057160564 0.069099806 -0.009054635 
-0.038043026 -0.03487883 -0.027638996 
0.01845171 -0.02678306 0.040197894 
0.040987503 0.010295571 -0.017200734 
-0.05979913 0.0040018493 -0.044687063 
0.17194732 0.16330671 0.13253357 
0.29937452 0.10658995 0.096703686 
0.27091825 0.090639025 -0.10283869 
-0.17591982 -0.08887232 -0.038424112 
0.052876513 -0.09057526 0.052211557 
0.044849236 -0.14455283 0.014394823 
0.0689824 -0.04477211 -0.06731748 
-0.012234709 0.08054936 0.16920102 
-0.063335866 -0.03349295 0.15844016 
-0.07218211 0.034212604 0.00020150942 
0.037888166 -0.03858484 -0.034713276 
-0.042958766 0.0336 0.075639844 
0.03206578 0.0087378435 -0.097450696 
0.08368909 0.024188723 -0.07643593 
0.051751327 0.051595584 -0.1496226 
0.00020979045 -0.013764021 -0.015768664 
0.0181702 0.07174347 -0.09934666 
0.09066968 0.023286182 -0.06608243 
0.2550538 0.11100706 0.06551761 
0.24147317 -0.10438944 -0.2014055 
0.39070138 -0.12765716 -0.12531678 
0.008123722 -0.035878 -0.11403816 
0.058180716 -0.0195472 -0.12314278 
0.22647233 0.09284193 -0.23732881 
0.07241109 0.020264942 0.024909308 
-0.024021314 -0.016858656 0.059710152 
-0.11848663 0.04496051 -0.07875454 
-0.006286 -0.020262327 0.037948787 
-0.03659003 0.041643538 0.18196774 
-0.06353669 0.10371037 0.14334655 
-0.042619713 -0.08626111 0.022093095 
-0.09790268 -0.07401421 0.06326197 
-0.107776135 -0.12160116 0.02994357 
0.078757115 -0.011165413 0.13238055 
0.07832241 0.09760657 0.020035999 
-0.029643593 -0.043536928 -0.009809421 
0.009777179 -0.04708483 0.026329476 
-0.020342207 -0.06423893 0.024330297 
0.02105716 -0.014931141 0.024086734 
0.1576904 0.12347167 0.14600706 
0.11488077 -0.01889761 -0.0633596 
0.1784283 -0.07155253 -0.04982131 
-0.077746905 0.048438746 -0.002221485 
0.048381705 0.08739563 0.07999572 
-0.009858827 -0.03689195 0.09895722 
-0.019963192 0.029028049 -0.0742523 
0.021738516 0.05227812 0.03875881 
-0.1359893 -0.06464898 -0.036781915 
-0.02842916 0.059512835 0.006870579 
-0.024317065 -0.11192608 -0.02442552 
-0.005415391 -0.016942088 -0.0033108792 
-0.10457137 -0.07424477 -0.12321528 
-0.09865635 -0.046786115 0.034356408 
-0.074642725 0.017835926 -0.030084528 
0.087775156 -0.057737302 0.017746368 
0.02239323 0.013785776 0.08757974 
-0.05610713 -0.054792326 -0.010232841 
0.06976718 0.09757893 0.020492397 
0.11251682 0.037235234 -0.009938944 
-0.013340354 -0.07321172 0.10552689 
0.04854917 -0.011736762 0.08637912 
0.08141727 0.03466051 0.06065458 
-0.031622175 0.08236444 -0.01521629 
0.068775825 -0.050470315 0.036109675 
-0.008171801 -0.08116748 0.033590987 
0.023328966 0.054690134 0.110365435 
0.05616107 0.063624315 0.043598287 
0.036883194 -0.04721994 0.049875632 
-0.009256755 -0.05076333 -0.015290913 
0.0652074 -0.053823695 -0.04572815 
0.01817429 0.023124456 0.052826952 
0.06071973 0.008721111 -0.03580979 
0.11096857 0.10459618 0.07991949 
0.029979745 0.18643703 0.06808709 
-0.08392362 -0.000884294 -0.002047046 
-0.1418532 -0.18063381 -0.15017515 
-0.008084379 -0.027062137 0.0038190626 
-0.16427585 -0.11993873 0.0009807552 
-0.02572833 -0.04055885 -0.0034992963 
0.035205036 -0.053714253 -0.09454729 
0.19171454 0.031781413 0.027936291 
0.026253678 -0.05639286 0.00406895 
-0.05300439 -0.018413343 -0.010716283 
-0.05704569 0.023796374 0.03652575 
-0.017288977 -0.08883782 -0.10972965 
0.01075497 0.0021605052 -0.04460867 
-0.026979264 -0.08582006 0.00043981514 
-0.015467421 -0.08364836 -0.010559935 
-0.00069935556 0.0400505 0.0336106 
0.015321838 0.06112632 0.02700752 
0.22391708 -0.0143625755 0.17229162 
-0.0886235 -0.117862195 -0.0031531313 
-0.06300617 0.09598294 -0.05347627 
-0.036894478 -0.039196413 -0.020124845 
0.03674311 0.17633961 0.08575876 
-0.22535555 -0.019171033 0.076227106 
-0.12417223 -0.0090613505 0.058114804 
0.015250095 -0.019185157 -0.020872183 
-0.12945536 -0.047986273 -0.103273556 
-0.039154872 -0.024172485 0.011810125 
0.049273945 0.14811985 0.050835572 
0.057671636 0.05396765 0.15550074 
-0.04943033 -0.10579588 -0.099824816 
0.018482037 0.027831264 0.057315994 
0.036157317 -0.03690823 0.026574 
-0.017577903 -0.074454516 -0.09838897 
-0.025818199 0.07399995 0.0046649007 
-0.046126463 -0.054351825 -0.0020458668 
-0.035743225 -0.0003811967 -0.00087450875 
-0.0963104 0.023609081 -0.061242 
-0.015258663 -0.010326866 -0.007612201 
0.13638581 0.037227854 0.09155536 
0.02029589 0.12807229 -0.05316895 
-0.02047886 0.096904635 0.006778695 
0.039466858 -0.05254313 0.057827827 
-0.03118944 0.0126669 -0.06722953 
-0.05222554 0.032337822 -0.057884917 
-0.06164228 0.0008597514 0.028888082 
-0.0022394368 -0.026359146 0.027326774 
0.037598275 0.018491207 0.0098215565 
-0.025068967 0.008162765 -0.012895439 
-0.01666494 0.0674145 0.022571638 
-0.021620193 0.0057650846 -0.02540917 
-0.063805945 0.008852353 -0.010335848 
-0.054406013 0.064897664 -0.05101014 
0.032299984 -0.052628722 -0.009259568 
-0.054797072 -0.044502597 0.06869199 
-0.034538835 0.058698807 -0.01726177 
-0.008250598 0.029309068 -0.04048298 
-0.0022147985 -0.007518413 0.05533837 
0.051710207 -0.036805898 0.009935441 
-0.052421834 0.031877387 0.04302168 
-0.023442348 0.04738213 -0.0015992045 
0.006155018 0.011989284 -0.06598789 
0.036273666 0.045211345 -0.006917907 
0.023472367 -0.01093315 0.05077919 
-0.043297376 0.053033963 -0.032343265 
-0.030158553 0.027918922 -0.0181127 
0.04956545 -0.03903912 0.06177539 
-0.016024819 -0.058550872 -0.051150043 
0.046449568 0.04519438 0.06215923 
0.029011788 -0.038315017 -0.056844447 
0.013857397 -0.01938624 -0.03846453 
-0.036504228 -0.021923302 0.01897697 
-0.03304914 -0.035061378 -0.011583233 
-0.03731511 -0.00878509 0.038224053 
-0.06545123 -0.07011097 0.011261804 
0.029288335 -0.021152217 0.0161481 
-0.02037508 0.0030522803 0.006884538 
0.005725206 0.023846027 0.022531865 
0.012827765 -0.04627542 -0.0812039 
0.03702828 -0.02678615 0.0120414235 
0.03138856 -0.0093820235 -0.04031174 
0.044004004 -0.0078070317 -0.0074718837 
0.041863956 -0.008348023 0.018860856 
-0.002335573 -0.010530354 0.024797963 
0.033869456 0.0069530653 -0.054025784 
-0.06300833 0.0384138 -0.05636995 
0.051353104 -0.026440743 -0.06559444 
0.028547592 0.0448392 -0.06576492 
0.044412166 0.05069615 0.029793315 
-0.05807846 -0.0025031404 -0.041629214 
0.008348738 -0.06439404 0.0026121773 
-0.072128646 -2.4636005e-05 -0.062351834 
-0.061080944 0.02369961 -0.023196116 
-0.04537811 0.03087386 -0.061944477 
-0.057941522 0.01570423 0.017157458 
-0.02239491 -0.060696386 -0.050415944 
-0.036536288 -0.05918719 0.007256548 
0.016470492 0.01973295 -0.0038977475 
0.019581828 -0.039783627 -0.0024897757 
0.024027657 0.00976774 0.06068522 
0.016904147 0.00046132185 -0.037915695 
-0.039299186 -0.0031590818 -0.033113707 
-0.019718586 0.00032901947 -0.044466734 
-0.0656029 0.051357124 0.037592012 
-0.05111971 -0.05193535 0.019188479 
0.027663058 0.049415693 -0.036804162 
0.03231434 -0.027499858 0.038109597 
-0.050643723 -0.012147971 -0.006753527 
-0.009828683 0.058655914 0.051999833 
0.051606897 0.052871756 0.038027775 
-0.012151851 -0.0405183 0.034291912 
-0.053017713 0.003073326 -0.0048305322 
-0.07193896 -0.06125004 -0.008782369 
-0.004649142 -0.021685328 0.01568042 
-0.07997638 -0.17327914 -0.14342298 
-0.04492993 -0.11110155 -0.19494927 
0.12677516 0.057109963 0.014920002 
0.01510478 0.050147653 0.06867617 
-0.15033863 -0.12413681 -0.06578101 
-0.14873789 0.02100931 -0.15197958 
-0.03023883 0.012888688 -0.026790654 
-0.020461397 0.03128997 -0.021000998 
-0.048588466 -0.0041481373 0.03209184 
0.12447094 0.05826554 -0.025016246 
-0.044290643 -0.0030565746 -0.06721197 
-0.06352835 -0.04934506 0.08428916 
0.018680321 0.016149873 0.07495948 
0.05973277 0.13998422 0.0050954353 
0.07639623 0.1220813 0.024128627 
-0.033415724 0.04724354 -0.0042729904 
0.0049462947 0.06754104 0.11320123 
-0.026521407 0.083098836 0.00890736 
0.027315266 -0.026536725 -0.08556995 
-0.12166815 -0.109793775 -0.076459885 
-0.04060233 -0.044707436 -0.072053365 
-0.096699 0.06447206 0.03431706 
-0.003377532 0.051932044 0.08632847 
0.0032531146 -0.09287649 0.111082435 
-0.07073065 0.01992858 0.014769915 
0.034231573 -0.01229721 -0.01696163 
0.00813454 0.028696157 0.04069809 
-0.0188759 0.022487652 0.039525833 
0.043120123 -0.03722133 -0.037101004 
-0.022340402 -0.021808477 -0.041360103 
-0.09174566 -0.047105476 -0.054358326 
-0.05419944 0.028115587 -0.161942 
-0.07548266 0.13368255 -0.18994428 
0.021676913 0.016715577 0.11113862 
-0.031474896 0.0045080776 -0.011992447 
0.09532492 0.096459456 -0.08832118 
0.0152615225 0.09819024 0.10369458 
0.014375679 0.028731335 0.1202311 
0.053013917 -0.06941175 0.026440898 
0.022642527 0.0143596055 -0.08334188 
-0.002969132 -0.06888279 0.0029034747 
0.0026656026 -0.07505706 -0.065784924 
0.05583166 0.05005521 0.023677304 
-0.022568 0.030612797 0.10332441 
-0.106446415 0.09172765 0.18192185 
-0.060031433 -0.022194596 -0.039932378 
-0.061176207 0.06813625 -0.036229823 
0.15716253 0.19243345 0.10409124 
0.1496333 0.14717694 0.19859903 
-0.05614757 -0.0686745 -0.07036992 
-0.063363045 -0.1522107 -0.06401295 
0.100352906 0.092028156 0.13595901 
-0.07643621 -0.10458625 -0.058073927 
0.021286901 0.24467264 -0.1282208 
-0.102498986 -0.06116384 -0.05126084 
0.24456201 0.20984413 0.1917328 
0.055026546 -0.043720983 -0.035993762 
-0.15640876 -0.08151055 -0.13719574 
0.04024912 0.102806546 0.011060957 
0.2218164 0.1425605 0.008727769 
0.072201535 0.0049876743 0.059984848 
-0.092375286 -0.10309383 -0.038996574 
0.07115259 -0.041055452 -0.040498223 
0.07092491 0.0018631793 0.09805562 
-0.086717576 0.050851535 0.09251323 
0.11765586 0.025787463 0.11285656 
0.06841104 0.043445226 -0.03577566 
0.091343485 -0.0806568 0.038168777 
0.016730351 -0.002195869 0.034011185 
0.016580012 0.11857316 0.057330508 
-0.05567111 0.08529116 0.12199248 
-0.105207115 0.0293102 -0.16426016 
-0.027280247 0.04887439 0.08748782 
0.052328136 0.052498646 0.05728757 
0.02782349 -0.039949432 -0.024537675 
-0.03693248 0.073566586 0.1382398 
0.04398275 0.030217227 0.18130957 
0.05782286 0.020031692 0.07882461 
-0.014162856 0.029058184 -0.05857547 
-0.015354708 -0.044675402 -0.071925975 
0.038063318 -0.08538719 -0.04144601 
0.065006 0.0077032708 -0.009835925 
0.050749145 -0.02912405 0.023898628 
-0.014951878 -0.020930683 0.016264364 
0.017879348 -0.053139668 0.013730946 
-0.0038164977 0.087313846 0.14014603 
0.023280311 0.054983087 0.18354946 
0.023330148 -0.06184079 -0.0003389961 
0.060541026 0.16858071 0.13857307 
0.24410638 0.034688707 0.10665354 
0.024962464 -0.076690175 -0.048897542 
0.043569986 -0.07020848 0.041726623 
0.070748106 -0.047205627 -0.026617274 
0.010616343 -0.03476963 -0.040245567 
0.038755964 0.007407668 -0.0030543895 
0.01848754 -0.10709189 -0.04506783 
-0.07224159 0.001191994 0.0024499136 
0.01189309 0.013260479 0.005336251 
0.0018364504 -0.004045914 0.02803364 
0.029038223 -0.012546944 -0.009795982 
-0.01653766 0.056516297 0.034928095 
0.06352964 -0.013785516 -0.06017692 
-0.1286743 0.027758135 0.06756827 
-0.012006041 0.005412469 0.12832022 
-0.03768698 -0.032102022 0.06971476 
0.14780276 0.19350219 0.026541779 
-0.051955767 0.008034822 -0.04297795 
0.08319294 -0.061449975 0.043001827 
-0.097541995 -0.008642394 -0.03353256 
-0.16090009 -0.02635814 -0.043444354 
-0.21051648 -0.09675256 -0.0021739341 
0.0131126195 -0.015564251 -0.032716095 
-0.045131188 -0.029561566 0.030032976 
-0.0025488879 -0.05645115 0.026219258 
-0.111254156 0.0007371372 0.0698629 
-0.06316125 -0.028717123 -0.025620736 
0.053728413 -0.013379838 0.0656561 
-0.02736992 -0.0010317201 0.020371592 
-0.05702334 -0.012369041 -0.08744473 
-0.054872006 -0.016684886 -0.052855056 
0.061458327 -0.12609835 -0.072408676 
-0.07130775 -0.074049145 -0.011855476 
0.018561808 -0.13080643 -0.013281831 
-0.1499668 0.030708617 0.052963514 
0.0054221624 0.05322732 0.10375976 
-0.17296636 -0.064336054 0.029155664 
-0.038282525 0.10726064 0.13632594 
-0.04739396 0.051858187 0.09774096 
0.04163322 -0.0011465548 0.08561102 
-0.25569335 0.02410452 0.18700927 
-0.06517742 0.1327247 0.05113774 
-0.09313878 -0.004512967 0.024095796 
-0.052727345 0.021651186 -0.007777596 
-0.05442997 0.15269302 0.15419546 
0.057649825 0.0841266 0.1350988 
0.024983902 -0.017729867 0.03333864 
-0.16411321 -0.12469565 -0.15338796 
-0.04648622 -0.034210138 0.034157023 
0.057039816 -0.016980099 -0.051259723 
-0.009312486 -0.03931063 0.048248667 
-0.017651783 -0.04414144 -0.006019771 
-0.20128109 -0.035048813 0.13220374 
-0.24178772 0.014617221 0.20297365 
-0.15340158 0.07892617 0.15453564 
0.09011405 0.08396008 0.039568663 
0.07864255 0.005459583 0.060361236 
0.09817904 0.037797563 0.034688152 
0.034928802 -0.0015287462 0.12544931 
-0.09757706 -0.0935608 -0.01059874 
-0.046722278 -0.038868085 -0.11003572 
-0.07015657 0.040579967 -0.02203204 
-0.022381507 0.0020879942 -0.0005111059 
0.01725414 0.007690973 0.034168072 
-0.049493507 -0.024892338 0.037972026 
0.04621839 0.06443857 0.06361353 
0.027350012 -0.0088074105 0.06777811 
0.037572432 -0.027409954 -0.05514404 
-0.041686922 0.05164217 0.011187447 
-0.010818326 -0.082048334 -0.058078576 
-0.105779395 -0.025512287 -0.11369146 
0.075183064 0.072964564 0.101014815 
0.043921057 0.024149705 -0.018040227 
-0.036870137 0.019161645 0.054726433 
0.085296325 -0.0086956555 0.038995333 
-0.05484459 0.046287313 0.004041927 
-0.0076266276 0.029652346 -0.014597542 
0.123977214 0.15862897 0.06528395 
-0.020638332 0.038034935 0.09368719 
0.057461012 -0.06713162 -0.052792847 
0.04262655 -0.010271305 -0.03338731 
-0.03983389 -0.037018552 0.0354931 
0.047524873 -0.04753748 0.007894531 
-0.029197706 0.027411645 0.004342491 
0.04073675 0.0555228 0.031432085 
0.036838826 0.05380163 0.15697284 
0.084646724 -0.044512726 -0.032721415 
0.13923189 0.09131096 -0.07864972 
0.07005679 0.08178548 0.0024206678 
0.027532121 0.10521457 0.023226943 
-0.10003255 -0.039376605 0.031572364 
0.027422303 0.07477139 0.09271807 
-0.05840685 -0.057896305 0.030023314 
0.026840605 0.057916272 -0.068005554 
0.015881728 -0.05824562 -0.054468308 
0.028092904 0.027003484 0.031084409 
-0.001653221 0.067728035 0.06253003 
0.050322864 -0.040464066 -0.018913254 
0.11137702 0.033383965 -0.021185596 
0.034510445 0.024195837 -0.02015873 
-0.04952072 0.03985714 -0.0041827774 
0.02330315 -0.03089142 0.0034107873 
0.118298024 0.019278208 0.050871477 
-0.09432057 -0.07135013 0.10254297 
-0.15916695 -0.14285566 0.029740417 
-0.002931757 -0.17437613 0.025238093 
0.07820765 0.0948581 0.11345755 
0.13492927 -0.013269105 0.024109773 
0.104869656 -0.024848726 -0.17160842 
-0.016007228 0.009296162 -0.07554866 
0.07122473 -0.037079908 -0.025516976 
-0.07482208 -0.04552088 -0.015002576 
0.022363152 0.029748935 0.10176221 
-0.043984145 0.032984946 0.025595963 
0.037465394 0.025295217 0.019245774 
0.0561852 -0.009962869 -0.059988894 
-0.025224907 0.028318156 -0.07484593 
-0.034778707 0.0256007 -0.06837916 
-0.080347866 0.09338377 0.043800265 
-0.0030234703 -0.029991101 -0.071846224 
0.0037221457 -0.022085564 0.067212515 
0.006508084 0.047300283 -0.021265222 
0.019557169 0.047765348 -0.017304253 
-0.054518875 0.025741633 -0.021179909 
0.0015841392 -0.021143189 0.05962209 
-0.008396532 -0.15593818 -0.13853237 
0.022039264 -0.08603231 -0.15208766 
0.06336854 -0.0054282034 -0.00076346815 
0.045334995 0.06888849 -0.032857683 
-0.0065481905 0.09499697 0.052373905 
-0.0045219595 0.0519885 -0.042131796 
0.023172844 0.032095734 -0.05724953 
0.027075198 -0.006375259 -0.023915071 
0.040188704 0.050911866 0.011965335 
-0.009501813 0.033496127 -0.041177873 
-0.069433235 0.052777126 -0.023545757 
-0.035722654 0.01583574 -0.008512308 
0.02587945 -0.05944985 -0.019055877 
-0.057516985 0.023173658 -0.062764086 
-0.07017608 0.053711325 -0.042273786 
0.023183411 -0.07886817 -0.095167264 
0.011580213 -0.004594563 -0.027566087 
0.046327826 -0.017865663 0.053229485 
-0.060424957 -0.023818906 -0.041168816 
-0.033031777 -0.04053967 -0.007209906 
0.026225647 0.04517272 0.0061258436 
0.008340581 0.012326343 0.0069460007 
-0.05261168 -0.04169113 0.060712982 
0.018774195 -0.026879493 -0.056421347 
0.05749818 0.013523288 0.0135871265 
0.033507805 -0.040518884 -0.049527373 
0.05094404 -0.037904963 0.0012375548 
0.010262874 0.023521377 -0.04422432 
-0.008202578 -0.043459754 -0.0046556117 
0.030009348 -0.041671257 0.065828 
-0.050044958 -0.057134632 0.037311938 
-0.04114586 -0.041703932 -0.023348486 
-0.02677932 0.009891688 0.031976532 
-0.013766566 0.039920386 0.020379446 
-0.041103277 -0.0102327755 -0.041095592 
-0.039106935 -0.06489151 -0.07614369 
-0.01376645 0.041535776 0.06212945 
0.03243917 0.093679965 0.03641339 
-0.085675545 -0.122998126 -0.1205014 
-0.032467328 0.053913187 0.1004623 
-0.016608069 0.07227806 0.048524268 
0.071961336 -0.038931157 -0.04094862 
-0.025888443 -0.009899335 -0.051527143 
-0.048611052 -0.020423196 -0.03653602 
0.015025883 -0.0067053908 0.019528955 
0.027215216 0.023634339 -0.041253224 
0.04572245 0.07384404 0.08943853 
-0.05825708 0.0018061022 0.048426088 
-0.056443993 0.042050622 0.000119407305 
0.023875235 0.018971106 -0.0052587506 
0.011685305 -0.07850577 -0.05198488 
0.025890566 0.032645892 0.020537453 
-0.061936527 -0.07283871 -0.053613387 
-0.020046808 0.024401693 -0.025662323 
0.038144436 0.0012403581 -0.076349325 
0.0073973164 -0.015452697 -0.06572498 
0.03781327 -0.050195802 -0.034665488 
-0.056585196 -0.047858898 0.034354836 
0.056431886 0.0654892 0.062068243 
0.0035898346 -0.06825844 -0.09244448 
-0.080875635 -0.044462077 0.023617713 
0.059895232 0.11142068 0.020711947 
0.065006696 -0.009502561 -0.0729383 
-0.03550683 0.006387676 0.05966718 
-0.03969835 0.07253205 -0.01657611 
0.0020264983 -0.013313651 0.03528848 
0.042723823 0.06437185 -0.00042617792 
0.031671897 -0.024145907 0.01182521 
-0.035718963 -0.03723945 0.056711417 
-0.055241987 0.054994185 -0.025870739 
0.021991964 -0.045901667 -0.0066277934 
-0.015165422 -0.0030768448 -0.015010254 
-0.016135301 -0.040539164 -0.008218263 
-0.005237441 0.087121986 -0.034770288 
0.031842135 -0.31032112 -0.029836906 
0.15261768 -0.06652098 0.09047707 
0.17922553 0.20801772 0.23886311 
0.07830219 0.04127642 -0.0058665075 
-0.1282399 -0.08805022 -0.017252972 
-0.03270565 -0.005623492 0.13540578 
0.009322843 -0.07293764 -0.07085635 
-0.11227425 0.026246969 -0.14426944 
-0.014841194 0.14723098 -0.08416661 
0.037988003 0.121322885 0.12666531 
0.118808925 -0.02868375 0.020455359 
-0.079152 -0.036534272 0.076940134 
0.023707429 0.016814321 0.047582727 
0.018625423 -0.06775533 0.14619723 
0.050563216 -0.03500747 0.08380763 
0.110909395 -0.0625328 0.0039230105 
0.086445004 -0.07066516 0.06310889 
0.12127463 -0.0074186586 0.18978602 
-0.00023043736 0.038074996 0.03116167 
0.12613244 -0.021322038 -0.020301268 
-0.0032983324 -0.0218653 0.06357351 
0.01902906 0.12466142 0.22836949 
-0.030456115 -0.102517195 0.16591822 
-0.19903243 -0.16330703 -0.13119511 
-0.0021632828 -0.04257962 -0.021348655 
0.003779549 0.062917694 0.021012725 
0.067221686 0.03508037 0.025349053 
0.038714953 0.033723965 -0.059723258 
-0.035903636 0.06596174 -0.032812186 
-0.049604405 0.06430866 0.016508995 
0.027093511 0.0031044092 0.024772013 
0.17491706 -0.008398687 0.08770227 
0.21224554 0.12724757 0.32387897 
0.050331578 0.06918777 0.16089353 
0.044389255 0.020331467 0.10876596 
0.14390811 0.15594177 0.1266581 
-0.098482534 0.072762676 -0.10673887 
-0.21446536 0.119076096 -0.16889924 
-0.2070721 0.2538122 -0.13239674 
0.05473692 -0.00038566816 0.009165161 
0.0153399175 0.06278457 0.08838147 
-0.050959006 -0.051522575 0.003800339 
0.089332454 -0.03955078 0.10930945 
0.07147395 0.044799514 0.11402985 
-0.026363725 0.049911536 0.16937639 
-0.054803867 -0.05754827 0.008513367 
-0.11253434 -0.057729017 -0.012362629 
-0.05183842 -0.21094394 -0.11733934 
-0.1312284 0.060274646 -0.062157813 
-0.10832215 0.17242745 -0.029176287 
0.022207592 0.12081306 -0.1287312 
-0.19698 -0.19949126 -0.15197583 
-0.02420306 -0.14106481 -0.043810315 
-0.054913953 0.19542004 0.11139218 
0.23168209 0.012639613 0.027225876 
0.026613312 -0.066339605 -0.13182582 
-0.0067157345 -0.02133554 -0.058749963 
0.12348477 -0.18786013 0.11608124 
0.20139849 -0.065519035 0.23118246 
0.05907706 0.09703039 0.20987388 
0.1490108 0.11273816 -0.07211612 
-0.04288564 -0.08350855 -0.044050507 
-0.1344161 -0.1132927 -0.086940356 
-0.0056164507 0.03536553 -0.07065869 
-0.026352538 0.10228741 -0.09696615 
0.00091030524 0.05629908 -0.22741506 
0.016390229 0.06042048 -0.04309955 
0.020561341 0.035469662 0.057503857 
-0.010015248 -0.0511066 -0.04733245 
-0.06205725 0.09674298 -0.006151625 
-0.012164554 -0.007239535 -0.090334795 
0.123768404 0.019023422 0.0039449786 
0.02876316 -0.01839287 -0.050551686 
-0.06984037 0.058312006 0.08515494 
-0.04638789 -0.030190956 -0.05224284 
-0.08685309 -0.18978491 -0.11774505 
-0.084722966 0.052955814 0.049295183 
0.106892504 0.14081149 -0.0013832815 
-0.038526047 -0.025275946 -0.020971334 
0.030100018 0.055580474 0.015087712 
-0.008172194 0.01139639 -0.008722854 
0.03603335 -0.004446802 -0.026444046 
-0.015344024 -0.037702292 -0.00023881119 
-0.08963468 0.03261464 -0.008937622 
0.29021305 -0.050113827 0.0046843984 
-0.02405166 -0.13046795 -0.046729058 
0.04951146 -0.029555107 0.043450423 
0.14031951 -0.046826378 0.024380468 
-0.10473349 -0.046855193 0.06392768 
0.0258852 0.031156078 0.09517399 
-0.10887281 -0.16168363 -0.09407709 
-0.07073977 0.11194286 0.08763461 
0.10020159 0.07767295 0.05640659 
-0.056435663 0.081957735 -0.03316554 
0.088881895 0.08550523 0.020995662 
0.10409047 0.029700356 0.04413698 
-0.068935536 -0.011888644 0.0041399836 
-0.09952688 0.01202344 -0.018071143 
-0.08941131 0.036569808 -0.02098762 
-0.032638177 0.041147657 0.062747024 
0.029014543 -0.016043497 0.00069187896 
0.027709778 -0.018589241 -0.019395858 
0.07134768 -0.1696441 -0.07016124 
-0.085134044 -0.09204121 0.016858662 
-0.12547675 -0.039714396 -0.055185806 
0.024278441 -0.029823236 0.0074124304 
0.037630152 0.046667602 -0.014202002 
0.06879413 0.025682816 -0.006848153 
0.021339264 0.1599934 0.18112026 
0.0072937114 -0.011240739 -0.037061457 
-0.10348354 -0.0077687684 -0.14581901 
0.0035158873 0.04701836 0.016159292 
0.05286173 0.010156276 -0.024944058 
-0.023395926 0.03703969 -0.08662429 
0.082343265 -0.048741937 0.041612748 
0.0019991184 -0.12899105 0.056184337 
0.008684933 -0.029273463 -0.0057941163 
-0.1511998 0.074141204 0.12884004 
-0.10136251 0.08067474 -0.04242493 
-0.080618665 0.06625438 0.025931481 
-0.04030501 -0.19158678 -0.14835335 
-0.04098036 0.20109853 0.16145642 
0.07929325 0.14733452 0.021709679 
0.061211783 -0.08127181 0.063631244 
-0.11169971 -0.14792219 0.110900424 
-9.509563e-05 0.12072591 0.10936384 
0.09816029 -0.02163344 0.06189517 
-0.030412849 0.0742388 -0.0410329 
0.15326501 0.068009704 0.062360022 
-0.16023676 0.10631286 0.1998478 
-0.09420514 0.081487656 0.027702786 
-0.07944761 -0.06562814 -0.07820361 
0.08431606 0.027787058 0.023990197 
-0.01988472 -0.009793511 0.0073300404 
-0.055448107 0.022904512 0.06403109 
-0.10417728 -0.046960413 -0.0008936518 
-0.013065059 -0.10183093 -0.049508277 
-0.042651054 0.030317767 0.014614773 
-0.032268014 0.06378016 0.006523866 
-0.013195777 0.02096218 -0.002246231 
-0.060690142 0.002419589 -0.06605352 
0.045863125 0.016394198 0.21604468 
-0.05809214 -0.057971835 0.12928914 
-0.124298066 0.010935143 -0.02094709 
-0.169409 -0.101625174 -0.1835441 
-0.02886151 -0.04623624 -0.14825912 
-0.026505798 -0.02818397 -0.0028377776 
-0.12800664 -0.07373363 -0.110654786 
-0.0068130074 0.09200233 0.041805 
-0.11123452 -0.1513937 -0.025621073 
0.055581182 -0.033271052 -0.05303167 
0.02589386 -0.0075577307 0.052451473 
-0.02815882 0.030887775 0.06166003 
0.08038764 0.017973892 0.05917905 
-0.0764656 -0.01585014 -0.009742454 
-0.029699812 0.081542484 0.024703875 
0.04352654 -0.041704524 -0.07721519 
-0.048152164 0.06441001 0.07006381 
0.12103732 0.13883463 0.04996652 
-0.042186826 -0.042871904 -0.006386278 
-0.12306477 -0.07343527 0.04567564 
-0.00044014468 0.05522549 -0.029347837 
-0.1172582 -0.025389316 0.032271206 
0.048563726 0.026246933 -0.07876783 
-0.122122794 -0.06545752 -0.044502903 
-0.029138587 0.060524806 0.031962253 
-0.07229528 -0.08701828 -0.0065721055 
0.0037462555 -0.034272127 0.088025995 
0.011858467 -0.05414344 -0.046864904 
0.06282769 0.047396395 -0.032563537 
0.037068415 0.024507206 0.0032492988 
0.05015312 -0.015899617 0.022456687 
0.060681593 0.011901661 -0.005189786 
0.02222022 0.047384825 -0.037474968 
-0.19386868 -0.1594511 -0.07401762 
0.065368 0.00708763 0.08830838 
0.19625302 0.09163376 0.09159399 
0.12405433 0.05873212 0.16075858 
0.022690011 0.055541057 0.05418267 
-0.053418383 -0.08672222 0.015530997 
0.12340932 0.052786995 0.060428046 
0.07978115 0.06697807 0.024047945 
0.1363124 -0.055572867 0.01795732 
-0.07160711 -0.03923907 0.042192373 
-0.039598793 -0.064087145 -0.018987035 
-0.0061329524 0.017999113 0.013491274 
0.048970938 0.032674838 0.043207258 
0.01151105 0.048571125 -0.08916006 
-0.06915763 -0.004822669 -0.06373026 
-0.08685188 -0.09146867 -0.010238937 
0.0026241664 0.014037477 -0.009871866 
0.066352926 0.16249436 0.23236054 
-0.16703646 0.10316872 -0.14276895 
0.053306144 0.16859378 0.16758275 
-0.02067663 -0.023853753 -0.12713407 
-0.21231537 -0.030575398 -0.16295563 
0.030630248 0.1123519 0.163274 
0.19151631 0.06483199 0.031807568 
-0.09674971 -0.042632595 0.010261922 
-0.035632752 -0.04906326 -0.015992101 
0.010053753 0.0021066272 -0.047980588 
-0.03922461 -0.11144299 -0.11485545 
0.05408386 0.006648182 -0.09458185 
0.057736155 0.13793592 0.11495257 
-0.0028549153 -0.031210862 0.07489285 
0.03876135 -0.005240559 -0.074284405 
0.011743826 0.024497049 0.055546667 
-0.014135321 -0.038594745 0.0016864554 
-0.005118768 0.02653108 -0.048806306 
0.0651662 -0.10414023 -0.08607254 
0.060326003 -0.017828768 0.02952202 
-0.006305481 -0.06646217 0.037747882 
0.064429395 0.021055372 0.007151013 
-0.18333857 -0.06600515 -0.029164197 
0.08619115 0.027436413 0.052590676 
0.25423628 0.038326617 -0.015162258 
0.028265638 -0.14911741 -0.24876966 
-0.036304045 0.061389655 0.049521644 
0.049858395 0.018202268 0.13015206 
0.16966332 -0.077258356 -0.2471685 
0.1310111 -0.12873238 -0.27216533 
0.0343438 -0.011295765 -0.021613158 
-0.07871324 -0.000391205 -0.028191522 
0.027566483 -0.03597881 0.055773225 
0.04039069 -0.006012086 -0.07276915 
0.050216574 0.0012048722 0.024739135 
0.06811889 -0.08099496 0.077610984 
-0.067188844 0.04722035 0.07777857 
0.048708215 -0.022657642 0.0033373865 
0.08394793 -0.13674933 -0.1348825 
0.064986534 0.03712825 0.06743908 
-0.0031800012 -0.01473908 0.082871534 
0.11581955 -0.015365269 0.07934844 
0.054380585 0.12718202 0.15014537 
0.099667214 -0.08428502 -0.04188117 
0.11893423 -0.02457815 -0.0030390655 
-0.0056014126 0.04398869 -0.030900445 
-0.015012159 0.04841996 0.24243996 
-0.03093449 0.097085804 0.10745424 
0.074272856 -0.11038867 -0.09169773 
0.017200323 0.029421605 0.03483022 
0.049299173 0.04280684 0.053726997 
-0.027819254 -0.0074627427 0.064549625 
0.06125956 -0.0142725855 0.02038133 
0.038383435 0.037357453 0.04218008 
0.06520856 -0.026227834 0.0073396964 
0.21270742 -0.009425871 -0.18663915 
0.27656803 0.0040459963 -0.26046574 
0.17863165 0.027478145 -0.20870376 
0.0071225767 -0.08928012 0.09402542 
-0.114800565 -0.044488132 0.005567776 
0.12624522 0.10206737 0.10516878 
0.022861706 0.115182064 0.06367627 
0.17289372 -0.07946729 -0.16454142 
0.12037398 -0.1140159 -0.17305653 
-0.09425422 0.05386079 0.032986622 
0.0021664163 0.046758324 0.007746679 
-0.023370609 0.03035338 -0.06881076 
0.036535524 0.0031272946 0.10500925 
0.016548948 0.059377253 0.10581925 
0.07423726 -0.029791238 0.17731029 
-0.09739752 0.13061634 0.026176156 
-0.06544427 -0.006538518 0.028797662 
-0.037057333 -0.042136457 0.014689623 
0.20445329 -0.07155648 -0.15546049 
0.3063542 -0.116419725 -0.32434464 
0.18070762 -0.07520914 -0.19545564 
0.23422112 -0.04832207 -0.11100077 
0.2305967 -0.15043761 -0.4121203 
0.079095766 -0.080543794 -0.15494269 
-0.001320597 0.028697992 -0.09162436 
0.00064331567 -0.006585736 0.0007838947 
-0.0631956 0.048457757 0.16334046 
-0.054941516 0.04614777 0.002731132 
-0.03414567 0.10978287 -0.013579422 
-0.04167842 0.03868239 -0.010810561 
-0.02304814 0.05380032 0.04643272 
-0.018181475 0.05385959 0.011674348 
0.05755466 -0.01654712 -0.08665698 
0.018910915 -0.022704102 -0.09492491 
-0.049845014 -0.1014791 -0.011389064 
0.10245786 0.11927774 0.104073234 
0.04772815 -0.021198785 -0.03285046 
0.013374258 -0.035598412 0.10230409 
0.073641434 0.004064191 -0.019792974 
0.060671788 0.027788566 -0.17561984 
0.30866718 0.018810913 -0.27165523 
0.2569041 -0.013176033 -0.21302386 
0.15106466 -0.027575294 -0.01595183 
0.004201284 0.104378656 0.004543708 
-0.28877485 -0.16792677 -0.2679986 
-0.033664457 -0.13171577 -0.09181589 
-0.040809732 -0.026425857 0.13411283 
-0.31508383 -0.14877306 -0.3085924 
-0.049472302 0.08543521 0.093956046 
0.020257862 0.008414617 -0.050378807 
0.07225232 -0.026081929 0.11697524 
0.014575165 0.0041529858 -0.020567952 
-0.10466006 0.050422445 -0.06492815 
-0.022346023 -0.0047019515 -0.032416925 
0.18125156 0.026098175 0.066591896 
-0.043782532 0.023984017 -0.07217905 
-0.10198706 0.02945525 -0.08853106 
0.232326 0.0791747 0.15197547 
-0.042238228 0.19516948 0.09974705 
-0.3047505 0.049025208 -0.36141595 
-0.0618339 -0.08311172 -0.068783775 
-0.097383 -0.08555291 -0.15207365 
-0.14040557 -0.03696915 -0.10398363 
-0.051329046 -0.016750809 -0.02493457 
-0.11870579 -0.0391165 0.02079189 
0.08621186 0.22011673 0.11899635 
0.01128159 -0.08174276 0.027406251 
-0.025232427 9.520916e-05 -0.025301956 
0.030478938 0.029311532 -0.014937833 
0.034651704 -0.049122334 -0.007281868 
-0.03042783 -0.027494946 0.0059614456 
-0.030106341 0.018930387 0.0065928535 
0.21124934 -0.0829379 0.01798282 
0.026213702 -0.013001901 0.01164028 
-0.39476454 -0.15669902 -0.33530003 
-0.10892212 -0.03462375 -0.13840799 
-0.027438618 0.0013253773 -0.008719998 
-0.11156495 -0.0581718 -0.14756408 
0.02404429 -0.03508488 0.13299245 
0.17420608 -0.06924479 0.09422584 
0.0043112454 -0.16088139 0.026530452 
-0.0012426547 -0.004273654 0.029506994 
-0.019039001 -0.08085804 -0.074628025 
0.054356214 -0.0066548004 -0.06305874 
-0.09150049 -0.0149490135 0.001827035 
-0.12070516 0.08895683 -0.066376045 
-0.10190745 -0.033512563 -0.026414348 
-1.385397e-05 -0.10446838 -0.018551467 
0.17890416 0.04514253 0.18176161 
0.0071980404 0.025607768 0.028036179 
0.0748756 0.088018194 0.0151423635 
-0.040422097 0.043143164 0.06673327 
0.04748509 0.23761089 0.27392316 
0.12655278 -0.11478979 0.0681676 
0.105051264 0.24549216 0.17688486 
-0.16867459 -0.010290423 -0.094686344 
-0.057758875 -0.07555266 -0.05548824 
0.026789937 0.054890048 0.10833484 
-0.045854777 0.22134846 0.10912496 
0.07637378 -0.04118537 0.06991374 
0.12785253 0.12824495 0.020885222 
-0.40197593 -0.3119656 -0.5710525 
0.06772129 0.003033407 -0.04060908 
0.081105016 -0.07778931 0.017544966 
-0.040461965 -0.09823752 -0.057176307 
-0.05036833 -0.014274344 -0.02032992 
0.15687965 0.08236392 0.12288511 
0.025901055 -0.053159047 0.13130923 
0.0722506 -0.089950815 -0.017433701 
-0.08392617 0.0029172131 -0.025329212 
0.02206701 0.0036486092 -0.11078095 
0.082759395 -0.08366748 0.119682126 
0.09776049 -0.023245154 0.01812307 
-0.2954391 -0.07923075 -0.10928332 
-0.0458268 0.04574824 -0.06902639 
0.081360504 -0.0047598626 0.038741354 
0.027628781 -0.026168313 0.003730253 
-0.13042858 -0.15487461 -0.0055850344 
0.016677825 0.083132856 -0.06771769 
-0.18299249 -0.14481162 0.056854673 
0.018812627 -0.011405565 -0.075793765 
0.06264324 0.012266094 -0.016534504 
0.055078585 0.04867436 0.04394799 
-0.077208206 0.022932092 -0.02066142 
-0.06254833 0.033345718 0.03276366 
-0.09619781 0.008583448 -0.014730267 
0.037769146 0.06177584 0.10231836 
-0.025056167 0.08449622 -0.0038727783 
0.007989666 0.015163743 -0.04709469 
0.0313189 0.120700695 0.06345719 
0.025457582 0.01764253 -0.0026164667 
-0.12610123 -0.0010207808 -0.0054519554 
-0.04395417 -0.0066416445 0.026311237 
0.054505397 0.028349595 0.0043642283 
-0.13048007 0.06631965 0.020510022 
-0.010068594 0.007914384 -0.0067178635 
-0.08768428 0.056376982 -0.08148522 
-0.07903923 0.17186786 0.11871436 
-0.003683591 -0.029888906 0.053577367 
-0.0042173266 0.019870138 -0.05438126 
0.016261091 0.0016632717 0.064330816 
-0.036795374 -0.059123825 -0.05911856 
0.017288242 0.02075519 0.05778017 
-0.040977836 -0.0047898493 -0.056824222 
-0.03428535 0.004913545 0.1154458 
-0.08760104 -0.062406782 0.085368395 
0.1742978 -0.09668041 -0.04337178 
-0.032383002 -0.07125611 0.08971084 
0.07640402 0.034182563 0.046911925 
-0.0608525 0.06816224 0.1430657 
0.0042966935 -0.13233969 -0.15244545 
0.1187002 -0.013241563 0.041335665 
0.19433863 0.07669055 0.2504251 
-0.067188434 -0.075756654 -0.016096564 
-0.010288911 0.041741427 -0.04950545 
-0.045449186 -0.044764962 0.0073865475 
0.01804651 0.026136069 -0.06722858 
-0.002101636 0.094230786 -0.06414168 
0.061151754 -0.029394433 -0.002307715 
-0.109561406 -0.08277681 -0.11337103 
0.0017647821 -0.044522867 -0.101773635 
0.113579474 0.017009683 0.14447066 
0.13756476 0.12549731 0.141055 
-0.04539875 0.124107264 0.007477419 
-0.2441121 0.04636435 0.081858285 
0.0490894 0.049514644 0.03561673 
0.042648707 0.046716064 0.10821228 
0.04749452 -0.13331537 -0.0066838088 
-0.25411198 -0.13879706 -0.22717719 
-0.045047443 0.0444878 0.08790493 
-0.06657797 0.016431611 0.11007883 
-0.1514059 -0.061351225 -0.06124984 
0.10472945 0.10914806 0.0961549 
0.22562113 -0.021045066 0.1536243 
-0.051710766 0.024339153 0.06674638 
0.050941426 0.061309833 0.0050286055 
0.06411507 -0.09625896 -0.018192424 
-0.065587275 -0.055575393 -0.12963872 
0.10310451 0.004895264 0.117765486 
0.13000138 0.086933754 0.097392224 
-0.010959546 0.05270085 0.016400753 
0.00014181437 0.047577124 0.051582273 
0.06302618 0.02193161 0.039787512 
0.0075113857 -0.07261448 -0.10329976 
0.06945321 -0.021819767 0.026783187 
0.44187874 -0.11084881 0.04732578 
0.028681727 0.048413284 0.008114677 
0.016778255 -0.05997966 0.005125038 
-0.17484762 -0.088646576 0.07578815 
0.13148117 0.042146698 0.10137239 
0.07745441 0.08888674 -0.049634434 
0.11727481 -0.06578202 0.12612858 
0.0100317905 0.025466993 0.033644587 
0.020145489 0.10160398 0.04288194 
0.09624029 0.055721227 0.1097687 
0.022563115 0.0722616 0.019093893 
0.0016050693 0.045630645 -0.055492803 
0.041217092 0.113497324 -0.08510956 
-0.014211436 -0.17125033 -0.18220028 
0.008328428 0.0223625 -0.025034761 
-0.017353266 0.14056861 -0.09618374 
0.12261105 -0.052915454 -0.20599355 
0.029103132 -0.08469315 -0.12255669 
0.1845754 0.021138933 0.14170912 
0.039622013 0.04283492 -0.13080369 
-0.14125344 -0.05918338 -0.21049453 
0.28847423 -0.20375024 -0.093765035 
0.07257103 -0.07042646 -0.02263176 
0.066116236 0.005346005 0.072715625 
0.025572179 0.030590057 -0.08769461 
0.0363651 0.003514129 0.032348257 
-0.039977916 -0.012794624 -0.039739687 
-0.07262794 -0.10240761 -0.030477688 
0.0060228175 0.04052836 -0.013089798 
0.037130263 -0.053246398 0.0119079705 
-0.080093674 0.0006772731 0.021935955 
0.22742464 0.063888915 -0.010034163 
0.08271085 0.09402514 -0.07522903 
0.16224103 0.19230425 0.24484025 
-0.11878632 0.06223485 -0.035727594 
-0.12418523 0.054392494 -0.020373272 
0.07195384 -0.022962078 0.23237044 
0.054517817 -0.10247412 0.10269559 
0.14689662 0.13489793 0.18399811 
-0.010313296 -0.045953702 0.0872638 
-0.00096240727 -0.029099276 0.031261988 
-0.027164565 -0.0033469198 -0.013232673 
-0.08688767 -0.01253384 -0.04073289 
-0.020085445 -0.03208772 -0.054444585 
-0.040085115 0.022672199 0.02479652 
0.011098135 -0.07501013 -0.08586357 
0.07121896 -0.012864014 -0.06036689 
0.10162479 0.021110673 -0.055696756 
0.061841242 0.09828306 0.017476859 
0.06137648 0.023004038 -0.017494762 
-0.09153014 0.13142565 -0.046068758 
0.38394028 0.10303794 0.18262842 
-0.07930216 0.014147226 -0.07106641 
-0.14862761 0.1990607 0.14336498 
0.019608308 0.059688207 0.11447309 
0.046390887 -0.16804221 -0.14646265 
-0.027820854 0.024049575 0.057727292 
-0.048992783 0.120233625 0.11364417 
0.05890525 0.07092747 -0.12877537 
-0.0070988447 -0.013268639 -0.04866502 
-0.2041632 -0.038082056 -0.09924094 
-0.052328575 0.017074699 0.021291308 
-0.07375488 -0.03738095 0.030561734 
-0.0416418 -0.019089343 0.080786005 
0.021000937 0.0058306046 0.088209055 
0.12745568 0.01814569 0.0792229 
-0.07584112 0.062778436 -0.13478675 
-0.08212753 0.02661337 0.042162415 
0.033214595 0.03901217 0.018893257 
-0.17423733 -0.037664145 -0.07446943 
0.2115315 -0.056628432 -0.15157343 
0.06847922 0.18097258 -0.033340186 
-0.027243705 0.29907984 0.34569952 
0.058795396 -0.036532134 0.016230488 
0.15770634 0.15462579 0.10527818 
0.0663049 -0.0020008723 0.0021826783 
0.013290052 -0.033429403 0.15353563 
-0.06690258 -0.035858374 -0.119951405 
-0.0034023286 0.01408072 0.114471264 
-0.10011073 -0.074161075 0.04833306 
0.0921849 0.03499655 0.065997034 
0.13158008 0.10086895 -0.029490879 
0.10258016 0.049684774 0.09868683 
-0.0075134733 0.06189853 0.020605538 
-0.14597216 -0.0066729565 -0.005016235 
0.15260544 0.027144589 0.27829233 
-0.055990994 0.023318114 0.06549367 
-0.13162352 -0.053175166 -0.048532672 
0.1655502 0.0677869 0.1767587 
-0.011837128 0.020864595 -0.061588485 
0.14288421 -0.019361379 0.03470419 
-0.086824216 -0.050477225 -0.08470228 
-0.12382273 0.024993287 -0.10882062 
0.05698142 0.03713645 0.100998595 
0.080789946 0.033576377 0.023254856 
0.046322826 0.09938139 0.1366304 
0.03551952 -0.097657286 -0.054489303 
0.0149563085 0.012222808 -0.047611866 
-0.03383742 0.03873799 -0.03975952 
0.018089628 -0.0039562737 -0.015806176 
-0.05571481 -0.010557989 0.04509685 
-0.02787068 -0.032279547 0.052807085 
-0.056657758 0.010603811 -0.04597122 
0.06456433 0.014695409 0.21553707 
-0.049071938 -0.08525818 -0.10749797 
0.10961853 0.038285173 0.12237215 
-0.08102556 -0.05511119 0.10149809 
0.089936644 0.013972663 0.19287921 
0.042134017 0.036699206 0.11332736 
0.08883947 0.024505371 0.1016614 
0.08697052 -0.120375164 0.07096614 
0.06317386 0.018257128 0.18261695 
-0.06528478 -0.0007650058 -0.0513893 
0.02958415 -0.0027805772 0.053697027 
-0.041162055 -0.03638624 0.022163378 
0.035154946 0.0314589 -0.015783763 
0.09026476 0.091630556 0.102266744 
-0.0656198 -0.012507108 -0.01192646 
0.065163895 0.10369982 -0.0842174 
0.123065494 -0.10137552 -0.14648035 
0.09418135 0.0395618 -0.05209685 
0.14082395 -0.036840685 0.29499957 
-0.29321256 -0.0011755541 -0.07399438 
-0.02381212 0.11742917 0.092203334 
-0.0012042429 -0.06068111 0.12618136 
-0.16133419 0.05670442 -0.057145685 
-0.061329212 0.03940684 0.11844373 
0.0025756021 -0.106477164 -0.17635867 
0.027317224 0.0635141 -0.054549914 
4.0753737e-05 -0.085034385 -0.063489124 
0.16738404 0.07138717 -0.056491878 
0.12933798 -0.17867361 -0.21944505 
0.13922767 -0.15146327 -0.26752865 
0.033509392 0.0037037015 0.18370552 
0.07988695 0.009367986 0.01850435 
0.056354694 -0.052740585 -0.040122475 
0.016042888 0.0883721 -0.09654561 
0.09318655 -0.01393819 0.056929063 
0.004863037 0.046113618 0.0014493811 
-0.01722939 0.023812016 0.045687463 
-0.012042246 0.076137096 -0.019785779 
-0.04204439 0.050640088 -0.09908652 
-0.008193519 0.028992759 0.16786067 
-0.12604362 -0.10681798 -0.1768441 
0.03487792 0.11784898 0.2582046 
0.19215415 0.09253984 -0.039042212 
0.043972507 0.09683783 -0.10272733 
0.028135128 0.025783896 -0.04891202 
-0.0949226 -0.031728882 0.048411973 
-0.05175677 0.02672226 -0.074589826 
-0.023006793 0.007266101 -0.17742491 
0.06834379 0.047792766 -0.02311959 
0.0123039475 -0.05835739 -0.04581219 
-0.039130487 -0.06889046 0.11488954 
-0.07950332 -0.062637284 -0.00061811676 
-0.069662794 -0.09485506 -0.037759427 
-0.013582556 -0.048948456 -0.052092936 
-0.14288223 -0.04866839 -0.025521692 
-0.07172768 -0.15955386 0.029991096 
-0.011432796 -0.0137358615 -0.03146924 
-0.12637001 -0.086966686 0.11162192 
-0.03849487 -0.056656826 0.028576229 
0.06646791 0.069625586 -0.1375178 
0.028127316 -0.0072081517 0.13194428 
-0.025112819 0.046795055 -0.013911079 
-0.003093595 -0.03863952 -0.037512626 
0.04212461 0.023641065 0.018220795 
0.022160895 0.016170587 0.045829594 
0.09222201 0.03814677 0.13136287 
-0.0056888736 0.03608192 -0.0056430157 
-0.08279693 0.03518455 0.059936717 
-0.07812711 0.0043519875 -0.07096918 
-0.067216605 -0.02021522 0.014446961 
0.029916294 -0.06139351 -0.0032416182 
-0.0029993695 -0.039856765 0.03700966 
-0.16188909 -0.0658923 -0.2217691 
-0.0066709695 0.13012724 -0.1087582 
-0.13353293 0.08894347 -0.30169657 
-0.023858838 0.030263703 -0.047871955 
-0.19890521 0.0033031395 0.008475508 
-0.047045987 -0.016061034 0.06427871 
-0.037003927 0.02969934 0.07326311 
0.005961357 0.0530771 0.065030955 
-0.03762313 -0.111926995 -0.081182316 
0.023560295 0.08337587 -0.004739115 
-0.051597957 0.06447059 0.059833307 
0.023306023 0.008922523 -0.05263364 
-0.06103247 -0.0737141 0.023698235 
-0.054991126 -0.10709207 -0.10565955 
-0.057150327 0.079353124 -0.08533919 
0.07418398 0.02411207 -0.0115119275 
0.09336794 -0.004059448 0.004134478 
-0.012617991 -0.115827605 -0.22475281 
-0.18838164 0.10242888 -0.07281289 
-0.04366446 -0.042227983 0.19754341 
-0.074736476 0.026739901 0.10185605 
0.016589696 -0.0025674365 0.02040773 
0.050005656 0.17349608 0.037479535 
0.006367843 0.099076465 -0.21148337 
-0.07595155 -0.07510098 -0.07450855 
0.062974475 -0.088625826 -0.113304086 
0.059048135 -0.025103455 0.056509137 
0.16778581 0.0033513487 -0.02365379 
0.21649502 0.21789113 0.0039198957 
0.1454783 -0.04341719 -0.21353689 
-0.010413796 -0.11067761 0.08941029 
-0.16692026 -0.0691008 -0.04085498 
0.1268085 0.15654708 0.020689854 
-0.07116889 -0.043277957 0.001699881 
0.04003393 -0.027192075 -0.084729634 
0.10655043 -0.013329192 0.18974389 
-0.013771517 0.022497658 -0.03048096 
-0.12285174 0.0116607 -0.032632537 
0.009043673 0.051028457 0.09734973 
-0.07644922 -0.050469223 -0.13485561 
0.04116653 0.20808993 0.008056701 
-0.08716469 0.08443282 -0.25687218 
-0.010398959 0.15271547 -0.030635672 -0.014390305 -0.025785921 0.09141826 -0.04617339 0.25742197 0.020658813 0.048226554 0.19098969 0.43569893 0.017760146 0.15761079 -0.017162282 0.6176178 
0.037932713 0.031947266 -0.10609891 0.022093141 -0.0033878237 -0.08606164 -0.07765748 0.030423861 -0.009254851 -0.062177155 0.013413811 -0.010579932 0.011737353 0.10353238 0.0052479105 -0.0760482 0.015415375 0.0061536008 0.077130035 -0.010094296 -0.007854026 0.014552543 0.021544725 -0.09333677 0.024144169 0.04017424 -0.08884643 -0.00040436976 -0.08220861 0.07392271 0.00073620497 0.024247225 0.09691698 0.009381981 -0.092161566 0.05695191 -0.017096825 0.08457154 0.014459912 0.034268927 -0.007817088 0.12537204 0.002577784 0.12824251 0.030894037 -0.11426225 -0.11080481 0.04228773 -0.020474827 -0.06695799 0.07563614 -0.020610567 0.15312895 0.021894455 -0.008872484 -0.07438021 -0.12776798 0.04196912 0.079649135 -0.10846555 0.1168295 0.0066360175 0.017763132 -0.10801235 
0.104080245 0.23773989 -0.10513162 -0.031855445 0.07799369 -0.0035941536 -0.010284731 0.026761603 0.07123101 -0.09541478 -0.09624114 0.12760772 0.14350432 0.13538368 -0.147877 0.06446132 -0.0026164765 0.09387737 0.17127241 0.18633394 -0.15385701 0.07955409 -0.14523222 -0.036564246 0.005281024 -0.02772923 0.02646037 0.084704325 0.012161882 0.19880654 -0.0744846 -0.13506745 0.04695601 -0.09636262 0.092903085 -0.24845672 -0.032285802 0.033368874 -0.2296547 -0.01971107 0.17420433 -0.05199475 -0.19588184 -0.07621594 0.09627379 -0.021527033 0.034514498 0.10522117 -0.22571747 -0.023997862 -0.12854898 0.055954643 0.027676526 -0.13309936 0.26144764 0.015950404 0.12709163 -0.042652145 0.1884203 0.10241874 -0.17808466 0.104314946 -0.12809522 0.21191849 
-0.03643009 0.13308519 -0.25931364 0.12102829 0.037769575 0.078804195 0.07908772 0.002886548 0.03732931 0.0007225652 -0.044193115 0.059846766 0.045106467 0.11047304 0.08178001 0.045890797 -0.19593012 -0.07964659 -0.02941499 -0.098000936 -0.027325395 -0.05129225 -0.0032622737 0.0021367916 0.025030447 -0.056075495 -0.07656546 0.11636664 0.077805385 0.12963869 0.043789297 0.012626625 0.1297492 0.06768247 0.050667647 0.026319742 -0.06707134 0.034521762 -0.06242519 -0.044850975 -0.06458905 0.16108675 -0.14450409 -0.056905437 0.04695992 0.005181344 0.16906823 0.084083125 0.17016988 0.07876833 0.05149697 0.09458841 0.059323486 -0.024686053 -0.40594783 -0.22088942 -0.04189035 0.17363527 -0.11370089 -0.06670878 -0.08649744 0.04046217 0.10684677 0.10577521 
-0.15610887 -0.18346919 -0.207421 -0.12474515 -0.116967656 -0.20331629 -0.12785032 -0.13426583 0.015232448 -0.058513436 0.11858307 0.016110105 0.11377905 -0.2177919 0.009874146 -0.013807815 -0.11609128 -0.080610126 -0.028217193 0.16457555 0.095047325 0.01254804 -0.1132021 -0.06823656 -0.08586999 -0.123621516 -0.07368256 -0.013325674 0.13449886 0.24754201 -0.0228925 0.05215762 0.15417466 -0.05437165 -0.034961615 -0.092304826 0.012473361 0.07510789 -0.05900382 0.06303545 -0.09602665 0.019286143 0.011799204 0.11200197 0.17094305 0.15190962 -0.010507679 0.10180771 -0.25125605 -0.11422329 -0.12065852 0.0701462 -0.09526118 -0.07274837 0.097332396 0.122377306 0.08317726 0.054933224 0.24891844 -0.03375537 0.28469816 -0.032285314 0.11665081 0.21028736 
0.063409045 0.0066719255 0.2139714 0.09418633 0.046384268 0.17515585 -0.04072757 0.050772946 0.097073704 0.11455308 0.021562789 -0.035606142 -0.19769551 -0.2352365 0.025315816 -0.003214287 -0.014466593 -0.029031467 -0.22634606 -0.030121058 0.0034171292 -0.044868834 0.0018791943 0.055469442 0.11344472 0.06555286 0.07932878 -0.018749483 0.11840323 -0.10557894 0.15145947 0.10283773 -0.19104286 -0.12081433 -0.22701462 -0.0013939632 -0.11355634 -0.12209769 0.008633966 -0.20167609 -0.06377932 -0.23493376 0.10297227 -0.112445146 0.04350479 0.13536207 -0.016425056 0.0273368 0.14974147 -0.060816314 0.20464557 0.07584083 -0.05713972 -0.0027099801 -0.1046508 0.13298151 -0.035205703 0.009496974 -0.2063696 -0.007448665 0.042824436 0.14198749 0.07108558 -0.086109936 
0.18794665 0.2813033 0.2951323 0.05632343 0.16352703 0.2160616 0.07821636 0.0021685108 0.08676908 0.013214381 -0.12669599 -0.09237957 -0.089866616 -0.12276829 -0.15183882 -0.14669088 -0.13305129 0.12034402 -0.044269755 0.089041874 0.13583702 0.00966344 -0.013610391 -0.08017254 -0.053881813 0.117196865 0.03216368 -0.10017119 -0.012534895 0.08602542 -0.09120228 -0.060395956 -0.17068216 0.02556051 -0.061135147 0.009801311 -0.12422443 -0.10275775 -0.0031162829 0.1392857 -0.16601562 -0.13165696 0.016170138 0.07187521 -0.085974276 0.049084656 0.0036940477 0.0035561675 0.04382318 0.061296754 -0.17904031 0.12351742 0.18360162 -0.06550617 0.19820383 0.07489146 0.14326645 0.13215949 0.2018117 0.3396305 0.026654618 -0.105745696 -0.08542184 -0.18922506 
-0.025466476 -0.0103446385 0.21550328 -0.016375221 0.023477497 0.21162297 -0.17226698 0.19867754 -0.09094426 0.085129485 -0.041323017 -0.05371321 0.029277185 0.18117437 0.01592346 -0.2704084 0.04592573 -0.13454157 0.2236437 0.16470881 0.26845565 0.16948196 0.03134106 -0.13325669 0.08318997 -0.026207628 0.061963268 -0.105853975 0.049845703 0.20326045 0.051028028 0.1815102 -0.01716316 -0.10022168 0.10734754 -0.10987334 -0.2323435 0.038773127 -0.05193683 -0.12806308 0.08418162 0.086429514 0.18002115 -0.024709938 -0.10226534 -0.15277632 -0.06294441 -0.11522355 -0.1286749 -0.07182371 -0.07641955 -0.08456772 -0.07909487 -0.108739 0.01867876 -0.16300496 -0.13387442 -0.20527694 -0.045697246 -0.08999895 0.026885355 0.13851699 0.114066824 0.29476938 
-0.027808717 0.056019645 -0.055071827 0.15517023 0.06400446 -0.062083222 -0.03582841 -0.04130266 -0.069890656 -0.107547656 -0.040094502 -0.02332857 -0.10184157 -0.12341829 0.11642717 0.01827472 -0.06611072 0.06342774 0.01909533 0.023068484 0.01248331 -0.07402078 -0.11527713 0.02500329 -0.006990433 -0.121875174 0.010861815 -0.07210512 0.044489313 -0.09428145 -0.0041027875 0.0022154043 0.00020483574 0.039858237 0.0892176 -0.050233167 0.040777996 0.11688763 0.006622963 -0.11211719 0.041414328 -0.022824576 -0.10013038 0.1338796 -0.06681358 -0.061009947 -0.012086802 0.022840053 -0.065597154 -0.0073897224 -0.0984596 -0.089050524 0.10741841 0.10823283 0.13351172 -0.07546672 0.019388448 -0.14340031 0.116172604 -0.12428037 0.013251732 -0.1020486 -0.093040265 -0.10439597 
0.14370222 0.058653258 -0.03810343 -0.10985535 0.024616037 -0.03510393 0.0007757723 -0.08910453 -0.12234902 -0.049414374 -0.06488323 0.046079256 -0.08666272 -0.015758622 0.00055399205 0.06340572 -0.060716 0.08808661 -0.041125473 0.10256283 0.12830465 -0.008784058 0.09006891 0.01893667 0.0780669 -0.1048926 0.10222195 0.015432837 0.08187757 0.01865191 -0.119462654 0.0047262986 0.012848591 0.019717293 -0.022281483 0.07365476 -0.09630045 -0.032790937 0.11928135 -0.11917931 0.053051602 -0.11818636 0.025092611 -0.091496356 0.049159784 -0.044563584 0.046374 -0.11582294 -0.045194015 -0.030231507 -0.076648325 -0.0507426 -0.1242763 -0.10151312 -0.073379345 -0.095470846 0.045447603 -0.09128255 -0.11432371 -0.077699125 -0.1067876 0.11708514 -0.029922942 0.06510788 
-0.081748396 -0.03220782 0.24206248 0.094584696 0.086624004 0.11398913 0.03103993 -0.014593668 0.10055491 0.12385342 0.087897375 0.013476815 0.11282322 0.062122807 0.062391274 -0.08291561 -0.09257637 -0.035741262 0.024806553 -0.0007009314 -0.1222117 -0.15580283 -0.057102047 -0.04049763 -0.09142087 0.08282386 -0.09052245 -0.054651685 -0.25489876 -0.22397745 -0.08378815 -0.069674514 -0.05486262 -0.13948005 -0.0021495775 -0.010990211 0.07328298 0.07885055 0.13639762 0.044152487 -0.31330472 -0.10473039 -0.099852405 -0.2820491 0.04793544 0.18481612 -0.030679028 -0.053752623 -0.009350256 0.15801059 -0.116972886 0.0839936 -0.01843264 0.18039547 0.074788906 0.1821953 -0.083772495 0.0057663554 0.12348493 -0.098856054 -0.010838352 -0.016993184 -0.011678927 -0.11811217 
0.13056105 0.14793032 -0.10999065 0.09795839 -0.00073321426 -0.0989068 0.145754 -0.084409945 -0.0076421676 0.11308665 -0.028672887 -0.04955246 -0.021434257 -0.077765465 0.1285558 0.23706175 -0.15628779 -0.029001465 0.03129361 -0.06518833 -0.044187028 -0.13995686 -0.06020268 -0.00892116 -0.1239844 -0.10179298 0.064097464 0.022586377 0.012175427 0.005376854 -0.043616764 -0.18938477 0.07370161 -0.12438801 -0.027862506 -0.07085951 0.2298743 0.019152885 0.10351185 0.20231752 -0.19126756 -0.25937837 -0.15213223 -0.26114932 0.1864098 0.10690139 0.12790903 0.03438067 0.08284778 -0.054428995 -0.11203703 0.14574346 0.054025557 0.05946937 0.21305962 0.12643406 -0.076541744 0.023584103 -0.13764325 -0.13813733 0.12437568 -0.02542715 -0.0091627985 0.15956572 
-0.041998457 -0.18613037 -0.13053064 0.16770343 0.13358259 0.223001 -0.0014169458 -0.013525341 0.019489454 0.09379901 -0.0034276508 0.079884544 -0.0910521 0.2641409 0.022178624 0.08196422 -0.11970867 -0.11984051 -0.086325966 -0.18686247 -0.14036417 0.072211765 -0.096379146 -0.08923998 -0.02315118 -0.07675047 0.05434295 -0.025778903 -0.2972536 -0.23244882 0.18945478 0.50658906 -0.14321142 -0.10069496 -0.04072706 -0.17895998 0.03791689 0.022101741 0.12482967 -0.060214948 0.068536535 0.077831164 0.06426881 -0.06781603 0.006057724 0.11751405 -0.07069243 -0.050886933 0.2546857 0.11710274 0.16792148 -0.26263595 -0.06492695 0.08658361 -0.308077 -0.2070996 0.0017901977 0.10349151 -0.088525735 -0.10835328 -0.09157558 0.04499299 -0.13511044 -0.024355708 
-0.029408958 -0.1176094 -0.07444675 -0.071841724 -0.13193227 -0.0427782 -0.11441877 0.028822778 0.05786731 -0.06796256 -0.09750015 0.05944494 0.06536471 0.088226035 -0.066539645 -0.07500571 -0.10301764 0.011694107 -0.037178263 0.040512066 0.018935466 0.023198849 0.11987422 -0.07595107 -0.06008079 -0.083224595 0.021113105 -0.038524296 -0.031928007 -0.09165741 0.071289375 -0.1255893 0.042221542 0.018948179 -0.09321213 -0.082317166 -0.021774735 0.0065492354 -0.011354929 -0.008198393 -0.027470682 -0.035387497 -0.10812467 0.05376191 0.06829942 0.01532169 0.0501057 -0.025552053 0.07870442 -0.08657443 -0.016539246 0.06512167 -0.07033705 -0.003935722 0.052110884 -0.08361241 0.020651512 0.014473765 0.028982632 -0.0408419 -0.092519164 -0.050121404 0.013375701 -0.09743343 
0.071782455 -0.09322043 -0.12621021 -0.054469407 -0.05774622 -0.1592609 0.08722244 0.04041437 0.083214775 -0.11451377 -0.03533718 0.0829719 0.03526973 0.08493278 0.10073118 0.18874991 -0.00023414906 -0.11145721 -0.013958658 0.06985951 -0.08679338 0.10915854 -0.17769593 -0.056238 -0.10656707 -0.073126964 0.07347859 0.093893595 -0.0012560134 0.12489005 0.021568945 0.05627739 0.018133113 0.011348054 -0.13027172 0.0373945 0.11157935 0.026983667 0.11751286 0.12501064 0.064269975 0.16549042 0.0061505665 -0.011843362 0.08370674 0.093056545 -0.07347818 0.09604048 -0.07832454 0.05624182 0.12715018 -0.12782298 -0.0014180454 0.05436138 0.1331994 0.03669803 0.14949855 -0.06668932 0.11366109 -0.18142016 0.09186127 0.0061103804 0.012511844 0.0011133376 
-0.068264075 0.040000472 0.099209934 -0.06582206 0.1285085 -0.009436686 -0.099725865 -0.17670819 0.117455944 0.036512297 -0.025996914 -0.057920583 -0.17057422 -0.28394243 -0.011612243 -0.13627155 0.2462594 -0.033929273 -0.045556344 -0.09532136 0.21681944 0.06934602 0.042074155 -0.09674869 0.095239244 0.12005248 -0.03757284 -0.012058427 0.08209113 0.15458356 0.26832563 0.24244218 -0.2089124 0.096752815 -0.23033209 0.12440112 -0.09326741 0.12661783 0.02582678 0.32482427 0.008927627 -0.038193837 0.16928276 -0.07577557 0.015472975 0.15790465 -0.102760084 -0.14644547 -0.11071773 -0.21773341 0.13649715 0.0415292 -0.017214844 0.04658495 0.30446142 0.13064946 -0.024786726 -0.11050917 0.14631575 0.15619041 0.25370303 -0.20780396 0.21375725 -0.10504296 
0.07350139 -0.16261865 -0.04966661 0.10904365 -0.07885772 -0.08493534 -0.055642713 0.025750294 -0.08629781 -0.09581332 -0.114575215 0.057659265 0.11485288 0.089890815 0.07143071 -0.007989927 0.06718548 0.1286109 0.13717346 0.018542374 0.13645445 0.14066817 -0.1482913 -0.029414222 -0.09062183 0.09783154 0.06368453 -0.023937669 0.15195963 0.14925303 0.10337171 0.23811673 -0.064243235 0.033254027 -0.2301519 0.07671675 0.1393053 0.16718131 0.10203819 0.024085334 0.06319443 -0.04151659 0.09266563 -0.071436144 -0.12025242 -0.15852165 -0.081030026 -0.028044142 0.0981494 0.028982546 -0.04721175 -0.18667048 -0.022920987 -0.01320006 -0.012986319 -0.020340707 0.16880323 0.07857662 -0.0439504 -0.034646336 -0.08484374 -0.04394083 -0.0913706 0.059997015 
-0.0617893 0.10520568 -0.117044315 0.22533038 0.15381974 0.0029534088 0.08646694 0.04181971 0.04878439 -0.10588723 -0.11301213 -0.021098172 -0.07743684 0.09924607 -0.077401295 0.08769514 -0.024392141 -0.122461475 -0.0908748 -0.04831902 -0.14577034 -0.037381567 -0.033580653 -0.02207988 -0.10298065 -0.11031372 -0.03629531 -0.0030432104 -0.10157675 -0.017059768 0.20341948 0.075318225 0.2068922 -0.08607011 0.007818017 -0.1716339 0.15276901 0.08308748 -0.013546491 -0.04371805 -0.13868198 -0.1463068 -0.10782178 -0.11731154 0.12181346 0.23336175 0.16922139 0.22199324 0.047552817 -0.010721332 0.14486505 0.05063458 0.025089478 0.1574182 0.012756912 0.0071607823 -0.15125325 0.12633191 0.012644284 0.038674816 0.13354138 0.2196618 -0.09506587 0.08721194 
-0.051409416 -0.08194841 -0.008537619 0.04182895 -0.13995382 0.01910099 -0.0019867725 -0.1173096 -0.1186207 0.0007857926 -0.092796214 0.030481568 0.0389566 0.097521015 0.0968087 0.20566338 0.2505101 0.052143145 -0.014759087 -0.022399446 -0.1456456 0.03064566 0.018752716 0.057049103 0.047896404 -0.09791394 -0.017589226 0.03344319 -0.0660716 -0.18918568 0.2916337 0.2718638 0.062195458 -0.012258794 -0.11786968 -0.17180274 0.08948885 0.10461921 -0.014217761 0.036415074 -0.035811864 0.014908523 0.06017891 0.018730408 0.004672439 0.16450043 -0.20189814 -0.09408592 -0.049263265 -0.07999246 0.026215345 0.012280931 -0.10441738 0.11680331 0.11675066 0.06214873 0.014799809 -0.08451696 0.087505765 0.15276247 -0.06689288 -0.07818316 -0.15487783 -0.026665103 
0.12092804 0.15459424 0.044661094 -0.0611217 0.107036784 0.1641922 -0.010452076 0.10489786 -0.03222444 0.04427548 0.02287631 0.10954055 -0.10738304 -0.20192043 0.034781683 -0.16396628 -0.04656439 0.10853304 -0.007247628 -0.008566918 0.06799648 -0.056041 0.1148271 0.06100051 0.0888356 0.06512277 0.030050633 -0.11360444 0.108068846 0.069844365 0.06704714 -0.024236854 -0.12116609 -0.13712578 0.058291618 0.03449895 -0.12758641 -0.055885468 -0.069101274 0.09031107 -0.078901105 -0.24628353 -0.15772738 0.02353265 0.020595776 -0.11380918 0.018096386 0.12285544 -0.10232428 0.07410131 0.09389382 0.26863787 -0.20701455 -0.24863943 0.12922724 0.03366576 0.07206597 -0.094576366 -0.062186383 0.08592228 0.017198477 0.034995124 0.056101892 0.1761915 
-0.0142251225 -0.042147066 0.05085637 -0.055336908 -0.038952548 -0.08013064 0.14764906 -0.06397129 0.065937646 -0.024553416 -0.021779433 -0.03979473 0.031042188 -0.1339442 -0.07389845 0.015547151 0.05620476 0.09905488 -0.12297723 0.066294156 0.049113046 0.104451634 -0.019253457 0.09112534 -0.1351737 0.07765164 0.07191331 -0.055449896 0.07834237 0.19126783 0.15927713 -0.03148427 -0.017018888 0.12148712 -0.018700736 -0.048775032 -0.02497902 -0.07017712 -0.02491237 0.09374629 0.041796062 0.13565579 -0.019340346 0.02491074 0.119594954 -0.0740234 0.00533202 0.18484809 -0.03629148 0.02262653 0.11541024 -0.011852405 -0.030256968 -0.035012964 0.120041326 -0.14905031 -0.0024510303 0.101681516 0.14125477 -0.053660672 -0.025794813 -0.14554378 0.20466866 0.064635694 
0.1198324 0.043993685 0.035172556 0.026420668 -0.017892985 0.02567438 0.0268042 0.16366197 -0.08701776 -0.09246453 -0.052927285 -0.02514311 -0.098328486 -0.119498014 -0.0043066773 0.048224527 -0.003095107 -0.039779793 -0.049441207 -0.02312657 -0.026688002 0.01858628 -0.0295463 0.0990392 0.0141384695 0.051133636 0.011282743 -0.06588523 0.07232691 0.09207657 -0.08917465 -0.12469958 -0.02592734 0.06415226 -0.050659344 -0.06365923 0.041888807 -0.090268776 0.072867624 0.042356916 -0.14516568 -0.06648383 -0.18415141 -0.061814673 0.023414018 -0.008429142 0.17633541 0.13601711 0.07266674 0.047167625 -0.039469473 0.10708525 -0.09079797 -0.12480917 0.024507351 0.056468233 -0.027628003 -0.051085558 -0.07966782 -0.060294237 -0.10787994 -0.09857412 -0.033061113 0.16682558 
-0.087738626 0.035256516 -0.19323571 0.021619841 -0.15745844 -0.13643324 -0.0294222 -0.06475549 -0.068051055 -0.10581965 0.021991806 -0.07968276 -0.005238982 0.0018531665 0.025031153 -0.039627522 0.08938321 0.056749374 0.12690274 0.005190269 -0.13442281 0.0016001473 -0.086057566 -0.17979674 0.05480578 0.111874446 0.10185305 -0.07941034 0.18044595 -0.03358858 0.09086333 -0.04248503 -0.04011427 -0.046593916 0.122731596 -0.038824655 0.053918913 0.13773148 -0.20423836 -0.00869108 -0.063684024 -0.03970713 -0.14201765 0.111674584 -0.119100034 0.050614253 0.03747863 -0.04597584 -0.015646404 -0.10454145 0.03440533 -0.18326162 0.076503225 -0.027277758 0.19863889 0.11640908 0.0039954027 -0.15921633 0.14664139 -0.073981605 -0.002693927 -0.033002026 0.2540021 0.2307455 
-0.14036056 0.034202438 0.25033623 0.13446088 0.17990963 0.025311101 0.12652075 -0.033274256 -0.025743637 -0.08367312 -0.0895326 0.102890156 -0.040228885 -0.20486432 0.10525476 0.004439173 -0.118520856 -0.051195674 -0.113208115 -0.09223353 0.2012198 0.15967071 -0.028457044 -0.093522415 -0.11017877 0.070442066 0.053356458 -0.03164374 -0.060712233 -0.1267334 0.1185525 0.40011093 -0.18065506 -0.10970858 -0.17633963 -0.015831213 0.045805883 0.0015228909 0.034011826 -0.0584401 0.064183086 0.010163096 0.08891474 -0.06495948 0.020098232 -0.17912835 -0.039979298 -0.13649198 0.30652004 0.14111057 0.32300964 0.022765784 -0.06953418 0.20656092 -0.18301648 0.020401599 0.08701762 -0.030880932 -0.08165944 -0.04093415 0.2422852 0.035323974 0.2511587 -0.15817183 
0.115042016 0.09756154 -0.122036256 0.08071083 0.15723522 -0.0456035 -0.013657069 -0.018327387 0.108700566 0.076082304 0.06857979 0.049836338 0.11094293 0.09116165 -0.19838913 -0.011999432 0.1570215 -0.002216745 -0.080441535 0.04805419 0.11948856 0.035019107 -0.09498959 0.10742143 0.085921995 -0.11610637 0.026167277 0.0764717 0.05568214 -0.019504119 -0.04267628 0.13125221 0.13655846 -0.03690003 -0.13588677 -0.022148252 -0.02057254 -0.14359696 0.042187657 -0.18408778 0.2715259 0.24674211 -0.057579312 -0.07632397 0.02285406 0.1683456 0.100938864 0.11817178 -0.007111737 0.054937262 0.119197965 -0.07780235 0.12733029 -0.04111624 -0.09924554 -0.15470712 0.2412497 0.17844713 0.28597808 0.20084345 -0.18166149 -0.11953354 -0.030410457 0.020842917 
-0.16449413 0.040373903 -0.035933286 0.12312574 -0.023056472 0.07603372 -0.17198494 -0.009492512 -0.0069281594 0.029333906 -0.048424214 -0.07997298 0.102073975 -0.06790062 0.11781853 0.078390874 0.17432235 0.014132698 0.09509815 -0.12794706 0.1007763 -0.053892724 -0.077863626 0.052400883 0.019124478 0.11598034 0.03176567 -0.065553345 -0.07018896 -0.19529314 0.17209932 0.19906886 -0.06820966 -0.18357518 0.036719684 0.102326445 -0.0029037865 -0.11669267 0.14780606 -0.012610586 -0.05840751 -0.11789443 0.14787139 -0.0005827933 -0.14914615 0.008380197 -0.0571249 -0.21919006 0.0043763425 0.1395071 0.047304884 -0.030117238 0.021608917 0.1606836 -0.04719158 0.041472405 0.07036375 0.04481433 0.0016795094 0.16954793 -0.03575221 0.012320451 -0.09946289 -0.0654738 
0.07540935 -0.10543292 -0.27147597 0.014713378 0.11850445 -0.08101879 0.17017417 -0.1747424 -0.091435164 0.0625549 0.12803966 -0.10537743 0.0067546633 -0.010435659 -0.024058651 0.07554382 0.074927434 -0.0052483324 -0.1089817 0.10946834 0.027148468 0.09756368 0.08597596 0.09703442 -0.10595785 -0.13173975 -0.13062085 0.10027094 0.16335313 0.036866356 -0.24629685 -0.25363454 0.082057215 0.12974171 -0.1213816 0.0030737992 0.052900728 -0.08181259 -0.063147016 -0.18753865 0.12465818 0.039415795 -0.015992092 0.19203587 -0.00438786 -0.019519301 0.2271608 0.15298837 0.0015260909 0.039639447 0.16782618 0.036603265 0.111163385 -0.03882857 -0.28095633 -0.22508903 0.16055034 0.12557384 0.033789013 -0.115491815 -0.010686954 -0.08526571 -0.03661076 0.09079607 
0.12951323 0.06965637 -0.25405392 -0.112616986 0.15586148 0.045841075 -0.08455108 0.0043029836 0.004214934 -0.037005097 0.057834122 0.11726261 -0.11775143 -0.041644704 0.038102135 0.01438804 -0.057391465 -0.037128065 -0.22417895 -0.0880074 0.003915614 -0.027630148 -0.10810048 0.019472063 0.05668576 -0.12746231 0.0041412064 0.09990201 0.027559502 0.17064801 -0.09444542 -0.25293174 0.043101855 0.062257014 -0.08985301 0.00035241805 0.027846929 0.12059356 0.049941856 0.074836396 -0.116427444 -0.28392133 -0.17139597 -0.23428185 0.19908518 0.19226356 0.22141665 0.2260436 0.01988556 0.13253863 -0.07342489 0.16613409 0.04839892 -0.01956832 0.21618253 0.2239107 0.032092597 0.063852236 0.017356712 0.04019512 -0.04354556 -0.027810166 0.07723124 0.21044737 
0.023531994 -0.046306983 0.0009145973 0.091685735 0.052728277 -0.06281808 0.024799936 0.13415498 0.070765786 0.033447217 0.01575252 0.12374893 -0.04334314 0.14306526 0.027413532 0.11040332 -0.11093209 -0.14562626 0.098227896 -0.05502496 -0.12647621 -0.06898912 0.110696256 0.015556679 0.08319963 0.07972011 -0.05028187 -0.018020289 0.16909127 0.060128823 0.030216858 0.13725139 -0.045719724 0.08412179 -0.046960477 -0.23157331 0.035718624 0.049157992 -0.07103942 0.042191125 -0.17912304 -0.09017445 -0.11865862 -0.036978863 0.14678933 0.062086757 -0.107071266 0.052995965 -0.033736583 -0.13463496 -0.0114190355 -0.05978038 -0.13734835 -0.18235846 -0.24505109 0.07981911 -0.17284757 -0.08473083 -0.2643995 -0.2592967 0.106642775 0.28612685 0.1327609 0.04692471 
-0.05800948 -0.09279086 -0.11347828 -0.1555905 -0.07892256 0.018907981 0.023379264 0.0482072 0.08193798 -0.0367261 0.0453093 0.10755043 -0.09235542 -0.027522067 0.16657397 0.116494946 -0.017618913 -0.045740627 0.033353582 0.048375495 0.036863513 -0.04896393 0.07103716 0.028496629 -0.06929272 -0.08642109 0.12727684 0.0037671728 -0.061925422 0.048615236 -0.06516824 -0.10549655 -0.028692046 -0.019716801 -0.070208155 -0.11330582 0.14435393 0.14291021 -0.08536479 0.055281796 -0.046784904 0.027135672 0.038836706 -0.0767604 0.14964521 0.046801202 0.16743079 0.09784243 0.030619614 -0.02191011 0.039448503 -0.01714629 -0.06641854 0.0493401 0.08159639 -0.031025115 -0.02432257 -0.07210515 -0.10068037 -0.03760723 0.0583188 -0.13567148 -0.013583087 0.104275435 
-0.11622577 -0.03698663 -0.29753792 0.05065697 0.11983694 -0.1842138 0.1703828 -0.034577508 0.011229112 0.010517468 0.12178895 0.018058637 0.017733363 0.000786159 0.07126387 0.056745335 -0.057380162 -0.07284723 -0.18147045 -0.091029786 -0.0068989424 -0.014751245 0.042575512 0.1986837 -0.0056850757 -0.08179649 -0.06729654 -0.017556304 0.10676022 0.13700248 -0.09273995 -0.10894902 0.0941865 0.12457403 -0.07609818 -0.08349785 0.21648873 0.053632285 0.155417 0.08285513 0.13292001 -0.0030094958 -0.21846515 0.10982592 0.20107941 0.08583781 0.27875078 0.31352517 0.09779252 0.0006181121 -0.06241884 0.18107066 0.11903955 -0.025122898 -0.16776861 -0.08550351 0.06956853 0.04330537 0.11244941 -0.11744197 0.1608788 -0.10641383 0.13122356 0.10067531 
-0.11160381 -0.037163317 0.046841282 0.06723506 -0.13759944 0.13086417 -0.14135633 -0.008273993 -0.016466185 0.08615821 -0.079452515 0.1034368 -0.108217224 0.08267677 0.10958526 -0.21864574 -0.06752672 -0.03449569 0.07136346 0.07675104 0.057135526 0.13166475 0.10767325 -0.0499829 0.017694024 0.11807711 0.015807651 -0.06762989 0.13403499 0.2543175 0.0044812295 0.0747009 0.07091926 -0.014465233 0.17261577 -0.104575984 -0.15936024 0.015554024 -0.08627343 -0.11344045 0.0012612802 -0.026321458 -0.012682348 0.14730042 0.09986332 0.07304265 -0.049644325 0.012880969 -0.100442186 -0.15476918 0.0318042 -0.06620384 -0.13079117 0.06487611 -0.008761118 0.09919277 0.04088923 -0.22035548 -0.054966442 -0.026425058 0.14715116 0.21116138 0.08778246 0.27553946 
-0.108034484 0.0424662 0.07686197 -0.111782104 0.048043493 -0.009312402 -0.000529415 0.046077933 -0.10419548 0.11225404 -0.058711372 0.09351808 -0.010143333 0.08829969 0.0012287293 -0.1086093 -0.11575434 0.0557321 0.035054825 -0.105746284 -0.054481816 0.1061094 -0.067287825 0.098795146 -0.122959994 -0.029193584 0.10616997 -0.08642956 -0.037771687 -0.024024686 -0.116259865 -0.0018547719 -0.08894654 0.09888945 -0.09594338 -0.072718136 0.004221586 -0.049025994 0.088098995 0.006054911 0.106142364 0.04927495 -0.026706416 -0.11478183 0.011160958 0.022772217 0.08497194 -0.010767299 -0.09754426 -0.08077133 0.09014376 -0.07660754 0.029458813 -0.06450967 0.059253965 -0.10073886 0.052192487 -0.122721195 -0.08697974 -0.06759084 0.020251922 0.006178178 -0.0030987465 -0.111345164 
-0.12258536 0.041731223 -0.05582007 0.18452181 -0.05089132 -0.084908366 0.49890643 -0.0711855 0.030199874 -0.06302992 0.08398838 0.024850678 -0.06689227 0.023227165 0.047240574 -0.082005665 0.24731155 -0.05676544 0.1863287 -0.01777463 -0.0068052425 0.3150781 -0.05184958 -0.028494634 -0.14744996 -0.017579913 0.21224558 0.022302642 -0.011170283 0.019367656 0.44444892 -0.010477989 
-0.02655764 -0.12904671 0.35991818 -0.25767812 0.18679148 -0.08330306 0.039265834 0.0146948965 0.020466315 0.033427186 -0.3556595 0.6016702 -0.12927285 0.038917806 0.32438958 0.35149723 0.16304971 0.34438258 -0.21061283 0.13975602 -0.18421642 -0.22117716 0.3640218 0.4783153 0.41839758 0.34433404 -0.09393896 -0.13118458 -0.12907416 0.2309913 -0.04539474 -0.11427581 
-0.0068026837 0.28185272 -0.2226411 0.12696013 -0.035714313 0.18763907 -0.22867319 -0.29055408 -0.09295046 0.41320896 0.4704823 -0.10765056 0.1444673 0.11260789 0.38481092 -0.097111516 0.3932443 0.28305322 0.36832637 0.07130994 0.22407089 -0.105596505 -0.11254208 0.014321799 0.06278545 -0.009308364 0.5896399 -0.17467998 -0.025486682 0.23027082 -0.09428118 0.038725257 
0.0097159995 0.31213984 -0.18290028 0.20686458 -0.061634716 0.41058737 0.5713871 0.07595946 -0.09695209 0.2774047 -0.2526025 -0.5503308 -0.08270438 -0.11819624 0.35792014 0.1385743 -0.22490175 -0.06615063 0.3150983 0.14321807 -0.16745384 0.3495538 -0.0004252572 0.27154902 0.043854788 -0.22136305 -0.13578168 -0.28092295 0.122477524 -0.13857596 0.33090407 -0.062021755 
0.056562934 0.092249 -0.061528206 0.605318 -0.33842677 -0.40013635 0.1984031 -0.028622301 0.148624 -0.18010722 0.14712855 0.22550702 0.1120521 0.39378121 0.2742103 0.38406873 -0.06875054 0.29725343 -0.07385495 0.21316282 -0.062896244 0.1996737 0.10469345 0.13906841 -0.057991873 0.006434407 0.20026724 -0.34745938 0.3344313 0.4369846 0.110673845 0.044100434 
0.16091034 -0.09302399 0.06597643 0.13962987 0.025079397 -0.0031921829 -0.08961578 0.052259438 -0.15017615 0.00871739 -0.14232461 0.0043999907 0.1407488 -0.050313383 -0.15154135 0.16695407 -0.15359843 -0.013659573 -0.0233177 0.059698656 -0.054904334 -0.0035374735 -0.15083484 -0.1352857 0.1221863 -0.17626375 -0.12589972 -0.0643488 -0.123480186 0.17092459 0.0062293457 -0.13804522 
0.11161662 -0.22065108 0.090286344 -0.08132009 0.2196201 0.072958834 -0.03176722 0.058463182 -0.07147506 -0.034737155 -0.10805582 -0.16882534 -0.057718214 -0.080792606 0.2668214 0.058813076 0.09766881 -0.16763692 0.25935814 0.2951994 0.24002275 -0.04761099 0.37061173 -0.2053112 -0.24969102 -0.04772413 0.021865975 0.3127784 0.09898427 0.37818867 0.20929573 0.041108396 
0.020983778 -0.23334503 0.075996384 -0.012445488 -0.022748018 -0.35656992 0.50030684 -0.03291898 -0.14641185 -0.08146575 0.0735308 0.088877656 0.1388136 -0.0063654534 0.034967307 0.102242075 0.22488506 0.05922158 0.15420584 -0.10094877 0.020063927 0.30311173 0.29522514 -0.43908924 0.050539527 -0.21980657 -0.018731391 0.16757338 -0.0765272 -0.09791185 0.5266208 -0.10714171 
0.074052446 -0.15626957 0.15633778 0.046754073 -0.025977463 -0.09458762 0.06048552 -0.013990824 -0.15057318 -0.11753145 -0.100160055 0.09112153 -0.062903225 0.13733038 -0.02185456 -0.16215329 -0.13275525 -0.15327999 0.09971922 -0.10587825 -0.17580324 -0.16977471 0.0060298387 -0.06736463 -0.142297 -0.009167984 -0.14787765 -0.14894335 -0.046045862 -0.069787875 0.10163364 0.043175705 
-0.029590879 0.075321354 -0.09350254 -0.14664833 -0.0054715103 -0.124277435 -0.023707632 0.16853411 0.044062383 0.13184057 0.087273546 0.10232087 -0.054609783 -0.119632386 0.0102392025 -0.115544714 0.013266501 0.15595202 0.10531285 -0.1192295 -0.12334097 -0.046461873 -0.13060182 -0.1427645 -0.08521549 0.12680899 0.014668804 0.08432307 -0.03168534 -0.1624145 0.1036389 -0.0114396885 
-0.22061804 0.4955889 0.28156054 0.33293378 -0.3734577 -0.026402613 0.060602803 -0.11654076 -0.15339546 -0.1711611 0.15331134 -0.12114318 -0.08020338 -0.0034054497 -0.3868886 -0.153654 0.422712 -0.19701219 0.10611537 0.050741956 0.071815275 0.035904534 -0.41104132 0.3162646 -0.23065855 0.40159607 0.20861669 0.30692938 0.1039096 0.32852584 0.17996933 -0.10390171 
-0.09650189 0.02891207 0.19868985 -0.016315 -0.087094575 0.099396445 0.86247224 -0.17416465 -0.18013526 0.5305575 
0.5281784 0.7659069 0.038906198 -0.30991387 -0.2932316 0.03559787 -0.48788902 0.22821689 -0.076712176 -0.40903857 
-0.35513195 0.40892693 -0.85432565 0.69600344 0.093412004 0.15633811 -0.23533556 -0.121523514 -0.26204354 0.32352343 
0.25346547 -0.1723318 0.4704805 -0.10410629 0.2468104 0.67792815 -0.08031805 0.2641241 -0.27625716 -0.3920746 
-0.20941971 -0.56734705 0.6326703 0.3642008 0.017320473 -0.2534191 0.09984488 0.27158803 -0.023335269 0.08002055 
0.24984114 -0.08221569 -0.0414353 -0.4317962 -0.040063746 0.423539 0.5218347 -0.08970027 0.14698568 -0.50882065 
-0.008697384 -0.586799 0.5383258 0.64492124 -0.18783876 -0.3991789 0.24154943 -0.14421065 0.19399373 -0.25349006 
-0.46734443 -0.63996977 0.13427201 -0.5221287 0.2915131 0.2142853 0.78414154 0.112689584 -0.0071323416 0.5567325 
0.9463353 -0.57950103 -0.50027883 0.3309267 0.2465569 -0.05097133 0.15956448 -0.2125297 -0.23340474 -0.3135017 
-0.40666553 0.7096843 0.2430302 -0.39376625 0.19770172 -0.030289954 -0.8493528 0.1629066 -0.002280082 0.07349763 
0.3900708 -0.28214177 -0.6007508 0.061126996 0.29618916 0.18646702 -0.6574273 0.15112995 -0.15047558 1.0038915 
-0.41142142 -0.6730464 -0.017275834 0.12855256 0.79741085 -0.42638418 0.36901015 0.3931231 0.11640536 -0.09913475 
