-0.16383153 -0.23731348 -0.24728572 -0.3520949 
0.012552966 -0.051981997 -0.17915055 -0.20002632 
0.13720779 0.046303336 -0.04364482 -0.09321592 
0.22401644 0.05554756 0.22798139 -0.0029575 
0.18119924 0.18278693 0.13319357 0.04840224 
0.13862374 0.25386545 0.37617606 0.17872515 
0.32947108 0.34558284 0.18319485 0.23521787 
0.40928525 0.44376767 0.4374777 0.15346053 
-0.13123298 -0.38881907 -0.31050304 -0.25302708 
-0.15873432 -0.36465812 -0.19747481 -0.387875 
-0.24750908 -0.19958146 -0.34882736 -0.3662179 
0.041537087 -0.16115692 -0.19095173 -0.115231104 
0.39444417 0.27791956 -0.06977339 -0.3284414 
0.54669183 0.117603816 -0.05340945 -0.37194332 
0.51743746 0.16014041 -0.3068012 -0.20863214 
0.46973133 0.08602457 -0.18239252 -0.21303727 
0.3045372 -0.11111284 -0.1766708 -0.36976448 
0.3678824 -0.086170405 -0.26427197 -0.2417398 
0.29355872 0.11945529 -0.3277487 -0.43578318 
0.34738797 0.008275063 -0.32926136 -0.4024337 
0.22923096 0.046149094 -0.2359937 -0.13871865 
0.37661475 0.15207407 -0.2824105 -0.4162609 
0.5584954 0.18769005 -0.28495887 -0.3274175 
0.40623754 0.05448762 -0.08627968 -0.13590018 
-0.2439782 -0.30685088 -0.12124008 0.08599189 
-0.21419202 -0.045398086 -0.15480569 -0.08670711 
-0.16967721 -0.19239166 0.049792215 -0.086770274 
-0.14656287 -0.14297695 -0.08216087 0.009584668 
-0.2486694 -0.314322 -0.09832515 -0.010201811 
-0.09778704 -0.041974165 -0.01438516 -0.017988773 
-0.20867886 0.01956647 -0.12297071 0.08447962 
-0.031639054 -0.09895408 0.036328126 -0.003656606 
-0.07516542 -0.1198141 -0.14678448 0.056650613 
0.08792177 0.22225858 0.21583405 0.28883812 
0.10048543 0.13406256 0.27384302 0.3221743 
-0.039711863 0.15514258 0.28675467 0.34095958 
-0.36378932 -0.49999294 -0.4959527 -0.18842804 
-0.2690852 -0.4656093 -0.41135067 -0.18859957 
0.27992374 0.46185368 0.40944773 0.40001163 
0.16050507 0.3796884 0.3513083 0.44896433 
-0.32849386 -0.60150677 -0.5109434 -0.42917457 
-0.47135866 -0.33451942 -0.26973 -0.2236469 
0.26757833 0.42454112 0.3333158 0.3819178 
0.29885677 0.34202772 0.50027555 0.2447043 
-0.3606026 -0.45133704 -0.47807485 -0.26446575 
-0.22219567 -0.2952715 -0.021936005 -0.09371082 
0.15582272 0.5010367 0.4667437 0.19617459 
0.13144043 0.34642044 0.40754068 0.21364069 
-0.1470261 -0.10916916 -0.032253277 -0.2377472 
-0.19309294 -0.19491047 -0.095293276 -0.19026576 
-0.015312943 0.06714384 -0.15227348 -0.15352222 
-0.033309694 -0.006778905 -0.04590736 -0.10548208 
0.22695664 0.19287395 0.19185464 0.10240292 
0.079518475 0.36927325 0.10458387 0.14123763 
0.2698664 0.2767608 0.14791004 0.07315256 
0.09588439 0.2640329 0.090008765 -0.11784438 
0.27453062 0.2543925 0.055732533 0.14304307 
0.2469167 0.13556018 0.13622618 0.0076023093 
0.3013713 0.16485894 0.24808243 -0.040109634 
0.14246528 0.11273945 0.14403507 -0.09747719 
0.082509704 0.20004788 0.3053317 0.21712033 
0.29508826 0.3315184 0.4430258 0.45048887 
0.24636771 0.3285443 0.5191411 0.336953 
0.48966855 0.46455517 0.4942448 0.50593436 
-0.09662318 0.010601917 -0.046328105 -0.08836497 
-0.1647782 0.031174777 -0.1510191 -0.09335438 
-0.17778558 0.062306616 -0.020093193 0.009491055 
-0.19234027 -0.02688259 -0.05428122 -0.008593189 
-0.14557947 -0.37579903 -0.19502567 -0.31261 
-0.29348853 -0.15063433 -0.24848333 -0.157711 
-0.27961972 -0.27110827 -0.28060475 -0.22807664 
-0.34432888 -0.33999184 -0.30269065 -0.12660782 
0.13851246 0.2597996 0.20284866 0.14636333 
-0.024722189 0.09919709 0.29295233 0.30059424 
0.037542462 0.017259894 0.26875138 0.13580436 
-0.0685463 0.0014693888 0.19467187 0.07205645 
-0.24719237 -0.18570852 -0.023005206 -0.09552375 
-0.42760813 -0.17692873 -0.017746061 -0.011725523 
-0.50937396 -0.30199692 -0.19397993 -0.08427332 
-0.527054 -0.268132 -0.23528425 -0.1442968 
0.30935696 0.26132536 0.26714763 0.39360926 
0.20192517 0.13553487 0.30024263 0.38999942 
-0.027980994 0.26618975 0.40816796 0.36647856 
0.021290818 0.08856715 0.089055076 0.2679591 
-0.06921704 -0.09537776 -0.13974802 -0.07898236 
-0.10409946 0.07725366 0.13095091 0.022828802 
0.08863847 -0.10648964 0.07254232 -0.009051535 
0.0034655805 -0.09565804 0.13716622 -0.07105018 
-0.041532718 -0.0045992206 -0.059108928 0.004636673 
0.07045704 0.051495176 -0.10523963 -0.015108078 
-0.12640847 -0.03664048 -0.12687197 -0.030304348 
0.081051715 -0.061078787 0.096351966 0.0024759541 
-0.029373977 -0.09535911 -0.06458174 0.13052692 
0.12637572 0.13839796 -0.041455727 -0.0053741396 
0.081318565 -0.112835 0.09124074 -0.072892755 
-0.10688758 -0.13222772 -0.054708533 0.07413414 
0.3251373 -0.026660662 0.5012303 -0.042440124 -0.11425543 0.22367068 -0.7072288 -0.07982062 
-0.03689207 -0.08020388 -0.022639038 
-0.07332855 -0.12323017 0.017442124 
-0.09579886 -0.10330398 0.05665883 
-0.06392684 -0.06466086 0.10039183 
-0.0354376 0.10751779 -0.11016614 
-0.084456764 -0.07244235 0.023787068 
-0.05477346 0.026001206 -0.09280142 
-0.07535681 -0.08746592 -0.049585912 
-0.118184604 -0.09218086 -0.036423307 
-0.11600505 -0.065716036 -0.07807331 
-0.09967824 0.09451747 0.07587336 
-0.10714975 0.014920569 0.024194228 
0.19613074 0.029006494 0.088675596 
-0.09679561 0.056919206 -0.13930224 
0.010042282 0.017745214 -0.150437 
0.011553543 -0.15749346 -0.12137416 
-0.015076639 0.01336071 0.010133409 
-0.04648225 -0.08688524 0.07857751 
0.1424454 0.15274142 0.22854386 
0.0570384 -0.056776237 -0.020411419 
0.01672908 -0.047417417 0.016296506 
0.07062485 -0.055070363 0.017753705 
-0.06474053 -0.106592976 0.03724071 
-0.009835174 0.030420193 0.01429232 
0.10681729 0.106835105 0.051338546 
0.28430772 0.27304122 0.06010625 
0.2297455 0.13813913 0.07441436 
-0.1045924 -0.16132212 -0.1028071 
-0.2042545 -0.007374137 -0.019886123 
-0.016557323 -0.08156277 0.0013527537 
-0.07705787 -0.028366439 0.0761273 
-0.04121478 -0.07859062 -0.095114455 
0.032257427 -0.18134421 -0.22680326 
-0.35883552 -0.34371442 -0.20028201 
-0.58875155 -0.5507163 -0.3737094 
-0.31623757 -0.3077561 -0.28227028 
-0.15293685 -0.1596255 -0.27168873 
0.18019025 0.209326 0.020190665 
0.64873 0.35848552 0.2864153 
-0.1749253 -0.14974047 -0.17694455 
0.17942907 0.078650765 -0.09368476 
0.41472703 0.24083501 0.084165126 
-0.22914527 -0.24483013 -0.34109798 
-0.035524447 -0.24102657 -0.1478858 
-0.0045445217 -0.116015315 -0.16002831 
-0.097316414 0.05127015 0.079171926 
0.062110238 -0.010529448 -0.070116825 
0.09834849 0.057723332 -0.018533714 
-0.16042319 0.06378646 -0.057524294 
-0.14879654 -0.05241218 0.017645365 
-0.13199599 -0.053093784 -0.09165476 
-0.07439768 -0.10818931 -0.08885037 
-0.13872449 -0.1158353 -0.07851586 
-0.07564007 -0.15569842 -0.017271703 
0.06357586 0.078240976 0.05355683 
0.2204547 0.33809146 0.16021836 
0.31123325 0.31137186 0.064587936 
0.079201065 0.1634645 -0.07352287 
0.12367472 0.10238053 0.0074822903 
0.006328614 0.06544338 -0.03973235 
0.15387242 0.08553851 -0.009750338 
0.1971619 0.16036291 0.055675883 
0.1637958 0.33461216 0.087766014 
-0.008879866 -0.012648676 0.12382667 
-0.27608258 -0.2650048 -0.24829985 
-0.36888897 -0.39426625 -0.33071712 
0.045377806 -0.0049651098 0.08142336 
-0.009206289 -0.051713638 -0.06024758 
-0.08956359 -0.0884555 -0.13622104 
-0.062356394 -0.05448154 -0.10293216 
0.025274629 0.10871101 0.07195223 
0.019325892 0.05554063 0.08034553 
0.017563347 0.031286947 -0.018191153 
-0.012425046 0.14991026 0.0137423985 
0.0315641 0.17964263 0.12518124 
-0.05441466 -0.12794013 -0.14012584 
0.0082841925 0.03232332 -0.04918877 
-0.06346818 -0.16847003 -0.07629033 
-0.0043098587 0.03872365 0.041123006 
0.11242264 0.048832946 0.08869566 
-0.0024087897 0.049355052 0.10421468 
-0.15937251 -0.08953464 -0.14008665 
-0.061033875 0.13463432 -0.012188919 
0.1584196 0.12515235 0.07592365 
-0.25400063 -0.19563787 -0.1602061 
-0.35873535 -0.24181955 -0.29220596 
-0.19729197 -0.19022155 -0.08221423 
0.18069759 0.3344362 0.11999967 
0.34267986 0.3731325 0.036495496 
0.055562302 0.15224566 0.10579958 
-0.07318411 0.15782556 -0.109588176 
-0.0045634583 -0.022872534 -0.145043 
-0.042982534 -0.05957258 -0.06164502 
0.0044971365 -0.06997397 -0.045879185 
0.08097897 0.108788334 -0.050535146 
0.027249567 -0.053318232 -0.1093945 
-0.2223567 -0.23965302 -0.0332913 
-0.23837934 -0.11263499 -0.23631635 
-0.23179837 -0.12536709 -0.1403586 
0.26442057 0.35085157 0.19665132 
0.3930566 0.3469056 0.3156561 
0.4504658 0.48721257 0.28246227 
0.019835282 0.09027258 0.028136937 
0.07812455 0.16985783 0.10539092 
0.06060554 0.07093965 0.036553323 
0.13528658 0.14379507 0.05676773 
0.092748344 0.20455423 0.021471487 
0.12616208 -0.009840879 -0.17354493 
-0.13377984 -0.22347811 -0.002621805 
-0.38629887 -0.0588976 0.11787669 
-0.13543446 -0.057562355 0.24653074 
-0.028971285 0.046624806 0.3159939 
-0.041611027 0.31455004 0.11111848 
0.053749587 0.08184728 0.12350401 
-0.025222475 0.07053184 0.21557035 
-0.031672664 0.15176097 0.2922293 
-0.1028015 0.06741644 0.16602573 
-0.11103426 -0.024125883 0.059579983 
-0.09127523 0.11596872 -0.008482946 
0.0823571 0.05129638 0.095983244 
-0.012424215 -0.059347514 -0.18301813 
-0.0041165915 -0.09506838 -0.009949248 
-0.11475943 0.11141539 0.07771703 
0.07903891 0.0792859 -0.06742579 
-0.17721513 -0.134934 -0.0117888665 
-0.3023794 -0.26378644 -0.11013374 
0.044209413 0.013800381 0.0010744078 
-0.13651513 -0.03339159 -0.043532774 
-0.10669472 -0.043776184 -0.16881917 
-0.17903957 0.092500135 -0.015813813 
-0.18245634 0.007667677 -0.030727914 
-0.060368463 -0.0070316168 0.006183832 
0.045442637 0.019409226 0.02576716 
0.21325321 0.13223346 -0.017764246 
0.24786243 0.30281478 0.02351265 
-0.049962096 -0.19241145 -0.23383844 
0.18722321 0.16089806 -0.08792467 
0.40750793 0.29465443 0.23663525 
0.02830584 0.0735693 0.02330327 
0.17224285 0.079349324 0.011818031 
0.33585107 0.34025168 -0.079460114 
0.08986045 -0.10053043 0.09768696 
0.08324598 0.063655294 -0.09496367 
-0.09493065 -0.06428765 -0.06755977 
-0.06715689 0.02442624 0.09707846 
-0.0047549377 0.14896408 0.18408838 
0.096028574 0.14121723 0.15570238 
-0.20312767 -0.29799354 -0.15968572 
-0.22648251 -0.48643556 -0.3636826 
-0.43336576 -0.5235363 -0.324055 
-0.15212345 -0.24157959 -0.12512292 
-0.050741967 0.018207211 -0.12478944 
-0.14416803 0.055259045 -0.034124114 
0.38098282 0.25452793 0.33839566 
0.55599076 0.5069648 0.35836077 
0.29051423 0.37384212 0.20219219 
0.21801475 0.13588631 0.08967359 
0.04517481 0.074028656 0.12937786 
0.014570804 -0.027594307 -0.1589626 
-0.1829343 -0.1350061 -0.073788084 
-0.046133652 -0.14181279 0.014772524 
0.09818526 0.12294235 0.20071535 
-0.08678412 -0.025913136 -0.120559365 
-0.062301192 -0.26794788 -0.16676848 
-0.13569038 -0.05270608 -0.0024278976 
0.08735097 0.040340044 -0.06476163 
-0.117375195 0.11564744 0.013188767 
-0.045802042 0.008224462 0.10615692 
-0.084820285 -0.16575752 -0.23397273 
-0.13643292 -0.15315032 -0.077771224 
-0.14947622 -0.08104352 -0.1106848 
-0.057943713 -0.06277893 -0.076779544 
0.09050485 0.12297143 -0.04719582 
0.14947698 0.0977235 0.07710675 
0.01875622 0.1041734 -0.08523661 
-0.08673313 -0.061098687 -0.057084102 
-0.03231756 -0.051501177 -0.025414394 
-0.09585085 0.08123251 -0.082430385 
0.087282375 0.018171353 -0.09809091 
-0.097056404 0.06602336 -0.04616674 
-0.0073207784 -0.11196386 -0.036774036 
-0.24101155 -0.24679759 -0.12366653 
-0.18474716 -0.21967302 -0.27517292 
0.036412112 -0.1099231 -0.1369218 
0.28719756 0.08713846 0.03435418 
0.2741012 0.15260313 0.085634984 
0.18976341 -0.026049329 0.045307215 
0.09117366 0.12866095 0.12707949 
0.20157936 0.2052461 0.033591703 
0.03391559 -0.087661795 -0.04731565 
0.07069534 -0.108227514 0.05800584 
0.014361398 -0.09958251 0.10466299 
-0.0048413845 0.5125814 0.11398188 -0.03246479 -0.05278528 -0.7380178 0.15180075 -0.10510651 
0.004042705 0.03891538 -0.043865845 0.043631393 0.0066113845 0.045374494 -0.011803269 0.024768153 0.034990523 0.02130227 0.011510932 -0.024789063 -0.02236002 -0.033985328 -0.007666227 0.019910524 -0.039736025 0.03464292 0.023985447 -0.022776894 0.025851512 -0.0032635091 -0.015510802 -0.003846966 -0.012629725 -0.021741705 0.0069669737 -0.045946307 0.011953178 0.03655766 -0.04814529 0.024746595 -0.009613744 -0.0021183689 0.010813129 0.018762548 0.032465965 -0.03364968 0.0213121 0.002167279 0.046688527 -0.03478558 -0.04053253 -0.019664932 -0.018121812 -0.008658332 0.009279906 0.0055886726 0.007247765 -0.0904291 0.0033547857 0.040383186 0.11991589 0.08504966 0.027296681 0.004835146 -0.10523116 0.017422913 0.012489784 0.05935226 0.031219296 0.046324316 -0.086730465 0.028131558 0.032336008 0.040969104 0.030487197 0.04863296 -0.047280125 -0.013428158 -0.021441441 -0.013203784 -0.032543216 -0.08883468 -0.10907848 -0.058583174 0.05107652 -0.01800008 -0.002021145 0.010338154 -0.031140158 -0.04544828 0.029412987 0.017910536 -0.09077357 0.032431357 -0.014048407 0.06383784 0.045342725 0.015958587 -0.008415439 0.00496882 0.15580253 0.14941485 0.21245143 0.12166259 0.053049404 0.020219417 0.007522013 0.03686389 -0.025967484 -0.0012528868 0.0076376963 0.021648493 0.0030471955 -0.037949078 -0.06953536 0.020332262 0.018370338 0.06111368 0.0055937488 -0.038698833 -0.065670535 -0.09944114 0.025841288 0.03238651 0.13170646 -0.05237879 -0.024022728 0.013964454 -0.09804851 0.0132815745 0.04302385 -0.001898459 -0.088576525 -0.059593778 -0.017311266 -0.0011607015 0.05528101 0.0017427357 -0.016777454 -0.07762445 -0.01933711 0.10210222 0.08363252 0.04759454 0.026715964 -0.01363971 0.024403796 0.0044924715 0.044684246 0.029869476 0.10222388 0.06507533 0.031963397 -0.038454276 -0.06466443 -0.04233825 -0.0044041015 0.036094144 0.023489123 0.00573528 0.055749215 -0.013258334 0.049988814 0.05340184 -0.05269055 -0.03308932 -0.04297236 0.032989454 -0.008608069 -0.0097142 0.019469133 -0.06600519 -0.03489223 0.002307479 -0.024082841 -0.006445582 -0.00589498 0.040268295 0.029093713 -0.007875307 0.011241224 0.003107452 0.015387156 0.037682906 0.018803587 -0.0023513653 0.02525031 0.058762312 0.048441395 -0.026191184 -0.0036585093 0.049891993 0.030991888 0.015880406 -0.07599126 0.0027285744 0.011086769 0.02855861 -0.041653454 -0.024938984 0.0066375807 -0.021223435 -0.053729974 -0.06801601 0.024230992 -0.045262728 -0.017331135 0.018078052 -0.033476725 -0.034460243 -0.006818144 0.009804183 0.029470297 0.0037150013 -0.00624522 -0.008272577 0.109622784 0.047227323 -0.012418847 0.026889134 -0.06396525 -0.038117643 -0.022056393 0.050132 0.07374673 -0.015430172 0.0298191 0.061078485 0.06256394 0.047023624 0.032409906 0.015976574 0.00447221 -0.016307108 0.047272883 0.035035357 0.04465132 0.016777486 0.044603046 0.040677242 -0.010799248 0.008073133 -0.026404487 -0.0029241503 0.022217395 0.026800346 -0.021803668 -0.0760819 -0.102334574 -0.10459565 -0.11830968 -0.013238082 -0.08987701 -0.08352782 -0.010238799 -0.04873374 0.0106836315 0.07091088 0.060050715 -0.13059646 -0.10268904 0.0101266615 -0.0150798205 0.009698044 -0.019013789 -0.025070632 -0.048870843 0.014562958 0.036840808 0.0634325 0.065361574 0.055076737 -0.019236729 -0.09333968 0.0012973524 0.0029283743 0.084050685 -0.056927808 0.072100885 -0.017592076 0.006672433 0.08682676 0.045922972 0.10763212 0.049217246 0.019674586 0.09838394 0.06511775 -0.03722691 0.0026782446 0.013645488 0.0734795 0.009276429 -0.0007104893 0.067174114 -0.10056652 0.056773137 0.065028526 0.09259632 0.08265925 0.064235486 -0.11312364 0.031583335 -0.059207246 -0.045986805 -0.085064575 0.002126815 0.0775068 0.017103154 0.030062197 0.041068535 -0.052798133 0.011576951 0.050534982 0.09896939 0.050989036 0.041019637 0.055661224 -0.00075770833 0.113150954 0.089685686 0.065238185 0.072530776 0.044495 0.08571466 0.066495255 -0.08246378 0.09540325 0.077130474 -0.024603534 0.014677947 -0.06864858 -0.082177 -0.07136284 -0.14942819 -0.093521595 -0.081368044 -0.04396493 -0.12911542 -0.15191884 -0.16822456 -0.120787956 -0.08378786 -0.11519393 -0.040398125 -0.074791335 -0.050345913 -0.06371377 -0.011726736 -0.040165078 -0.13856223 0.065143004 0.049097992 -0.025941452 0.022116302 -0.0010788848 0.05516017 0.02082545 0.02989001 -0.022055103 -0.006765925 0.043630216 0.020330377 -0.0069268243 0.013720392 -0.006024724 0.05628795 -0.03426834 -0.010588765 0.010473901 -0.010021595 0.044471007 -0.022907749 -0.002843984 0.031110458 -0.044587992 -0.04527912 0.04094927 -0.027878474 0.037337407 0.043955453 -0.04797635 -0.017257662 0.030261617 -0.021856038 0.022511913 0.06001436 0.013034955 0.041365854 -0.01843104 0.046611417 0.038389467 0.030201053 0.05017341 -0.0073097846 -0.048969474 0.0021536741 0.02374613 -0.0097485855 0.030094722 
0.005695785 -0.0007985506 0.019818133 -0.013440003 0.05104788 0.06720077 0.018504538 0.012433961 -0.047207464 -0.031370055 0.00982428 -0.011883799 -0.02061292 0.016864069 0.021643423 0.028874092 0.0549116 -0.031882826 0.004707561 0.0016826314 0.036834266 -0.017911755 0.0021342894 0.02839602 -0.018002328 0.03944543 -0.011337076 -0.039888375 0.046321753 -0.027658353 -0.0075133895 0.0495503 -0.018794857 -0.01736915 -0.016395649 0.0109928725 -0.0034816165 0.05777102 0.03373252 -0.0044084564 0.03800812 -0.030570542 0.012675487 0.0095120855 0.0008552531 0.028498806 -0.010904286 0.025261458 -0.024747409 -0.027190438 -0.040825207 -0.09393895 -0.028100234 -0.06343791 -0.015102748 -0.10943217 0.060219754 0.04904072 0.08614524 0.037050784 -0.0112158405 0.0747006 0.054223735 0.057128917 0.1222989 0.11386148 0.10854091 0.11849593 0.1675265 0.080123335 -0.025251448 0.025815858 -0.020191832 0.057822943 -0.02919878 0.021861406 -0.082379065 -0.07723982 -0.20618655 -0.1693169 -0.16247657 -0.19466522 -0.21692488 -0.1912652 0.043699257 -0.044631556 -0.08504244 -0.051519267 -0.031400286 -0.0442791 -0.038247913 0.13606766 0.05018931 0.0090952795 0.094186455 0.064632386 0.027194124 0.0099368105 -0.051611155 -0.049167782 -0.057872217 0.012087408 -0.04489958 -0.023344217 0.016957656 -0.03664019 0.013060886 0.0015361973 0.02366774 0.023414718 0.09926398 -0.055568732 -0.0078018666 -0.0034246864 0.0145290755 0.032064263 0.037805326 -0.048780553 -0.06159606 -0.030242668 -0.09293824 -0.032574464 -0.03422837 -0.04056718 -0.124203525 -0.10735833 -0.007424444 0.07579367 0.064255685 0.12259424 0.05974261 0.0038121303 -0.041150577 0.067053296 -0.014107704 0.0393886 0.11728874 0.048714746 0.01391282 0.005961272 0.13391687 0.009020213 0.050932083 0.0052348142 0.041123264 0.016664766 0.09057408 0.004423356 -0.052908316 -0.013194691 -0.0013537565 -0.017765867 -0.040299512 0.0031615342 0.06391276 -0.0056419047 -0.089892454 -0.058859322 -0.024315188 -0.042283665 0.051339533 0.06383768 -0.021265687 -0.015606905 -0.0016997432 -0.0034933467 -0.0033243406 0.09774662 0.030849481 0.05780932 0.12544575 0.1296414 0.050607067 0.05080837 0.07701715 -0.023402316 0.031044444 -0.006359666 0.061871003 -0.020618465 0.037908774 -0.043397002 0.02597169 0.010211068 -0.044880386 -0.03592672 0.010415873 0.04035657 0.031678125 -0.055032186 -0.0014951872 -0.020856421 -0.010833008 -0.016257739 -0.007979727 -0.01079908 -0.04507674 -0.030434148 -0.025155794 -0.048442177 -0.032243196 -0.048508734 0.0113455225 -0.032964226 -0.017740194 -0.0798351 -0.014170601 -0.08038014 -0.034437634 -0.027210904 -0.0020233553 -0.004375662 0.040244166 0.073204994 0.058961827 0.0222272 -0.043931246 0.08942445 0.083866574 0.13582338 0.08388063 0.029671092 0.032916542 -0.016379325 0.010168309 -0.02798956 0.02893345 0.064508535 -0.04595718 -0.01877906 -0.025160117 -0.036291763 -0.07245331 -0.064141706 -0.19413711 -0.0653136 -0.04642052 -0.014948528 -0.06441789 -0.099471055 -0.05539956 -0.06389151 -0.07168875 0.0017881613 -0.0014774292 -0.009276253 -0.012513613 -0.039088555 -0.10056837 -0.07254757 -0.054562837 0.012139765 0.042904995 0.12233017 0.053523473 0.019651828 0.0014108898 0.0006641547 0.058659215 0.07423638 0.1269835 0.088023774 0.17094153 0.19992697 0.11184479 0.027009523 -0.030658817 0.023871291 -0.01617609 0.051809262 0.003757135 -0.063342944 -0.077581175 -0.11466083 -0.14278652 -0.14599882 -0.13598183 -0.08113728 -0.09573233 -0.078986645 -0.0021617687 -0.101698816 -0.10459391 -0.09450409 -0.05962152 0.026467301 0.060286902 -0.0033245953 -0.06939096 -0.061216705 -0.0056024813 -0.014108896 0.02364288 0.025510387 -0.04609096 -0.023151036 -0.0666231 -0.039665785 -0.08367075 -0.1051492 -0.100202724 0.011577602 0.020988625 -0.011232797 -0.036036868 -0.0013883366 0.038689602 0.024883203 0.16106766 0.10803713 0.05697107 0.035202056 0.015259187 0.035446323 0.0018489183 0.0779484 0.13644367 0.08023622 0.08540287 -0.029810892 0.015872644 0.014887838 -0.042741403 -0.015764289 -0.02721689 -0.027801573 0.057387047 0.058656413 0.009633933 -0.14756656 -0.044227745 -0.029338872 -0.021016724 0.022253407 0.029732643 -0.02274478 -0.08556953 0.015441563 0.056293394 -0.024613112 0.045959976 -0.031585034 -0.15825865 -0.031473022 0.03797188 -0.009485735 0.0021170443 -0.017428294 0.038398217 -0.008934509 -0.04678198 0.04763868 -0.027942041 -0.0476068 -0.035527084 0.019639038 -0.030012289 0.05004444 -0.025446363 0.07607176 0.030993756 0.047338787 0.057600502 0.039520156 0.039679352 -0.008591313 0.028576266 0.071029104 0.09066049 0.04694266 -0.0059952135 -0.011115045 0.091686346 0.036480136 0.020361144 0.07785045 0.033171296 -0.021001717 0.0136277275 0.005326515 -0.032694317 -0.026269779 0.0060107172 0.028663734 0.050855506 0.034238435 0.0105839055 0.018774118 -0.013364515 -0.04042307 0.022394253 0.004688641 
0.024928046 0.034163732 -0.0141859455 -0.05101851 0.02219319 0.042513173 -0.008063975 -0.009727031 -0.0152308885 -0.03611142 -0.022984691 -0.037021957 -0.007353625 -0.0043790145 -0.006026754 -0.018424325 -0.016717324 -0.012658994 0.024950933 -0.009231762 0.022226905 0.011030839 -0.008493018 0.013771017 0.021859389 0.0539401 -0.0055760965 0.03203751 0.0077087763 0.04317896 -0.039717246 0.034497734 0.032311887 0.018396685 0.015789535 0.05151751 -0.0056841224 -0.04145959 -0.020875983 0.041736808 -0.010493413 0.01708961 0.034220777 0.047121048 0.022636835 0.04577611 0.028992293 0.040898766 0.042035565 -0.009420415 0.0531258 -0.009817969 0.037521783 0.08664437 -0.02633796 0.024504436 -0.06126071 0.0087640565 -0.044642314 0.0065516685 -0.024681648 0.05637163 0.016358638 -0.073536865 -0.010571058 0.02507887 -0.05634058 -0.081975296 -0.08506752 0.0011708727 -0.08240832 0.009245263 -0.015341472 -0.02199704 0.0039296155 -0.060894404 -0.10452123 -0.016256511 -0.02489956 0.010334082 -0.058146983 -0.009465987 -0.008515854 -0.07189262 0.011294249 0.032602906 0.0348185 -0.017888818 0.038860396 -0.01651646 0.0027603928 0.04037493 0.011472191 0.022299763 -0.017687092 0.04728199 0.12588307 0.04585766 -0.092046134 -0.047536355 -0.13468736 -0.07008679 -0.0022037714 -0.027252108 -0.08412524 -0.101318784 -0.11201243 -0.030808875 -0.03138179 -0.047112916 -0.04770387 -0.013702843 -0.04769533 0.00031096075 -0.052538417 -0.054644737 0.026046282 -0.0142733725 0.033194467 0.08826223 0.037775893 0.010906339 -0.049633883 -0.014542706 -0.000110577865 0.019713322 0.096840486 0.023109013 -0.020072876 0.023390546 -0.008066468 -0.0257302 -0.035115294 0.06414271 0.035305467 0.068011254 -0.041260377 0.060012653 0.017569322 0.04985801 0.09544351 0.0708721 0.042029962 0.052507397 0.019359376 0.05240855 0.09069123 0.05267299 -0.05536556 -0.01833592 -0.0046405196 0.02650345 0.023305602 0.036342468 -0.044950675 -0.05065273 0.004472982 -0.048420716 -0.020706424 -0.015619421 -0.0073462226 -0.021523077 -0.09323938 -0.0021311005 -0.053665783 0.018458143 -0.015962625 0.002857556 -0.0110615 -0.05222229 0.053141702 -0.049387224 0.051895216 -0.052877508 -0.0058202804 -0.015582726 -0.017863821 0.066382185 0.00045439985 0.0685305 -0.003507855 -0.04652099 -0.007105987 -0.050801635 -0.02601159 0.04021709 0.031481806 -0.024584172 -0.03207579 0.0060735266 -0.010732449 -0.023647528 -0.01853433 0.025159419 0.00074574666 -0.019392636 0.0014286145 0.04153013 0.0025039806 0.06517039 -0.019249126 0.006265125 0.011565486 -0.0065377275 -0.032079395 0.016922524 0.005976161 -0.027112007 -0.04925946 -0.062555484 0.013078679 -0.05291392 0.05617568 -0.023697002 0.03654162 0.007503393 -0.038236003 -0.0026250968 0.012723358 0.016263966 0.0011696788 0.05063116 -0.01828898 -0.010462143 -0.04331473 -0.065772906 0.037551403 0.063151896 -0.0058283573 -0.018724294 -0.03856367 -0.032974187 -0.013849988 -0.03312681 0.026071392 0.025847098 0.02631226 0.034064386 0.009695335 -0.013734959 0.017519971 0.015731782 -0.0491432 -0.005443058 0.046818778 -0.061583742 -0.10960844 -0.14344418 -0.112508245 -0.07914529 -0.04902147 -0.17181917 -0.16895047 -0.09238145 -0.086688496 -0.05297804 -0.03720399 -0.06803984 -0.14975949 -0.19146487 -0.050109606 -0.031788986 -0.0149612175 -0.006173564 -0.021690814 -0.17374782 -0.051937558 0.063853845 0.04872016 -0.009326056 0.051146537 0.06968252 -0.07428503 0.04329893 0.005581175 0.036617868 -0.08009443 0.08215934 0.05004768 0.01825682 0.04563494 0.13672234 0.10451616 0.04310213 0.0707687 0.07397977 0.052191097 0.07768557 0.062293094 0.064676665 0.08265723 0.12396301 0.061455544 0.075876564 -8.478621e-05 -0.09568516 -0.053913396 -0.036624637 -0.020039905 0.0076505104 -0.061214034 0.026724964 -0.025757115 0.02553268 -0.05038529 0.07913406 0.06513368 0.060892493 0.07839619 0.0038143413 -0.081954814 -0.08294027 -0.0024179837 0.08236764 -0.026631642 0.0568959 -0.008272761 -0.019079408 -0.025227448 0.012222076 0.015499731 0.029981395 0.10334322 0.047321092 -0.0207599 0.00015231018 0.01251245 -0.048010085 0.011420065 -0.028503027 0.036887042 0.0455529 0.09394375 0.06881801 -0.006430368 -0.034607016 -0.022001805 0.05920225 -0.017423721 0.086219504 0.069589786 -0.027580623 -0.01877545 0.04053233 0.0030342818 -0.035627045 0.023349553 0.0220918 0.033278365 0.0021051436 0.051498145 -0.020019649 0.02188022 0.012409804 -0.0032263864 -0.016951658 0.051997267 0.03157273 0.051468212 0.02635583 0.014492132 -0.014107355 -0.038062993 0.03478937 -0.03887615 0.044088073 -0.016021369 -0.040323127 0.00943927 0.014856423 0.053264424 -0.019247603 0.012428393 -0.018074531 0.04293334 -0.0043769297 -0.041514978 -0.024370642 -0.028434135 0.027115079 0.031313088 0.03359079 -0.015191863 -0.04155629 -0.028828917 0.00910442 0.012216698 -0.040177967 0.047583453 -0.018006485 0.018506456 -0.002536707 
0.013795963 -0.015321098 -0.015198193 0.027597465 -0.007919871 -0.01770431 0.02524163 -0.011324476 -0.013921613 -0.015162585 -0.03384564 -0.01096592 -0.0077064605 -0.046655234 0.050968982 -0.008082894 -0.03341362 -0.02900445 -0.03871737 0.031793877 0.033368617 -0.032068104 -0.041811492 0.00055468694 0.03741429 0.03441379 -0.04268004 -0.040368587 -0.0035022444 -0.01793155 0.004289691 0.030667238 0.04244791 -0.036952496 0.00027689768 0.02956134 -0.029401481 0.01737522 0.025200818 0.03881506 0.030965697 0.022164134 -0.05143967 -0.012868131 0.0111747505 0.039968476 -0.027320066 -0.005709204 0.017701948 0.04166768 -0.0077927597 -0.07822464 -0.07602171 -0.037199214 -0.051289167 0.031231225 0.048021898 -0.006350682 -0.07329215 -0.032002963 0.017152783 -0.030091 0.0021148631 0.09181278 -0.00828677 -0.054071806 -0.0014782565 0.109079875 0.02237138 0.04222222 -0.003999807 -0.0075994963 0.022071315 0.091697246 0.097157896 0.045300182 -0.012959294 -0.060652312 0.063134134 0.036569193 0.114825584 0.009008279 0.07307487 -0.022840729 -0.07124434 -0.01239646 -0.012380073 0.07142742 0.09934121 -0.039976913 -0.020843023 -0.11456225 -0.11977702 -0.04377516 -0.019907039 -0.049265746 -0.08814193 -0.11950577 -0.113854535 -0.14181207 -0.092605025 0.020457521 0.12456545 0.14381179 0.21391504 -0.090718895 -0.052464984 -0.05161564 0.031084506 0.07644128 0.052373543 0.0851441 -0.0027129522 -0.07742919 -0.08802207 -0.008052519 -0.0024809395 -0.022913264 0.08439837 -0.0401918 -0.0122375805 -0.002277208 -0.029218787 0.027699383 -0.0065411897 0.068090715 0.021691062 0.009190001 -0.01280978 0.0041529983 0.01783706 0.010272986 0.07020066 -0.04618601 -0.021168577 0.025012653 0.02014448 -0.06512266 0.010327416 0.068919085 -0.052258566 0.024118245 -0.042177513 0.010029907 0.0036754224 0.023999795 0.09472674 0.057595354 -0.006815277 0.051713485 -0.056917556 -0.00096451875 -0.029365292 -0.022436181 0.050257266 -0.01227369 -0.04411069 -0.046022553 -0.010752065 -0.030062107 -0.038522586 0.13563895 0.02475394 -0.03115787 -0.00013416167 -0.030361298 -0.05075247 -0.00086732936 0.08491536 0.081774786 0.087379105 0.002691746 -0.021848008 -0.006816321 -0.06925447 0.08808902 -0.0071283616 0.0029051746 -0.0032055248 0.014866956 -0.023671063 -0.042581357 0.10753958 0.038614884 0.021190548 -0.031728305 -0.04113282 0.035007488 -0.0112245865 0.039833557 0.07779479 0.027955756 -0.0008798334 -0.029568205 0.027355377 -0.06603289 0.023627372 0.03381999 0.07686081 0.0536529 -0.038331453 0.094760135 0.043749046 0.01418774 0.04130366 0.05075387 0.029921906 -0.01006259 0.024461733 0.015598179 0.018181197 -0.007448742 -0.021054741 -0.03689116 0.0027626294 -0.009711715 0.015304241 -0.04137981 -0.03128255 0.067388706 -0.018681051 0.0045480514 -0.061989963 0.049580704 0.003919449 -0.022889795 -0.018825093 -0.013060945 -0.012519709 -0.014569076 -0.013144016 -0.02248984 0.015007753 -0.028263105 -0.017904364 -0.0055706953 -0.020973671 -0.002852374 -0.000553022 -0.02534656 0.0074509624 0.015638748 -0.011873687 0.015219413 0.014952811 -0.18844162 -0.13137837 -0.081162155 -0.033282727 0.04638636 0.040977735 0.19365452 -0.11545313 -0.18665524 -0.20711829 -0.013665149 -0.022163419 0.0025672405 0.07614307 -0.08365147 -0.08315452 -0.10662557 -0.04424215 0.004086422 0.07946636 0.07645132 -0.12404077 -0.022229897 0.017890159 0.07559938 0.010559331 0.11109526 0.09852679 -0.08085241 0.020802893 -0.03834398 0.08114921 0.054752685 0.08376874 0.07559308 -0.16718486 -0.0059612016 0.025247967 0.0664929 0.08522015 0.010540624 0.08500217 -0.15062723 -0.10858682 -0.037161727 -0.017782923 -0.01624172 -0.031349786 0.11932502 0.0049103755 -0.0030516537 0.048184257 0.02471351 -0.033660483 0.032911137 -0.037487824 0.033130154 -0.017718518 0.036606334 -0.06740123 -0.037373006 -0.04457522 0.008197591 -0.09205265 -0.0522975 0.072761595 -0.10173023 -0.034339346 0.039995782 0.0018492148 -0.050571714 -0.010733052 0.030671336 -0.043053377 -0.038237143 0.0072486037 -0.014463233 0.050400194 -0.0494566 -0.08049213 -0.023387577 -0.021204997 -0.030177742 -0.034997962 -0.0015054735 -0.09579818 -0.024451777 0.01570482 0.019372934 0.017438108 0.05402368 0.036584444 0.010817961 -0.0116041815 0.009378939 -0.011332791 0.009330535 -0.08005172 0.02002868 -0.002759561 -0.020451395 0.0036570327 0.014351758 -0.014258332 -0.035767604 0.061376855 0.028004203 -0.009464913 -0.026695166 0.009620252 -0.04796977 -0.03683693 0.043450337 0.011141667 -0.016158888 0.014768313 0.02176404 0.015873829 -0.024557848 -0.011452691 0.0019596836 0.05287255 0.052013967 0.0054198503 -0.06883382 0.008372806 -0.003944733 -0.0125696305 -0.023338014 0.025065819 -0.041799888 0.010947904 -0.02384201 0.086805 0.06531683 0.014605408 0.007410021 0.00802072 0.024071418 0.04078612 -0.0032638984 0.0023426912 0.053233303 0.030330755 -0.028557314 0.04488878 0.016747063 
0.057763908 0.061086036 0.04917149 -0.005522724 -0.023688195 0.029931692 0.01770615 0.0073617897 -0.029625202 -0.04042132 0.033139657 0.019750275 -0.033005804 -0.059045643 0.018978512 -0.011052686 0.038237836 0.036860798 -0.0068136654 0.02110637 0.022292644 -0.020023007 -0.0437845 0.04372101 0.017806321 -0.03924015 -0.030456835 -0.0016993413 -0.026819978 -0.025246382 0.040210485 -0.033845693 -0.012666169 -0.013664438 -0.0075742053 -0.0017618607 0.031790286 0.02492029 0.03450895 -0.0046426468 0.044485666 -0.0066721505 -0.00067546766 0.039694566 0.031474393 0.036618806 0.0061526373 -0.023481218 0.014151777 -0.11334196 -0.05872667 -0.07090378 -0.084642455 -0.030145105 -0.026389457 -0.058490656 0.006954762 0.04874152 0.055617515 -0.014256258 0.0070725433 0.049761906 -0.008129941 -0.12708686 -0.09286246 -0.0005433723 0.044274505 -0.0011570764 -0.14229071 -0.13745272 -0.0521476 -0.103256576 -0.18280892 -0.21198203 -0.17026548 -0.1401467 -0.08089023 0.07936481 0.03583353 0.05414168 0.10838409 0.08925666 0.035113752 -0.08537825 0.037099652 0.04934993 0.15884039 0.19678886 0.06746284 0.03524491 -0.0974899 0.0963821 0.09278406 0.11560543 -0.012854086 -0.003271082 0.035557397 -0.024908133 0.037155725 0.019721188 0.024387201 0.12130415 0.091418356 0.038748626 0.091089085 -0.107802615 -0.121965475 -0.05538333 0.08674034 -0.011613662 0.0042409254 -0.10199087 0.012449937 -0.017261451 0.005643624 0.10466027 0.00043601225 0.09321736 0.019320047 -0.086743824 -0.009397341 0.0076730237 -0.018964805 -0.015720421 -0.04332389 -0.019938668 -0.04582825 -0.025973288 0.04826645 -0.012812267 -0.009274077 -0.006388979 0.04749577 -0.010579945 0.046024602 0.05195628 0.058696263 0.020232646 0.011064096 -0.00052379747 -0.16815758 -0.020426355 -0.03049443 -0.017208079 0.008238867 -0.070139274 -0.15424123 -0.08589819 -0.062430162 -0.1255318 -0.12962182 -0.084265776 -0.11261175 -0.105128914 0.0445683 -0.0040742257 -0.08098624 -0.14012803 -0.0957726 0.01606564 0.021567935 -0.011942786 -0.025730185 0.0872216 0.043343607 0.13750908 0.06670123 -0.048215404 0.016833683 -0.022229241 -0.00016347444 0.118063286 0.09572134 0.017573046 -0.019000046 -0.058519885 -0.123960406 -0.09100659 -0.055857643 -0.03509527 -0.06277228 0.021261586 0.019775122 -0.042694088 -0.035505008 -0.003801607 -0.06990869 -0.061490946 -0.0136399735 0.032096535 0.023932513 0.021580672 -0.052438665 0.03861367 0.018838618 0.071008064 -0.029944882 -0.075839154 -0.059255794 -0.009576808 -0.03549049 -0.05545089 -0.005383147 -0.027404403 0.019677682 -0.009291259 -0.013489473 0.039140936 0.07487672 0.07967127 0.14168452 0.07657267 0.11595003 0.12089156 0.12750131 0.09062454 -0.004547387 0.041988228 0.00949002 0.05667932 0.041265227 0.022630673 -0.020271823 -0.015542243 0.0458178 -0.032185607 -0.05769665 -0.10263036 -0.04729599 -0.06876202 -0.008298232 0.09403593 0.039868467 -0.07776351 -0.013143931 0.009828073 -0.037708983 0.029223595 0.08717173 -0.013385173 -0.05327768 -0.04430978 0.033428364 -0.065361105 0.075950086 0.03279968 -0.066891365 -0.08325085 -0.07020354 -0.007609438 -0.01599231 0.08677125 -0.0060731387 -0.05172708 0.024599375 0.08254945 0.056173757 -0.07326255 -0.022649003 -0.0937095 -0.027895916 0.04003711 0.082748145 0.02353975 -0.0529113 -0.075899474 -0.011062058 -0.0935786 -0.17242835 -0.22007528 -0.1777186 -0.17468359 -0.020275906 0.061778694 -0.046259206 0.030527806 0.12806888 0.043506145 -0.0054385806 0.06259359 0.05052176 0.024971806 -0.024172321 0.090464905 -0.044548575 0.0561104 0.015098576 0.14299631 0.0023803066 -0.04535972 0.018575732 0.032700468 -0.003399325 -0.051793784 0.15696128 0.066931054 -0.005300612 0.028424451 0.051669814 0.038888704 0.0860376 0.13950337 0.063195676 0.01150209 0.027035704 0.017704576 0.15570286 0.04876891 0.027752867 -0.02906188 -0.024130631 -0.12609456 -0.045732345 0.06917092 0.014905836 -0.10440381 -0.11007245 -0.083448574 -0.02762024 -0.11160812 -0.1589865 -0.033878513 0.05573999 0.062039662 0.14191723 0.26246333 0.14641581 0.06637192 0.016321255 -0.07796221 0.042273156 -0.035250794 -0.14177819 -0.061157145 -0.06181286 -0.08634074 -0.013588257 0.00731423 -0.037558466 -0.047810946 0.0810188 -0.029271089 -0.031621262 -0.0014657051 -0.0075795036 -0.0514789 -0.012286626 -0.043842793 -0.003904397 -0.049609233 -0.010210238 0.026872052 -0.024530476 -0.046193596 -0.000853314 0.04312092 0.033821844 -0.055026688 0.017164802 0.0647225 0.0362759 -0.0052471682 0.032183327 0.04074154 -0.042222816 0.012644233 0.034283087 0.005763255 -0.011164318 -0.011177261 -0.038085517 0.021101553 -0.019009698 0.013932483 0.019855903 0.025678165 -0.00041553736 0.043910295 0.036130324 -0.005979123 0.029392848 0.031214926 -0.04611139 -0.008752529 -0.0058785416 -0.059562404 0.020710867 -0.021972174 0.017375521 -0.008712718 -0.047463138 -0.06468779 
0.0061407224 0.03536264 -0.039956387 0.032315873 0.019594105 0.040046334 -0.04781516 0.007753861 -0.0160959 -0.01147776 -0.013753535 -0.014595484 -0.026652556 -0.012319672 0.021002308 -0.008400462 -0.015866116 -0.021688636 -0.031580307 -0.04367198 -0.011496725 0.028269732 0.03796291 0.018184083 -0.037219644 -0.031210775 -0.003532878 0.04150518 0.030616563 -0.0487459 -0.022177912 -0.013899576 0.0068928194 0.008278784 -0.035500415 0.024547644 0.016097883 0.039173104 -0.02744092 -0.010656955 0.055197876 0.004892218 0.0047353557 0.022024926 -0.041834716 0.05035937 -0.031154055 -0.0014210013 -0.016631845 0.06979584 0.018527612 0.0055061528 -0.0081071155 -0.010135943 -0.08590129 0.04214 0.09773694 0.060462452 0.019141937 -0.054748774 -0.016099054 -0.011608992 0.019666193 0.036527008 0.098449074 0.11056546 0.021387078 -0.065323435 -0.0006470701 -0.0501473 0.056519464 0.10574454 0.11281506 0.17951998 0.06762746 -0.007263669 -0.026846064 -0.0020326772 0.06184029 0.07250136 0.052426968 0.03671511 -0.039701402 -0.024251407 0.004800113 0.015349589 0.05406734 -0.0025195796 -0.020065974 -0.021809964 0.031985264 -0.06200463 0.013442339 -0.055062573 -0.12423824 -0.0273208 -0.0438812 0.03807513 -0.09034005 -0.09997735 -0.019773634 -0.06868494 -0.086552575 0.008195372 0.036266994 -0.0055064354 -0.10074375 -0.062180478 -0.024066288 6.46186e-05 0.039326575 0.023205314 -0.0095486995 -0.039778605 -0.01079214 0.01696982 -0.012470781 0.051588867 -0.0042789755 -0.07257416 -0.05362165 -0.058373068 0.031538855 -0.015453029 0.054514658 0.081312515 0.026442645 0.011990912 -0.090079255 -0.03627444 -0.042227868 0.06850134 0.034250636 0.0025208099 -0.057815425 -0.00011213839 -0.059049502 -0.007369174 -0.018182727 0.06228952 -0.0333568 -0.020251576 -0.05094299 -0.03485091 -0.034838337 0.0036787426 0.055549767 -0.0165552 -0.020421406 0.0012524383 -0.032483 0.0283302 0.020549128 0.017914224 -0.034924753 -0.023378987 0.019605324 -0.038832437 0.028895866 0.038625974 -0.0293114 0.01691378 -0.0046143117 0.07866679 -0.041903183 -0.06902915 -0.05472679 0.008336393 0.06046527 -0.019702887 0.0001761725 0.022925885 -0.022612754 -0.017818624 0.033252265 0.058284134 0.040370356 0.0076460047 0.038339138 0.0009796963 -0.0255236 -0.0006778605 -0.050928157 -0.02107548 -0.033378005 0.041527905 0.02350549 -0.024890197 -0.02615557 -0.042463113 0.024730304 0.05419285 0.011419005 0.033248596 0.00905179 -0.022543333 -0.0059448085 0.045894135 -0.06898613 -0.032174952 -0.06976987 0.0021499223 -0.00215581 -0.023687826 0.016527452 -0.020497164 -0.05938268 -0.058348052 -0.0201316 0.052959576 -0.0038669698 -0.06878254 -0.020063082 0.0055602468 -0.018171562 0.02752232 0.039078273 0.009278187 -0.06585236 -0.053601164 -0.019330963 -0.032566603 0.020794483 0.012151319 -0.042008422 -0.050510935 -0.07556528 -0.08892469 -0.021123812 0.07603257 -0.0005633132 -0.040534772 -0.07733038 -0.023496369 -0.023799246 -0.017752979 -0.044769127 0.012509394 0.017524399 -0.03819164 0.04696657 0.02595807 -0.00836306 0.02705806 -0.03929808 0.010394133 -0.065812334 0.012454545 -0.049736828 -0.03339343 -0.035918638 0.09451188 0.06867309 -0.027551943 -0.08519002 -0.039423984 -0.08365081 0.013593597 0.09644432 -0.0151927965 -0.075549185 -0.037168425 -0.05210372 -0.040460214 0.011301102 0.0041963197 0.03267202 -0.05384715 -0.045440864 0.07796693 -0.011909994 -0.016767958 0.089485444 -0.045856275 0.005788452 0.013476516 0.040606 0.05177887 0.02956275 -0.013856209 0.047537487 0.044081524 -0.04478981 -0.024978617 -0.04528355 -0.012767183 0.038043816 0.111289434 0.073988795 0.004506358 -0.039750054 0.017190892 0.048385315 0.047770906 -0.022423413 -0.025576945 -0.010006984 -0.113173254 -0.07908312 -0.08468603 -0.03844341 -0.113555 0.009985326 0.07462483 0.079118066 0.016546516 -0.0007058918 -0.08328665 -0.06965443 -0.02366701 0.18080784 0.11962164 0.031975124 -0.053078745 -0.034334823 -0.10315785 0.021945814 0.12640873 0.114093676 -0.020338485 -0.009873889 -0.031492006 -0.13183962 0.060957037 0.06734593 -0.07420848 0.0011999133 0.02371999 -0.09705857 -0.08098905 -0.011660299 0.0319514 0.090000086 0.032089446 0.0074533196 -0.054829296 -0.098577544 -0.108005896 -0.01580362 -0.05622084 -0.035963275 -0.042804994 -0.0059804684 0.035334464 -0.038926292 -0.04546839 0.01939078 -0.0039276355 0.01852591 0.006597294 -0.00019082928 -0.05755566 -0.04570672 -0.006722553 -0.0033785426 0.0009835076 -0.037359506 0.02725859 0.0028917093 -0.007236533 -0.05283692 0.045907166 -0.06396995 -0.05014257 -0.026225677 -0.0054854644 -0.06940213 0.0015845161 -0.060397714 0.012247827 -0.03864117 -0.06236673 -0.0018818616 0.018953124 0.0048573804 -0.06515799 0.0062090512 0.03229194 -0.05795135 -0.035374347 0.019385 0.034394626 0.015108338 0.025723387 -0.039526112 0.004353907 -0.0047915336 -0.032303482 0.041919116 0.020684255 0.029922323 -0.014380818 
-0.012584541 0.022425897 0.0020886536 -0.045432564 0.002562961 0.018957058 -0.03596664 -0.049666706 0.040180556 -0.00090086233 0.016024442 0.018305134 -0.014435618 0.036933206 0.040939562 -0.021570535 -0.019883575 -0.0075935656 -0.05077253 0.045589563 0.002152534 -0.020495828 -0.022146607 0.033894163 0.023623474 -0.03269422 -0.048148345 0.0067141713 -0.043118298 -0.032280464 0.003716009 0.012336052 -0.02811371 0.008676009 -0.028180627 0.04914466 -0.005183704 -0.019060275 -0.012915213 -0.01829741 0.026617562 0.018767903 0.015877195 0.027578913 -0.0034513152 0.01610194 -0.02101754 -0.044167466 0.029617833 0.024632195 -0.008294212 0.048677914 -0.014835133 0.053542253 0.009302868 -0.0013817445 0.020627255 0.005974144 -0.038606636 -0.08718499 0.030053336 0.014943739 0.10196154 -0.039204795 0.06177737 0.042305052 -0.065999426 -0.026625423 0.07716909 0.097509116 0.027738981 0.05190032 -0.036234543 -0.022300044 -0.02144811 0.00916707 0.08055928 0.014550858 -0.026835559 -0.068629205 -0.10497743 0.007245972 0.073388286 0.0839291 -0.012809296 -0.031424355 -0.051834967 0.0013911383 0.05708676 0.051454198 0.009141426 -0.047734343 -0.047042172 -0.0060635493 -0.042381775 0.053277917 0.016201867 -0.02901767 -0.00642066 -0.049203485 0.0073466296 0.044589214 0.014740394 -0.06439913 -0.017636156 -0.058419764 0.047353547 0.07393576 -0.0011168076 0.020197293 -0.044127002 -0.05146973 -0.079794355 0.0257885 0.0540882 -0.061669156 -0.022486478 -0.05803754 -0.06798864 0.014177266 0.050443027 0.04566294 -0.02425652 -0.01710932 -0.019355072 -0.0051265154 -0.022680132 0.068314336 0.065702945 -0.03233835 -0.050888386 -0.03470942 -0.04510067 -0.012979165 0.0027039037 0.016475135 0.046386216 -0.05398532 -0.063013434 -0.051741894 -0.06918463 0.054107215 0.05023568 0.056642603 -0.043556243 -0.04903058 -0.038553834 0.029229542 -0.022156844 0.04546298 -0.014666398 0.03884464 0.014099222 -0.011258947 -0.02433564 -0.016986094 -0.03805232 -0.0034363063 -0.046330042 -0.04999403 -0.044974938 0.012310248 -0.034603372 0.045568362 0.039991047 0.017418409 -0.0060310303 -0.051188078 0.043142907 -0.017928565 -0.044938847 -0.015838664 -0.0008637076 -0.028658831 0.045601673 -0.039533492 -0.007843653 0.0068774647 -0.04106193 0.0068608327 0.027174586 -0.03947394 -0.022161495 0.02747081 -0.040351957 -0.018822346 0.0016380677 0.015736345 -0.0036876565 0.026066469 0.025771331 -0.025003456 0.04121355 -0.00046965876 -0.019155638 0.02204099 -0.017960753 -0.03403538 0.024578499 -0.029763298 0.030205755 -0.014056064 0.0041756467 -0.048192035 0.019573815 -0.030045804 0.0049767666 0.018563505 0.04849986 -0.04043127 0.020520512 0.011521331 -0.0021295333 0.07976243 0.058122396 -0.030295877 -0.025498904 -0.059322704 0.023386238 0.009961708 0.008893051 0.028193465 -0.026901484 -0.0066923113 0.006169716 0.04214164 -0.033458576 -0.0109700225 -0.012000812 -0.06728101 -0.085737646 -0.033696942 -0.01868571 0.034988284 0.016088234 0.0026083859 -0.018797394 -0.061917435 -0.016617106 -0.04944961 -0.026161432 -0.014911043 -0.0138755 0.02337466 -0.049905207 -0.016259236 0.0440504 0.0010206222 -0.019168332 0.044430066 0.015599838 -0.06985565 -0.0063764676 -0.00081057375 0.040585857 0.039417017 0.05072937 -0.014411182 0.037178833 0.02662677 0.040173374 -0.038114503 -0.08667758 -0.060250398 0.030624004 -0.022116654 0.012732163 -0.025243089 -0.0003169211 -0.039877784 0.024852803 0.0703809 0.045220923 -0.0178422 0.08619204 -0.029542485 -0.031324983 0.014301997 -0.0013955213 -0.035612036 -0.014686204 0.049631257 -0.03585286 0.008832218 0.010348871 -0.06126217 -0.012953176 -0.0797971 0.004739064 -0.0036527012 0.02471715 0.012627081 0.0092131775 -0.092343934 -0.008646262 -0.014667693 0.051727794 0.06337905 0.050365802 0.011541881 -0.046795174 0.015593971 0.02022509 -0.0018673666 -0.018533938 0.0032240595 0.043247283 0.0031882052 0.0006314825 0.011214632 -0.07159409 0.00015487727 0.0014015049 -0.008863698 0.041681692 -0.03477203 -0.035769135 -0.07960315 0.005064552 0.05101371 0.010223137 -0.030927647 -0.023347931 -0.026642974 -0.049682207 0.04025173 0.044227008 0.028535789 -0.06927001 -0.0008133684 0.002500284 -0.006412321 -0.006450646 0.06847389 0.04030539 0.020965384 -0.0074150045 0.033670567 -0.035379317 -0.039445277 -0.032990213 -0.019027777 0.013725287 -0.03815357 -0.013924923 -0.031520035 0.00040549916 0.019607928 -0.052618966 0.02041689 0.036434732 -0.019757506 0.015359854 -0.023412354 0.02696112 0.009271562 -0.043962166 -0.025599768 -0.0180678 0.029010892 -0.03393365 -0.033864643 -0.014518387 -0.021968147 -0.050732832 -0.047698043 0.016248563 0.01766576 -0.035033014 -0.063101284 -0.060142513 -0.017093357 0.027712865 0.019372573 -0.014369006 -0.054426618 -0.007088746 0.018805668 -0.024318634 0.018114552 -0.044418063 -0.054896947 -0.005170636 0.015968803 -0.018960979 0.0017654399 -0.055056717 -0.05379836 -0.03544502 -0.041029427 0.03383115 0.0060903877 
0.02448802 -0.013282908 -0.03346503 -0.021243144 -0.008776384 0.04989229 0.030215494 -0.013091855 -0.042763017 0.040277116 -0.034425512 -0.040430218 0.02055334 -0.045838572 0.010349879 -0.005987746 -0.033856165 -0.005729288 -2.349976e-05 -0.031240001 -0.014537157 0.032681413 0.045581736 -0.045083776 -0.025061423 0.002129562 -0.00848353 0.018662978 0.04972876 -0.028586749 0.037459735 -0.017988147 0.01251504 -0.020154517 -0.002824104 -0.010922042 0.0075770007 -0.022681814 -0.01219224 0.0045014853 0.0116855465 -0.047162537 0.036389817 -0.029349824 0.01181157 -0.026279867 0.031101266 -0.053222917 -0.015859282 0.055519387 0.06886681 0.033644654 0.06131171 0.08058285 -0.010676785 0.030632844 -0.032281373 -0.013718435 0.043895755 -0.04613611 -0.00041956836 -0.021925073 -0.00669951 0.035201624 -0.04724106 -0.014334761 -0.10564637 -0.08290891 -0.007971437 -0.015602507 0.06101576 -0.02893468 -0.0020025147 -0.07802609 -0.054667857 0.030442411 -0.05145357 0.010728333 -0.01926313 -0.005538429 -0.10018377 -0.09648724 -0.015520871 -0.002607426 0.033197038 -0.01840044 -0.0058118356 -0.04630169 -0.04013027 -0.053354055 -0.00015372512 0.08395142 0.031202428 -0.00347208 0.044121947 -0.021657735 0.06285914 0.057612747 -0.06563014 -0.01748127 -0.013019211 -0.001629762 0.07482079 -0.039822683 -0.004655293 0.002059929 -0.010881123 0.007101298 0.031468615 -0.014361567 -0.03949928 -0.010192892 -0.032722164 0.036110394 0.029282738 -0.042242058 0.0112533085 -0.08124179 0.0024227668 5.490293e-05 -0.051572606 -0.02469449 -0.037942234 -0.00974511 -0.032169927 0.004590257 0.048588354 0.007185214 0.027724942 0.016274525 0.0478587 -0.060982004 0.06800773 -0.035538185 -0.034937046 0.052859377 0.026248854 -0.029706027 -0.061302286 0.050157234 -0.06800415 -0.058703903 0.013453909 0.051833916 -0.063101664 -0.010856306 0.027622571 -0.030254355 -0.022845717 -0.051554523 -0.06813304 0.0055897245 0.022639984 0.037517913 0.012703727 0.034404814 0.03804428 -0.059857506 -0.0030425293 0.02765254 0.0129057225 -0.086435586 0.015538243 -0.002665079 -0.0763687 -0.027217578 -0.019183477 -0.019086475 -0.06724987 0.014390194 -0.0025659509 -0.028929323 -0.005675932 -0.008926975 -0.009333996 0.014541466 -0.014454325 -0.005803922 -0.026866943 0.018541021 0.012095071 0.025731804 -0.012036253 0.0063558817 -0.08581205 -0.016118454 -0.0577255 -0.0075447564 -0.040293682 0.060971633 0.0076230597 -0.015380212 -0.040692195 0.047275715 -0.027761467 0.0063233706 -0.015863018 0.0023520535 -0.034283943 -0.019106813 -0.03570497 -0.027946934 0.02891926 -0.009520951 0.041998565 -0.023121621 0.009294282 0.012362576 0.009523939 0.03464496 0.051829744 0.015171315 0.00064802886 0.006412313 -0.024676533 0.08743528 0.095871575 0.002219759 0.07938811 0.024714103 0.02916719 0.027748879 0.010529437 0.043252148 0.07052379 0.012540733 0.0066602803 0.026300596 0.0753808 0.025895663 0.061422437 0.0026992948 0.034660246 0.04715869 -0.026049184 0.02145796 0.020655489 -0.0074018934 0.030826347 0.0009164155 -0.02352298 -0.07046858 0.03306104 0.0064233844 0.04690253 0.044982553 0.018674124 -0.054896925 -0.047820408 -0.023900244 -0.04251769 0.08499164 -0.057817094 -0.060107075 -0.05154436 -0.04929207 -0.15242694 -0.08057952 0.04543542 0.02745372 -0.022681057 -0.07118023 -0.10529696 -0.19840902 -0.10135706 0.089232534 0.06706764 -0.02522053 -0.027913213 -0.104461804 -0.12050064 -0.03213622 0.025871316 0.044576216 0.02902698 -0.008385913 0.019176725 -0.034124095 -0.044678822 0.08159795 -0.07870076 0.049617015 0.021842964 0.048451245 -0.087112054 -0.021557402 -0.052865148 -0.052752633 0.02133795 0.054985177 0.05852657 -0.12029202 0.0029360396 0.030602152 0.04583599 -0.05282234 -0.027217075 -0.038237773 -0.07507734 -0.071775846 0.08691294 -0.013371454 -0.03590357 -0.007468386 -0.15287699 -0.10440778 0.015951645 0.036394536 0.057729397 0.022349538 -0.047268707 -0.13612722 0.006283754 0.11843854 0.08396085 -0.0119874645 0.051669218 -0.006475013 0.06765324 0.052094508 0.05566494 0.03201952 0.03859435 0.05667953 0.16062209 0.18150014 0.013395112 -0.0768916 0.027854161 0.0045785126 0.025441134 -0.024287306 0.050131794 0.017070204 -0.079623975 0.0034845003 0.069725215 0.05605379 0.042419855 0.023773313 -0.04127166 -0.01870324 -0.06452814 -0.019192135 -0.02857953 -0.03707504 -0.01801346 -0.02619511 -0.040687114 0.028310148 0.04861185 0.014294645 -0.021303048 -0.015072642 0.028232079 0.019270806 -0.0036879715 -0.018703828 0.013747331 0.009136486 -0.043410674 -0.0745489 -0.040695548 0.025685532 0.01822771 -0.072348714 -0.033661433 -0.06705722 0.022241887 0.010536178 -0.034226637 0.055393126 -0.014917621 0.020188639 -0.026653484 -0.064296514 -0.05713719 -0.029087143 0.0073940754 -0.045655925 -0.018949458 0.0023385345 0.03789347 0.014626228 -0.014742337 0.009999009 0.034598712 -0.019333452 -0.031680733 -0.01939771 -0.005300339 0.046870954 
0.037284445 0.0035283414 0.018301766 0.04695158 0.03606345 -0.03391747 0.051966976 0.0036833743 0.03518816 0.031895526 -0.029053325 -0.03436622 -0.04012889 -0.04006728 0.028644154 -0.050000273 0.023579268 0.03371528 0.046274994 -0.005441002 0.047669344 0.018473411 0.030752724 -0.044063736 0.020950424 -0.019773062 -0.0006949137 -0.04666511 -0.047690343 0.045332085 0.037883524 -0.021473 0.033921216 0.04645957 -0.02096687 -0.04572139 0.018276293 -0.024873316 -0.04465579 -0.04556194 -0.024177251 0.044480402 0.04708372 -0.028044425 -0.04555324 -0.02406461 -0.05192763 -0.020523515 0.011271766 -0.044127185 0.01724123 0.009614514 0.007242757 0.03532618 -0.031836666 -0.043917682 -0.007879246 0.0031460205 0.03780683 0.05623998 0.06693665 0.067882344 -0.048315443 -0.016016154 0.044009212 -0.040755842 0.032837927 -0.043588694 -0.0019268326 -0.041756798 0.06749799 0.03808021 -0.020518359 -0.007537449 -0.022493962 -0.047710784 0.014763333 -0.0037014578 0.044720225 0.04862711 -0.020326171 0.04227335 0.011614662 -0.00070635835 0.0019346237 0.050561924 0.022354534 0.04000526 0.040660474 0.039283395 0.032009915 -0.014697734 -0.040885042 0.0029544218 -0.026358536 0.027814323 0.018265197 -0.025453573 -0.017675798 -0.0289771 -0.044973183 -0.0027639016 0.015325442 0.021024555 -0.0154288225 -0.095732525 -0.06659583 -0.047245048 -0.0033433887 -0.045584794 -0.042526368 0.039990913 0.008220531 0.025384752 -0.06188679 -0.045154132 0.026203647 0.026334314 0.062490538 -0.038882293 0.027632851 -0.03972264 -0.088794984 -0.054875158 -0.03040655 0.03280947 0.019633872 0.011606678 -0.029534742 -0.033229288 -0.049394436 -0.013684591 -0.016924327 -0.02876581 -0.024310647 0.063374095 -0.01914797 -0.027278922 0.042045247 -0.00019282462 0.023303503 0.018830784 0.038365692 0.015386187 -0.014504513 -0.028372508 -0.032070737 -0.0026042738 0.002361623 -0.005373184 0.02568096 0.060767636 0.055899065 0.007294513 0.046777166 0.07946121 0.058822375 -0.0042333766 -0.026956614 0.058475547 0.047062423 0.023838438 -0.020383792 0.0358111 0.028388077 0.018981172 0.04347457 -0.003161195 0.046108007 -0.037511423 0.03186902 0.033509165 0.05694663 0.015632182 0.026859693 -0.006343271 -0.01810025 -0.03733747 -0.039490476 -0.020359498 0.00473486 -0.044446494 -0.032833073 0.000661641 -0.04570637 -0.025864113 -0.07998427 -0.040546194 -0.004861706 -0.017952494 0.025317194 -0.07962189 -0.035024613 -0.028430732 -0.034846894 -0.06491315 0.070703425 0.008161307 0.011198094 -0.01633917 -0.0030127545 -0.00056300557 0.02196536 0.015632693 -0.017985798 0.048743382 0.029729927 -0.010602888 0.026022704 0.0454526 -0.026033549 0.024816303 -0.018343747 0.025037466 -0.0063195177 -0.044311482 -0.0018462109 0.032480966 0.0063690515 0.01726783 0.02367651 0.04893784 0.02625917 -0.026981292 -0.0008184462 -0.046282638 -0.026114523 -0.024139795 -0.039078075 -0.051679473 0.03407892 0.012048247 -0.012317714 -0.096991114 -0.0027892103 -0.08931599 -0.06452994 -0.030257385 0.018957255 -0.024723452 -0.061498158 -0.02931192 -0.05849104 -0.02001442 -0.06634692 -0.0041189534 0.031531624 0.04769485 0.079165705 0.06423581 0.06286474 0.0012222837 -0.066976294 -0.013201145 -0.042872332 0.03298737 -0.0111133475 -0.025736324 -0.0021904537 -0.06265037 -0.037151407 -0.04980661 -0.018787904 -0.044309914 0.049414903 -0.007557847 -0.053510867 -0.035998818 -0.06621075 -0.041548606 0.00084920076 0.031124601 -0.04478746 -0.013524765 0.042973075 0.0046735867 -0.022706607 -0.015059799 0.019458607 -0.03395226 -0.08875979 -0.002167574 0.03037141 -0.030798629 -0.022161337 0.037115034 -0.012914507 -0.060780242 -0.033839084 0.06789749 0.022608917 0.07374845 0.063972786 -0.0032431248 0.022978466 0.047443062 0.018017925 0.05433514 -0.021087162 0.0045054657 0.01578038 -0.081494115 -0.061663877 -0.079018936 -0.06800764 0.0006675976 0.018025292 0.040433966 -0.05391824 0.0058755996 -0.087434925 -0.0064064125 0.013845261 0.013616881 0.030096052 -0.061687034 -0.012891909 0.06000151 0.014087308 0.035455436 0.034061223 -0.023457129 -0.011913763 0.042483035 0.00032215982 0.017482638 -0.037858125 -0.060988404 -0.010939467 -0.0603138 0.044907596 -0.064311944 -0.08173705 -0.054204702 -0.033178605 0.0065133865 0.006248847 0.044182476 0.027948236 0.09263579 0.07912412 0.073528856 0.05550562 -0.0044362736 0.045146905 -0.010331821 0.023890026 0.0016720737 0.026635604 0.06208616 0.029747237 -0.029634321 0.006247858 -0.0012204924 0.044023134 -0.0072983108 0.05351538 0.046041243 0.045378536 -0.028864836 0.02803598 -0.030696675 -0.02724854 -0.036475938 0.06009556 -0.010239225 0.031043798 -0.006881839 0.051782385 -0.008533136 -0.002653375 -0.033901695 -0.023981174 -0.023625914 -0.01887627 0.017605316 0.019415367 -0.03705387 0.028533723 0.011750719 0.04358686 0.0038031098 -0.0025501177 -0.011377928 0.0029975178 -0.051202726 -0.015687358 0.0032846122 -0.039478816 -0.015104985 -0.014248407 -0.050173674 
-0.025067927 0.06260433 -0.023430012 -0.04132713 0.042260945 -0.03390092 -0.0014992072 -0.03254677 -0.012035363 0.051039156 -0.031290274 -0.02910424 -0.0067785396 -0.041939028 -0.019282516 -0.03820026 0.011887145 0.033431623 0.048126806 0.009767127 0.005819403 0.03915479 0.04621144 -0.03881081 0.01797421 0.016830098 0.049131952 0.036214784 -0.043535065 0.027719889 -0.00042579672 -0.02807427 -0.060122073 -0.03644328 0.0074240025 0.048020918 0.011487776 0.006301541 -0.03360309 0.040354963 0.033600092 0.055049416 -0.012078021 -0.017925432 0.0012373832 0.018489512 -0.0327438 0.028346103 -0.022091102 0.11375494 -0.017253408 -0.04429698 0.010460352 0.069652 0.045444008 0.06569625 0.064976744 0.012072568 -0.0667038 -0.079319246 -0.109040424 -0.04857007 0.11944948 0.02215743 -0.03178335 -0.06508392 -0.085450284 -0.11460708 -0.046886362 0.0696054 -0.016752986 -0.022904864 -0.05494719 -0.04859305 -0.050511137 -0.03290234 0.042725988 0.056278303 -0.0074174395 0.04462555 0.009572904 -0.0892103 -0.031594362 0.049489096 0.1273974 -0.0600003 -0.04246202 0.07783051 -0.0023487913 0.050855234 0.035929315 0.121194154 0.051750477 -0.03641012 0.0029936165 -0.020117335 0.005107589 0.030109238 -0.1548349 -0.11516706 0.042212438 0.09569729 0.02272657 -0.08051764 -0.21270713 -0.118773155 -0.032617785 0.04586542 0.12248397 0.15755443 0.01145017 -0.10112205 -0.12591723 0.057021346 0.059197318 0.024610879 0.06261879 -0.012457968 -0.1268357 -0.0793189 0.1016546 0.040703166 0.035127692 -0.005520953 0.08029515 -0.016162803 -0.09828638 0.028778914 0.005532098 -0.009795973 0.04743677 0.09215563 -0.021868963 -0.05659106 -0.011525587 0.021534361 0.03513116 0.014988826 -0.036883906 -0.09363873 -0.08573575 0.019121455 -0.033571012 -0.088394865 0.0075786114 -0.010761564 -0.08577975 0.015180925 -0.013631533 -0.031061573 -0.00046030045 -0.013136601 0.029587893 0.086867325 0.069405906 0.047799647 -0.036180485 -0.047798462 -0.026858471 -0.0042491285 0.031234698 0.010915528 0.04052928 -0.064075515 -0.111153215 -0.118269935 0.0015983902 -0.020561246 0.03298956 0.074558035 -0.071805336 -0.055931732 -0.09271741 -0.037912603 -0.0008531233 0.035247553 -0.046687067 -0.011159061 -0.07932506 -0.10964029 -0.06401043 0.004343264 0.009329566 0.017354984 -0.039780837 -0.0014988005 0.03108084 0.0040534525 0.034980316 0.05469522 0.031137474 0.033790473 -0.0013706967 0.018101446 0.06309474 0.056873426 0.048376456 0.0052508623 -0.00059307256 0.012429771 -0.0028946828 0.0099026095 0.04044035 -0.017827878 -0.020994104 -0.043011993 -0.02172614 0.006542548 -0.05115627 0.026660778 0.016412918 -0.04822293 -0.042880956 -0.07253217 0.018176543 0.019850614 -0.0044118413 0.02502489 -0.006871492 -0.05269851 -0.0026478162 0.0362281 -0.006228537 0.023882993 -0.0589656 -0.039613854 0.028389957 -0.048051238 -0.015127889 0.021163918 -0.010808834 -0.0054573393 0.025842108 0.0073542353 0.034091987 0.0006221762 0.025702348 0.06830258 0.014713293 0.0377626 0.013259925 -0.004573469 0.09524258 0.012191154 0.06663794 -0.046313714 0.0016905564 0.065210044 0.049118582 -0.010216334 -0.061780605 -0.1332108 -0.06306182 -0.03092989 0.064061806 0.020611098 -0.011794415 -0.03367441 -0.15559784 -0.04999374 0.039778966 0.027244695 0.018216647 -0.026892116 0.0349895 0.0065316907 -0.065944016 0.0282743 -0.049696628 0.0021173654 -0.029091043 -0.049187794 0.032215327 -0.062522 0.04384787 0.014247664 -0.051937375 -0.026330648 0.0861171 0.010372801 -0.049162973 0.030252492 0.03206468 -0.024180524 0.056703635 -0.045050412 -0.03663538 0.019392505 -0.021427156 -0.034006115 -0.049278278 -0.034646116 -0.004740386 -0.061027627 -0.13479541 0.065297514 0.042371154 0.09554162 0.013594771 -0.017409626 0.032123912 -0.04054958 0.02648084 0.0193348 -0.045202695 -0.0037668452 0.046501007 0.0026965167 0.057700645 0.018144324 0.0351446 -0.06785606 -0.051997777 -0.02611172 0.0289797 0.05511814 0.030643508 0.018653236 0.059538353 0.07078976 0.021177923 -0.0013131886 0.0021424512 -0.023730993 0.022242796 0.06203809 0.0122303525 -0.040674046 -0.057342272 0.008759171 0.020721082 0.031277873 0.09627552 0.024791317 -0.0142776845 -0.007332792 0.04617203 0.048944417 -0.06959465 -0.057621025 -0.024687216 0.017223138 0.016681513 0.03868364 -0.0023363088 -0.051504117 0.026858358 0.023355685 0.007630669 -0.032194953 -0.008361588 -0.009938858 0.004968286 -0.01917282 0.02486741 0.007070864 -0.010950749 -0.05144875 0.023093266 0.016860371 -0.01753748 -0.031190224 0.05120895 -0.0061271205 0.035739347 -0.012862249 0.015772482 0.01684466 -0.0489199 -0.002973544 -0.040611885 -0.005470865 -0.034805726 -0.02855192 -0.025393182 0.008996698 0.04003297 0.049246136 -0.004401815 0.027089579 0.05002269 0.009671187 -0.04806979 0.012789359 0.018830532 0.02159998 0.0098253535 -0.015982209 0.036845446 -0.015728341 0.021507468 0.011535962 
-0.052929234 0.01513783 -0.042955007 0.0035482568 0.0022979754 -0.027625974 -0.054690056 0.0047930726 0.045935597 -0.022326 0.044538297 0.021324672 -0.026303824 -0.028053626 -0.022296684 0.0028525246 -0.019018885 -0.03720235 -0.01605315 -0.013763873 0.033709727 -0.026066814 -0.005402447 -0.04579627 0.041702937 -0.031352744 -0.020342158 0.026912626 -0.049762573 -0.011786912 0.008503902 -0.041976336 -0.031207735 0.039872754 -0.045751285 0.008503105 0.0034204544 0.025021031 -0.041312784 0.04585434 0.0417252 0.001409567 -0.046474334 0.03990218 0.025020232 0.044660643 0.025944287 -0.016838593 -0.04843681 0.005984408 0.06276619 0.071187176 0.052064348 0.039571986 0.05776924 0.059453562 0.026038684 0.005234278 0.039135184 0.067468934 0.0056397803 0.0008780652 0.048102096 0.011320226 -0.033106107 -0.011778237 -0.0004281623 -0.011302226 0.0046570236 0.03728206 0.070385315 -0.026320346 0.047884174 0.01022183 -0.01880547 -0.06588699 -0.030809473 0.054512218 0.03406122 -0.022675568 0.012370827 -0.0030027507 -0.0058399537 0.061742578 -0.010191565 0.02567367 -0.0077645727 0.00386098 -0.0056665693 -0.03870856 0.031145623 0.005676556 -0.032544676 -0.004120451 -0.009352172 0.008931627 -0.051797174 0.025107102 -0.13930075 -0.07815424 -0.102092475 -0.0730097 -0.03423193 -0.08544139 -0.1294151 -0.030016165 -0.098616995 -0.090947285 -0.074946895 -0.020049175 -0.059186045 -0.06964658 -0.022520104 -0.0484595 -0.059477482 0.0024713492 -0.051182125 -0.02496822 -0.08184883 -0.034760702 -0.02686016 -0.018893527 -0.047043145 -0.009853335 -0.09162604 -0.07576926 -0.051211193 -0.08406959 -0.012040181 -0.022030134 -0.08945215 -0.032688387 -0.068142295 -0.019509522 -0.0246371 -0.02939429 -0.0393305 -0.0054218 -0.058051705 -0.08696668 -0.07591254 -0.08931992 -0.02200122 -0.081608936 -0.07725679 -0.08716129 -0.08599229 0.06451286 -0.013785719 0.04403904 -0.008233975 0.029282777 0.00027497957 -0.031055775 0.040816735 -0.02905794 -0.051982593 -0.009327612 -0.022882288 -0.045603808 0.047034938 0.017945927 0.019077005 0.011577683 0.02085634 -0.0024321154 -0.010753368 -0.004715875 -0.035045203 0.04441101 0.017096948 0.047523323 0.07718992 0.033144604 0.06886667 0.053636923 0.06615584 0.030795027 0.034498025 0.02127593 0.03807046 0.048970863 -0.009162528 0.015157194 0.06794197 0.029753404 0.011078381 0.046806354 0.029322281 0.039974775 -0.00068175106 -0.03903004 0.062356226 0.010137611 -0.010185573 -0.0139549095 0.070203274 -0.024615146 0.017463082 0.005830556 0.07037694 0.06252217 0.0669695 0.005240208 0.045066804 -0.0006595227 -0.024079831 0.01932355 3.138396e-05 -0.013010274 -0.052524462 0.057447065 -0.015805192 -0.01161602 0.0064434134 0.05569336 0.004737692 0.0027116807 -0.020300025 -0.017002234 0.0062271813 0.00741279 0.052513428 0.04025083 -0.047050316 0.05485935 0.0047099735 0.04505349 0.032691937 0.0345131 0.013839742 0.046016958 0.018053178 0.069790035 0.04255062 0.03760959 0.050389696 0.036293574 -0.048342504 0.0020778994 -0.036736354 0.03128957 -0.037772566 0.021125432 0.04980078 -0.0013942644 0.02332362 -0.029936155 0.02863207 -0.030679353 -0.015814956 -0.014394773 0.052692886 -0.03796111 0.055838052 0.07347987 0.0020716358 0.00042107757 0.0030719095 -0.029960291 -0.036056593 0.020082325 0.0030122562 -0.010515758 -0.007976363 0.025636492 -0.022814326 0.009952967 -0.038303167 -0.0065692016 -0.044086717 -0.01860832 0.002083524 -0.011672776 -0.02214031 0.0074663446 0.012400725 -0.025020534 -0.058499075 0.036378905 0.018452736 0.05428979 -0.01765827 -0.017896801 -0.010891142 -0.032470923 0.031809464 -0.03959102 0.026743496 -0.009577286 -0.032478556 -0.013835626 0.030034786 -0.013578779 0.025895191 -0.041715913 -0.045465328 -0.014124894 0.014393509 0.011283913 -0.0075875768 0.0645917 0.006900666 -0.05426416 0.011968277 -0.037952058 -0.022167888 0.028520856 0.053795166 -0.018115308 -0.002036108 -0.0062754867 0.0035488883 -0.04458018 0.046049017 -0.053461928 -0.06604451 -0.02541408 -0.03341855 -0.0012956788 0.0045104143 -0.01029116 -0.063861616 0.07332271 0.0144165 -0.027404195 0.011717898 0.0029228006 -0.009105711 -0.042615086 -0.014921269 0.0062966486 -0.009880312 -0.03595071 -0.007354866 -0.014320013 0.029890243 0.004468136 -0.039059006 -0.0011697827 -0.040053945 0.00012456795 0.00463513 -0.035408746 0.029036395 0.03493061 0.028927512 -0.03321893 0.033486255 -0.042979322 -0.02972109 -0.032923333 0.033911042 -0.0024246757 0.0075452006 -0.028877469 -0.012836342 -0.02848922 -0.0042455834 -0.023654629 0.039420165 0.022339808 -0.035577808 0.013804411 0.0053715757 -0.011451461 0.03335527 0.0147995325 -0.016855514 -0.00084596616 0.02527809 0.021556946 -0.028788775 -0.02677101 -0.06586711 -0.025690723 0.024550024 -0.008211449 -0.03367 -0.047018304 -0.039626256 -0.06270391 -0.036828652 0.008974864 -0.039805543 0.012460503 0.021733565 -0.021530297 -0.014879787 -0.030637255 -0.044152748 0.0036829803 
-0.0085265655 0.001638453 0.0028792382 -0.030522073 -0.02037802 0.0068751266 -0.050917372 -0.032389708 0.0062021366 0.044600155 0.04814579 0.027267033 -0.048312686 0.0052935705 0.005897096 0.040184785 -0.051420704 -0.044381324 -0.03475392 -0.025423266 0.059609976 0.035082158 0.0049347645 0.02995872 -0.017685821 0.02329451 -0.004715268 -0.030167293 -0.0137777105 0.0016016754 0.023403142 0.0040991837 -0.015430786 0.038648706 0.03286775 0.033338726 0.024998177 0.036418863 0.014194669 0.014959103 0.04033566 0.027949443 0.023938183 0.025020069 0.039080754 -0.033573255 -0.039279018 0.027355136 -0.010856735 -0.028805878 -0.0034057451 0.02589963 -0.035447203 0.02716077 -0.024223369 0.004634136 0.046671286 -0.027562557 -0.06215886 -0.07424225 -0.034340225 0.018758602 0.043680083 -0.007520819 0.008808073 -0.027626354 0.0001125112 -0.07958598 -0.07026433 -0.0062798196 -0.055522207 -0.023266431 -0.008711623 0.04629524 -0.03272527 -0.0740025 0.01574426 -0.002359052 -0.048197787 -0.07293453 -0.0048913513 -0.004475616 -0.007827103 -0.07972751 0.07042505 0.030505637 -0.03025211 -0.052043658 0.009290747 -0.061932787 -0.02173038 0.008185727 0.048825823 0.02535111 -0.06723768 -0.08510052 -0.021299543 0.07397895 -0.062189516 -0.024427403 -0.002477394 -0.056275092 -0.004071769 -0.017686727 0.064335786 -0.028048899 -0.02505515 -0.016957538 0.0499772 0.009753376 -0.082098946 -0.09992653 -0.025173413 -0.021981537 0.044514623 0.115842916 0.09605192 0.025981694 -0.11799133 -0.11530025 0.034820896 0.110076874 0.2562639 0.15009087 0.056652397 -0.05991242 -0.06657619 0.023967106 0.057931963 0.08461663 0.10341312 0.07274504 -0.019146625 -0.20920715 0.014998876 0.0104642995 0.07655088 0.024123468 -0.029437609 -0.1259941 -0.06286392 -0.03790123 -0.027365074 0.071124606 -0.07262048 -0.047665 -0.03819294 0.04325237 0.06842297 -5.4287346e-05 0.040974177 0.047327552 -0.015942309 -0.0041408935 0.054048203 0.009357729 0.0006700442 0.012592034 -0.017973877 0.046614066 0.045442052 0.0344656 0.005714089 -0.037371118 -0.02810683 -0.061440334 -0.038597506 0.027771961 0.042014226 0.0066253725 -0.048951663 -0.03120219 0.0071472437 0.041776896 0.04360177 0.063416205 -0.014473667 -0.11243981 -0.03952216 -0.010791245 0.014590881 -0.029514572 0.052413993 0.03353287 -0.067927375 0.011214018 -0.028376788 -0.05165703 0.055403966 0.04680293 0.052624516 0.002829887 0.0010052772 0.026445996 0.047960415 0.049098022 0.116758466 0.13162942 0.06480411 -0.050651386 0.050268438 0.0046588057 -0.021739425 -0.008250886 0.060606454 -0.061319012 -0.093762994 -0.10318607 -0.033601277 0.026037095 -0.0067829136 -0.054172292 -0.09310536 -0.16904782 -0.1332654 -0.024032002 -0.010204199 0.073175065 -0.08193942 -0.10395489 -0.21146293 -0.14275815 -0.063596904 0.029520618 -0.06183377 -0.11778729 -0.10394199 -0.07168915 -0.054863274 -0.034864966 -0.034672696 -0.033534486 -0.04467762 -0.026294198 -0.0352069 -0.098787926 -0.06488904 0.07798648 0.15246727 0.091874264 0.04831365 -0.005136337 0.07384488 0.034790177 0.11510726 0.047553428 0.04551623 0.06502238 -0.0291371 0.024860352 0.02389105 0.03323258 0.1533882 -0.039661177 -0.072050646 -0.065034874 -0.11084154 -0.01530022 0.09716129 0.05457001 0.023010964 -0.07872558 -0.046227586 -0.116207086 -0.028891822 0.088651866 0.041832305 0.025589595 -0.052280378 -0.05097752 -0.06324577 0.027735678 -0.030156063 0.10403513 0.019420858 -0.08151101 -0.10395304 -0.050184324 -0.021027973 -0.0048222668 0.007911141 -0.0051128245 0.009023496 -0.015346191 -0.02207432 -0.054164857 0.017887678 0.10348803 0.09970492 0.06134821 0.12428086 0.0462789 0.0073756324 0.122014776 0.0014921221 -0.013504183 0.028021084 -0.008347759 0.02343345 -0.06259666 -0.024836509 0.09315267 0.05502569 -0.010234576 0.05188047 0.021255946 0.0017796813 -0.011743097 -0.10062173 0.015133982 0.0465751 0.11315413 0.048559837 0.059570085 -0.007653796 -0.064392954 0.09099991 0.09695342 0.07750019 0.06556043 0.07198086 0.0385278 -0.0979556 0.110091515 0.09683883 0.07604055 0.07425123 -0.02474937 -0.03389071 -0.15019523 0.05785856 0.13295683 0.06326828 0.04505621 0.048187174 -0.04026439 -0.033927288 0.021840021 -0.050533783 0.013837077 -0.0017172091 0.047466926 -0.059232682 -0.062476777 -0.00088195014 -0.028616222 0.015636045 0.03548631 0.019708594 0.008606594 -0.03492035 -0.015884874 0.0013630625 -0.045972463 0.02395533 0.035013687 -0.018197896 0.026396992 -0.015295005 0.04416927 0.029598203 -0.0545278 -0.02381366 -0.028591735 -0.0037331376 0.044418056 0.04078746 0.04830679 -0.03113853 -0.018428845 -0.053931076 0.0064805923 0.03734187 0.041779358 -0.046883456 -0.02320045 -0.031935044 0.02935455 -0.00019234132 -0.012373961 -0.058111653 -0.0064269896 -0.014351222 -0.015917286 -0.04122164 0.013640569 -0.010256148 0.011445946 0.012579785 0.028195957 -0.036011036 0.015039923 
-0.01757258 -0.055059712 0.026984816 0.00998973 -0.054943096 -0.015014243 -0.043553546 0.03333629 -0.010450655 0.04554242 0.0018292707 -0.034113955 -0.022862641 -0.035656817 0.025225427 0.003230642 0.033039615 0.045498386 -0.010509813 -0.0469011 -0.019233381 0.03619629 -0.040433504 -0.03405166 -0.015756749 0.049755495 0.035256557 -0.024526954 -0.01610822 0.045586232 -0.002271769 0.030675218 -0.004407894 0.039922282 0.013624514 0.028631167 -0.015849108 -0.038696956 -0.051885106 0.0037814903 0.01985887 -0.036311127 0.033674777 -0.057009205 0.0024052663 -0.041508906 -0.024573749 -0.037888736 0.033674113 0.01971208 -0.0806785 -0.005095774 -0.029656073 0.00038555596 -0.012804524 -0.0056395563 -0.12769152 -0.03063949 -0.042352837 -0.019026853 -0.06672886 0.027582847 -0.030754121 -0.06720729 -0.09060223 0.03125127 0.040233556 0.027631637 -0.0009344519 -0.019198988 -0.06722975 0.027469091 0.024183638 0.08452867 0.064865015 0.049414635 -0.058747992 -0.011266774 -0.03782921 0.04264441 -0.003436342 0.0007236192 -0.005845071 -0.0023506668 -0.0045913323 -0.018207453 0.050280254 0.007830028 -0.017932808 0.008158666 0.028372636 0.02417994 0.018192125 0.054091007 0.03573071 -0.0036161023 0.009580185 0.07624253 0.035950314 -0.0067244717 0.09609831 0.10202809 0.016922021 -0.04457919 -0.10243855 -6.0210583e-05 0.031256337 -0.0053440547 0.04043743 0.04007335 -0.05557875 -0.11953701 0.00050359225 -0.022609653 0.041387413 -0.03879759 0.09820298 -0.03600205 -0.10960641 -0.101746775 -0.051528707 -0.010499762 0.04531527 -0.027848393 -0.032423653 -0.10761908 -0.02651926 -0.07422181 -0.09407391 -0.04611585 -0.07075875 -0.07408121 -0.0785021 0.0044260025 -0.032236014 -0.018932194 -0.021979252 0.011650591 -0.0033671898 -0.03225309 -0.021165952 0.08793945 0.03340604 -0.043284915 -0.028590921 0.011348334 0.01980197 0.019291462 0.007514237 0.06533663 0.0024506927 0.040852554 0.017261319 -0.025593897 0.022111434 -0.04173361 -0.028480968 0.011556245 0.019524962 -0.013454069 0.029610403 0.04931744 0.011924167 -0.027649121 -0.012530848 -0.067446224 0.054226458 -0.03983629 0.016636107 0.04445957 0.0147631345 -0.081162 -0.05585682 -0.021581065 -0.03489998 0.027422009 -0.0150505435 -0.0315992 -0.06336753 -0.07202441 0.0016177264 -0.009293858 0.011741064 -0.033948578 0.0038284878 -0.06477983 -0.047043156 -0.039870027 -0.018350732 0.0076135383 -0.06444155 0.011054832 -0.06141713 -0.064363256 -0.04870572 0.020912295 0.01269338 0.07452295 0.07962545 -0.024625003 -0.04219604 -0.068141945 -4.6217472e-05 -0.0034705503 0.025443634 0.034303848 0.075162254 0.06419408 -0.00909756 -0.00046461917 0.0015497542 -0.013963933 0.020097775 0.057635263 0.020483566 -0.018150983 -0.014845061 -0.03842045 -0.023713496 -0.0027211094 -0.082407475 -0.04731763 0.030955523 0.04218758 -0.02854582 0.027973857 -0.028851781 -0.016991572 -0.026555939 0.092961684 0.03231346 -0.049475785 0.00026570162 -0.0067569176 -0.019749573 0.04411171 0.047297303 -0.03790189 -0.012516239 0.042094674 -0.0005385564 0.060740806 0.014078119 -0.0051299175 0.022099072 -0.1231982 0.030195603 0.09274359 0.0337552 0.03470813 0.0076230117 -0.15807551 -0.10146072 -0.04494229 0.044165444 0.09511982 0.19816463 0.025878586 -0.15837905 -0.13175301 0.004572196 0.10431929 0.13824224 0.2642368 0.02942965 -0.17990966 -0.122537486 0.017927565 0.097375914 0.088474244 0.16740061 0.036891785 -0.061432187 -0.044224206 -0.03217411 -0.0017296813 -0.04391415 0.03397823 0.06919286 -0.055287298 -0.07527005 -0.04620898 -0.0061954693 -0.022598924 0.012352782 -0.011315532 -0.0075783315 -0.08478943 -0.060317375 0.020158995 -0.12303524 -0.012276305 -0.036942314 -0.051352236 -0.021953737 0.034583196 0.037345696 0.08125029 0.017828634 -0.039854113 -0.079029195 -0.025431829 -0.0017989915 0.032187022 0.13536182 0.097187206 -0.024925355 -0.036719713 0.0104224915 0.05412533 0.070086025 0.10154454 -0.0065135993 -0.12890723 0.015800579 -0.02291716 -0.061965823 -0.010241271 0.00023647626 -0.06671735 -0.10650618 0.0024945366 -0.003763572 -0.05584278 -0.09312507 -0.040816765 -0.039839838 -0.07992602 0.06974845 0.024174782 0.07448704 0.041036487 -0.024903996 -0.005433063 -0.0026135163 0.024534695 0.011860143 -0.07454283 -0.023538385 -0.05624929 -0.041547246 -0.04025023 0.042565156 0.008765147 -0.005531689 0.049824487 -0.0055544167 0.019383524 -0.031248618 0.0015854379 0.04347325 0.030852323 0.0056480924 -0.018838698 0.017338926 -0.0025483677 -0.02601942 0.041858934 -0.031478073 -0.053801466 -0.017589275 -0.0109673 0.031665917 -0.00791864 -0.027851589 -0.058058225 -0.003075394 -0.041387737 0.03158009 0.0067276675 0.05188464 -0.00880769 -0.038420986 -0.0036755397 -0.05409562 -0.012942208 -0.028987046 0.031499755 0.011520942 0.012559475 -0.028141545 0.019351946 0.014445498 -0.0023030315 -0.0036103465 -0.034168337 -0.020052157 -0.016630726 0.048195686 -0.0055430434 0.02424236 0.03707203 
0.02233968 0.0053851972 -0.037486985 -0.016372643 -0.03871826 0.016736047 -0.0458341 0.04116951 -0.008473824 0.027810106 0.048566706 0.012593147 0.04876117 0.052988753 -0.050769195 -0.041259814 -0.014677044 0.020481609 -0.04486367 -0.033885624 0.028840799 0.044618007 -0.0009017602 -0.046703644 -0.007180894 0.0062988824 0.015761368 0.012866569 -0.05462673 -0.048855934 -0.036372725 0.012871218 -0.023096945 -0.016304884 0.029544737 0.002027915 0.009794167 0.041400157 0.055108048 -0.0117353 -0.025258483 0.008723595 -0.014748144 0.036090575 0.01138227 0.032461226 -0.02367852 -0.030614454 0.0006303079 0.10368826 0.00028346013 0.023983806 -0.027471263 -0.066114135 0.029963223 0.089018084 0.030019408 -0.0021949029 -0.040549934 -0.09277515 -0.054266077 -0.036091495 0.011859113 0.05836286 0.01173935 -0.06327032 -0.01342274 0.028745025 0.036734242 0.09381292 0.071286514 0.008886957 0.0014019083 0.028393691 0.037964117 0.050686624 0.0148596065 0.025204359 0.049064796 -0.13133904 -0.060468912 -0.075885706 -0.0045663337 0.07684346 0.06539636 -0.08442048 -0.059383146 -0.10114541 -0.014209562 -0.013185916 0.018438857 0.053459175 -0.021159386 0.010843406 -0.04266874 0.114608504 0.14223476 0.059393603 -0.009020448 -0.015531114 0.058919623 -0.0032920835 -0.038422298 0.024970243 0.006608457 0.03126648 0.032728564 -0.018232264 0.05477159 0.018343968 0.02089083 0.032452054 0.026231559 -0.040277556 -0.062498678 0.015353873 -0.00027406742 -0.045031138 -0.011046908 -0.0775251 -0.107693814 -0.076546624 0.019215921 0.009356822 -0.0072835926 -0.08774808 -0.10625731 -0.076384455 0.04625102 0.09344926 0.1400403 0.030041944 -0.119101346 -0.16412757 -0.020689745 0.13239966 0.21792103 0.12329367 -0.072926104 -0.17575683 -0.038855772 0.0033944391 0.17721954 0.12368017 0.08511347 -0.061443236 -0.111658365 -0.019794498 0.080700554 0.005236938 -0.026125943 -0.0040408256 0.015903622 -0.0012282785 0.016040077 0.048495725 0.04537594 -0.04923983 -0.06802641 -0.01565153 -0.01643519 0.044382993 0.06711211 0.07836696 -0.02710008 -0.00031278565 -0.011475307 0.0023807948 0.013495943 0.002083306 0.060548514 -0.04467371 0.012147894 0.011175846 0.03485508 -0.0028244238 0.0012128655 0.023218228 0.0029147046 -0.06999194 0.0076364726 -0.0010506265 0.025196519 0.026868306 -0.026147483 -0.06906414 -0.1108492 -0.027308917 -0.032234985 0.17166027 0.078560166 -0.02343066 -0.06334651 -0.09242921 -0.07413305 0.0076442 0.05176378 -0.040947106 0.07975219 0.005735965 -0.0427059 -0.028808827 0.015666552 -0.050459262 0.010371507 0.055658866 -0.00058751623 0.0117872795 -0.04413688 -0.023656933 -0.05092309 -0.04354198 0.036808725 0.13112912 -0.0065430803 -0.0065590455 -0.0663179 -0.0625604 -0.066947185 0.14661299 0.08591452 0.06001987 0.012025502 -0.032817625 -0.057563335 -0.04529612 -0.006422316 0.044074703 0.064392775 -0.066289134 -0.08242107 0.005372537 -0.06096733 -0.059681866 0.013743825 -0.04219489 -0.009705476 -0.070386305 0.08443456 0.07388592 0.090471104 0.102576606 0.070567146 0.005589269 0.0036944665 0.0060074725 0.022959642 0.018117145 0.03626743 -0.012252919 0.03081715 -0.082630515 0.0062808795 -0.011958551 -0.078627355 -0.022101229 -0.06136494 -0.039945364 -0.019080073 -0.07958214 -0.07815441 -0.07904127 0.09587319 0.014064608 -0.069186136 -0.11575815 -0.15256618 -0.06612826 0.090788394 0.08591906 0.098569885 -0.01630316 -0.2386893 -0.2044885 0.038368277 0.18232167 0.2108547 0.16250552 -0.009879022 -0.2521941 -0.20187645 0.03588504 0.15281193 0.17103216 0.115257174 0.036624584 -0.23024267 -0.27423957 -0.043307733 0.18551071 0.18023318 0.15844843 -0.015068722 -0.246938 -0.029589022 -0.0055691404 0.008417956 0.0067403866 -0.031542677 0.10301968 -0.04040463 -0.06731389 -0.034875046 -0.022320362 0.119816855 -0.030709619 -0.02053277 -0.1232538 -0.05298894 -0.04755452 0.046172105 0.050404947 -0.06946202 0.013375435 -0.014238279 -0.011619522 0.031964254 0.14003424 0.0088091465 -0.07253326 -0.04378016 -0.066310465 -0.031209733 -0.0004746717 0.06870253 -0.018099902 -0.08363646 0.012237204 -0.14464812 0.020638764 -0.055201035 0.0016207291 0.016113015 -0.023694191 -0.011980323 -0.043365553 0.035481997 0.027356738 -0.061517317 0.0245441 -0.05957423 -0.015094431 0.029847708 -0.022345643 -0.017405108 0.04357 -0.022783473 0.015832914 -0.038056564 -0.013628522 0.0023017197 0.0381558 -0.03528431 -0.057916034 -0.006881544 -0.0714192 0.022747964 0.07440237 -0.027034566 -0.017705228 -0.0025197275 -0.052170817 0.014671827 0.0026373705 0.015915468 -0.054179173 -0.038987637 -0.011522574 0.00891572 -0.011599817 -0.037363734 -0.041776836 -0.07168081 -0.006734148 0.016829874 0.002659302 0.011994342 0.017613996 0.01144993 0.015931148 -0.02066474 0.03150426 0.024321994 -0.007955451 0.040108673 0.05805759 0.10152168 0.026110651 0.021298913 -0.0023259658 0.019274933 0.0004005195 
0.019585643 -0.021859122 -0.015173885 -0.038882516 0.023233803 0.031130502 -0.00046303266 0.046459675 0.0142493 -0.035498798 0.004572724 -0.02386814 0.03400249 0.03041875 -0.0059059155 0.023045823 0.019103395 -0.0030565038 0.016100552 0.033472948 0.028405901 0.034709558 -0.032529928 0.03654253 -0.04354471 0.01397436 -0.013178342 0.035822883 0.014799916 0.018681362 0.004533126 0.044733535 -0.022893127 0.048448313 0.03375819 -0.038932297 0.0073523987 -0.047095 0.039338794 0.010918646 -0.02142129 0.009875472 0.04966974 -0.04720331 -0.017106585 -0.016203173 -0.03611433 -0.016077686 0.024534555 -0.04292386 0.0082455035 0.0060928203 0.024724526 0.06392109 0.05050924 0.015701715 -0.011113661 -0.061894856 -0.045785632 0.01063689 -0.023839163 0.010815036 0.0012870556 -0.019836882 -0.01204453 -0.05438729 0.023221292 -0.03231 -0.0216235 0.020253973 0.0013547213 -0.03068421 -0.033852994 0.01933757 -0.018573627 -0.03831871 -0.0051732548 -0.027457949 0.0077373316 -0.02547603 -0.010273146 -0.015875746 -0.015156844 -0.02221311 -0.037561584 0.008124216 -0.03513618 -0.061579958 0.034229934 -0.015602555 -0.009875767 -0.014340721 0.014142427 -0.025563331 -0.06634739 -0.087395795 -0.08418937 -0.049380783 0.0043092463 -0.05821911 -0.062816024 -0.06494614 -0.06634932 -0.001913206 -0.044844028 -0.0036913527 -0.040638197 -0.108360164 -0.10612335 -0.07445769 -0.006940785 -0.07307613 -0.020822452 -0.057093874 -0.051829785 0.0056841252 0.0016077507 0.00767708 0.028637422 0.019924263 -0.03323328 0.0283758 0.095273554 0.077251226 -0.015327947 0.017966518 -0.033244338 0.049622737 0.013106448 -0.003685558 -0.032702483 0.03187429 0.05404647 0.04493883 -0.0023214866 -0.09414826 -0.0036072396 -0.06504068 -0.035998903 0.043133937 -0.037862442 0.03381987 -0.018918632 -0.036096126 0.013950213 -0.0013411923 0.002850044 0.058190662 0.044287935 0.005684495 0.027830653 -0.011970232 0.013453928 0.007214156 0.035147376 0.014823068 -0.007539994 -0.02016778 -0.024262886 0.0019666771 -0.057760656 -0.050620526 0.040790312 0.013159859 -0.05866837 0.030410355 0.052012578 -0.024427652 0.04176418 -0.044655487 -0.0074712173 -0.008782625 -0.0069545354 -0.050010163 -0.019753791 0.035186116 0.04565923 -0.03027687 0.012026894 -0.026780723 -0.025689628 0.008696982 -0.020755347 -0.017130531 -0.009920837 0.055948395 0.02351895 0.026079109 -0.00043134956 0.0024682318 0.05011086 -0.027294181 0.06790629 0.025872571 -0.012768517 0.036301382 0.010993428 0.06248778 0.00488404 0.012998059 0.009661585 0.0133173615 -0.038958326 0.063106306 0.014775275 -0.0015897207 -0.022771291 -0.04552508 0.034113105 0.040395565 0.024823371 0.019854534 0.016887108 -0.06884649 0.036420178 0.080147594 0.109541506 0.022919243 -0.0156661 -0.05317441 -0.072216466 0.044756494 0.022234332 0.071222365 -0.012927861 -0.0211152 -0.06913073 -0.038251214 0.0260725 0.021568945 -0.041592028 -0.019916737 -0.014003595 0.016678816 -0.044941235 -0.021174047 0.018602017 0.028339783 0.025219798 0.034113605 0.048630983 0.030583518 0.07877999 0.04396906 0.019557111 -0.061822083 0.02041296 0.08890091 0.09699558 0.071915776 0.03227374 -0.015174384 0.0542084 0.013588151 -0.05128383 -0.030205606 0.038856223 -0.0016066653 0.061543893 0.005848098 0.0073326943 0.010625927 -0.041755103 -0.030165428 -0.027773876 -0.0145573495 0.021979794 -0.03630936 -0.06998395 -0.012552596 -0.0050469963 -0.010669773 0.022334162 0.06665952 0.07076948 -0.012031252 -0.014587854 -0.04310954 -0.04352761 0.048168674 0.06190908 0.05032619 0.018733108 0.020920351 -0.063768335 0.016191728 0.009144688 0.00065599184 0.11106926 0.018772528 0.037328705 0.02767782 0.06841247 0.017398812 -0.030975841 0.057441805 0.037227232 -0.052466154 -0.010524059 -0.043171547 0.028193671 0.0075172554 -0.01675667 -0.06797375 -0.059893724 -0.042276654 0.00034765643 0.05011405 -0.032275863 0.04449059 0.06279792 0.010960688 -0.01288723 0.06482744 -0.014203904 -0.08138949 0.04041066 0.051034514 0.07894899 0.033934515 0.058018915 -0.049195707 -0.006553348 0.027924163 -0.080399215 3.8613776e-05 -0.000898448 -0.023082446 -0.02988216 -0.06028841 -0.08146425 0.035830934 -0.03335376 -0.023786768 0.040256184 -0.045557495 -0.019559152 0.029903492 -0.02466439 0.0019440334 0.015317506 -0.042064782 -0.040851697 0.052856218 -0.033253733 0.034871235 -0.009974597 0.048837487 0.04652261 -0.012123328 -0.0080272835 0.016492737 0.030308336 -0.011704386 0.013066173 0.01988404 0.02712177 -0.048867214 0.020483557 0.04296156 0.007338791 -0.024826746 -0.01309562 0.012114883 -0.042930175 -0.014307605 -0.06023914 -0.0008544205 -0.014087105 0.006177928 -0.035226855 0.017091403 0.0028463588 0.018236326 0.03918084 0.026569562 -0.018895157 0.013944683 -0.016259357 -0.034002084 0.020960497 -0.028894695 -0.05219971 0.025869453 -0.020043869 0.011046682 0.003064828 0.025071394 0.033594187 0.0120758535 0.016297681 0.016278462 
0.031024693 -0.054851778 0.009780528 0.0060431715 -0.011874617 -0.029530583 -0.036066912 0.04707542 -0.030080087 -0.033317763 -0.040842075 0.037249144 0.032747824 -0.03446918 0.021786753 0.024954718 -0.019621765 0.022610271 -0.028253315 -0.014070901 -0.03666256 -0.005615742 -0.04294962 0.015764821 -0.018802198 0.011986972 -0.022843262 0.012120053 0.03481939 -0.037747927 0.0016309441 0.008446081 -0.032079447 0.04492293 -0.03365436 -0.0058858944 -0.04568289 0.0067031984 0.0072772116 -0.015345044 0.0068386663 0.015319884 0.0043545244 0.018124139 -0.016854048 0.047548372 0.06261248 0.0013400896 0.010672801 -0.14378081 -0.058122363 -0.04528876 -0.074864395 -0.11786671 -0.06836797 -0.045130864 -0.10358789 0.007986285 0.10207556 0.06893243 0.04783551 -0.05863612 -0.045589518 -0.08525752 0.041367646 0.094300374 0.10509358 0.07043248 0.023439236 0.055642918 -0.10114608 0.06899065 0.03052813 0.058618132 0.06481604 0.0014733297 0.0041661183 -0.12690465 0.010231283 -0.002016992 -0.020638246 0.07339813 -0.015831038 0.05373608 -0.057448905 0.042222846 0.0041190465 0.0008362698 0.011607192 0.0025739812 0.13465206 -0.07064418 0.03369175 -0.00017146776 -0.020946227 0.010303002 0.07615187 -0.008088025 0.08892515 0.048328888 -0.035613902 -0.047988523 0.0020389534 -0.0003275846 -0.0050941273 0.10401365 0.078177646 -0.039641302 0.045551088 -0.0013024794 -5.005076e-06 0.11036181 0.14090967 0.03206373 0.011908656 -0.017884374 -0.056387827 -0.035757337 -0.009479933 0.07342629 -0.05060006 0.0016485143 -0.010177643 -0.07086922 -0.04340567 0.020742744 -0.0010692445 -0.0067585804 -0.07464505 -0.024429396 -0.024102509 0.007948386 -0.053223964 -0.0380162 -0.055755533 0.028462667 0.020724555 -0.05613716 -0.03552096 -0.105948694 0.033355895 -0.057621475 0.013694315 0.018151907 0.04607325 -0.025086774 -0.0011960947 -0.022491854 0.00016890805 -0.023417074 0.029029487 0.04855083 -0.00096625276 0.0033716043 -0.016214622 0.030971918 0.0029285292 0.03456297 0.030567141 0.029388295 -0.0011819305 0.013159754 0.030945778 -0.008784256 0.080001265 -0.003357395 0.01785663 0.013422453 -0.047830835 -0.022426082 -0.033992436 -0.026619503 0.00884487 0.07478232 -0.008689139 -0.015889255 0.023712868 0.022250582 0.04126966 0.04024857 0.027838824 0.016279936 0.03987747 -0.053854197 0.023335332 -0.021055344 -0.029239528 -0.035883106 0.00020615372 -0.014742852 0.055145133 -0.054782763 -0.04342964 -0.09280095 -0.07227827 -0.017261067 -0.012436565 -0.029899597 0.011198528 -0.10087054 0.0342863 0.037653685 0.04514017 -0.029445328 -0.021501586 -0.07466066 -0.04007246 -0.048398618 -0.004115788 0.06232851 -0.05819126 -0.11172051 -0.041467667 -0.08819538 -0.063100725 0.008652445 0.032709897 -0.05835994 0.0054886034 0.0021983976 -0.0030079347 0.008659859 0.07140294 0.036036007 0.018689182 0.052217577 -0.0073476955 0.06927857 0.069366276 0.06575709 -0.095891975 -0.1054974 -0.06859863 -0.0057903985 0.051818755 0.0067670415 -0.0008934306 -0.04571952 -0.04699019 -0.037475284 -0.03603808 -0.050684657 -0.004596201 0.02233708 -0.06770373 -0.1165322 -0.07235825 -0.10060259 -0.099907026 -0.10786165 -0.008053136 -0.04415397 -0.040811352 0.0082510505 -0.10942311 -0.11483242 -0.083419636 0.04022878 -0.024089705 -0.07132747 -0.04289053 -0.07657084 0.04664553 0.0475131 0.039208516 -0.08866404 -0.11666033 -0.017182348 0.0835035 0.079028256 0.09310248 0.089208126 -0.000963631 -0.167314 0.018320104 0.10828541 0.26418793 0.2661438 0.045201376 -0.04955762 -0.16011646 0.10568708 0.2147306 0.22191288 0.18093084 0.1263339 -0.10646101 -0.22203858 -0.063804716 0.021816123 0.07944639 0.07944341 0.038610417 -0.11271039 0.011288786 -0.0968221 -0.023172552 -0.055713177 -0.027759334 -0.00028963713 -0.017933035 -0.04881972 -0.007731387 -0.03056578 0.071409576 0.016622962 -0.026157312 0.002429692 0.0074336748 0.0029217908 -0.03490652 -0.009218922 -0.0049836747 0.009374648 -0.052563615 0.05785422 0.034624822 -0.027806228 -0.06575775 -0.07203205 0.0014312541 0.003374161 -0.005748052 0.087870695 0.09206724 0.115876675 0.077227384 0.066938706 -0.24146539 0.015347233 0.028198693 0.12626453 0.0675004 0.052491415 -0.0015607554 -0.15390687 -0.04185368 -0.104922466 0.018087124 0.07257614 -0.044869926 0.0043474426 -0.047264144 0.020309564 -0.0655241 -0.01646311 0.025608964 0.00064818416 0.03585591 -0.001246238 0.022956531 0.006199668 -0.053792827 -0.0481808 0.009750358 -0.052038483 -0.045174714 -0.056467623 -0.057599332 0.0049230224 0.011786511 -0.0568495 0.004769653 0.03805089 0.03805134 0.0513638 0.05756522 -0.042378683 0.007984779 0.0029216171 -0.0029416622 -0.02621561 0.038615204 -0.041809388 0.02187437 -0.027417649 -0.019427063 0.03129963 -0.011191951 0.012336646 0.010341312 0.004707916 0.03197401 -0.039278205 0.028575623 0.007736593 0.05871433 -0.012146109 -0.0011514777 -0.041733142 -0.04382816 -0.034166414 
0.0338684 0.00424147 -0.034086447 -0.052212518 -0.04411409 0.0154218795 -0.036563516 -0.040015265 0.021304145 -0.009509257 0.047222007 0.0074069146 0.010638285 -0.0034322632 -0.029772542 -0.016216567 -0.032483876 -0.013993659 0.030555401 0.012735908 -0.0099204 -0.033331666 -0.03666168 0.03044997 0.033164766 -0.0053641265 -0.005276882 -0.046942394 0.044606294 0.036338884 0.046564933 -0.009247689 0.042957913 -0.046925437 -0.009494689 -0.022157075 -0.023532178 -0.010371441 -0.042797502 -0.012140187 0.025554575 -0.028206622 -0.017936595 0.018282626 0.0017143844 -0.03589148 0.009269695 0.020480463 0.0014954313 -0.0881562 -0.046226174 -0.092856966 0.0165061 0.041205194 -0.030796016 -0.025524462 -0.08644287 -0.033842087 0.030827973 -0.038194828 0.030446464 -0.038173005 0.017056804 -0.05542534 0.04550216 0.024887046 -0.01938668 0.049694292 0.06373173 -0.018011015 -9.3416296e-05 0.05701631 0.031256374 0.06079363 -0.0008708674 -0.011450222 0.041136663 -0.050571162 -0.019970307 0.07892432 0.05293076 0.04226358 -0.020342771 0.021464657 0.0006367683 -0.01694161 0.033367533 0.011163929 0.04284405 -0.03795418 0.016046463 -0.059882034 -0.0065758564 -0.0408218 0.00047352273 -0.051967345 -0.047835264 0.052955426 -0.014158812 -0.099453434 -0.029942626 -0.028429627 0.03700291 -0.05189267 0.043080974 -0.058717582 -0.048252597 -0.07491021 0.0009856861 -0.047614083 -0.020098042 0.04211693 -0.046521064 0.015035231 -0.015354348 0.0027536158 -0.02386236 0.016820839 0.017668925 0.051930502 0.047723744 0.016945515 0.019486977 0.003048314 0.022221692 0.05479707 0.033343192 0.07999355 0.020740513 -0.05057852 -0.016151005 0.0038617584 0.06259855 0.070131645 0.06833493 -0.036579207 -0.032222364 0.049850043 0.028317444 0.09587071 0.07009087 0.0058666146 0.019378051 0.012936016 0.016384121 0.08479434 0.046442315 0.039216746 -0.0094109615 0.0017331967 0.00035468262 -0.009038774 0.0019118285 -0.029689493 -0.012775294 0.03175227 0.019293362 0.05170672 0.01824368 0.00021232647 0.024282277 0.091420345 -0.02172163 0.044031117 -0.04651494 0.040914275 0.055244114 0.027375126 -0.019002778 0.055850714 -0.015456019 -0.006158363 -0.0258935 0.051726766 -0.014947572 0.07084954 -0.033806287 0.02951467 0.0045728576 -0.018948598 -0.0031646371 -0.03265905 0.044138264 0.039553553 0.056458212 0.026759552 -0.01740658 -0.03230971 -0.029846257 -0.021968428 0.023496531 -0.034244798 0.013491766 0.0058001713 -0.02924265 -0.035872247 0.02486397 0.07161177 0.03346649 0.08485162 0.007386726 0.086590305 0.036264036 0.00045289195 0.059145875 0.0011758773 0.035171986 -0.016641518 0.05318827 0.047414534 0.010583953 -0.018046623 -0.004069788 0.004813619 -0.086714305 -0.00399313 0.040155154 0.06301411 -0.026209952 0.012782374 0.007519236 -0.019509703 0.080211654 0.061601248 -0.046809785 -0.06457707 0.029200688 0.039415587 0.000112315516 0.0062123826 -0.02186006 -0.049404133 0.0049228854 0.03511712 0.0033763577 0.03369082 -0.04091848 -0.023552002 -0.0058551626 0.022336675 -0.011846102 -0.08206009 -0.01593034 0.0027683422 -0.070521064 -0.13053663 -0.11867906 -0.091512464 -0.08036568 -0.04527002 -0.047915913 -0.12708385 -0.118291855 -0.037830714 -0.06095621 -0.08251461 -0.034720775 -0.07669928 0.024381787 0.003723851 0.07174539 -0.013989841 -0.051090613 -0.07962525 -0.02033796 0.04004694 0.054885704 0.11150061 0.030129304 0.024789985 0.011302536 0.044494536 0.057268962 -0.03752973 -0.036077213 -0.019015739 0.011380743 -0.008026363 0.030414527 -0.008726835 -0.0480907 -0.018314527 0.021993518 0.024976322 0.017176406 0.08907273 0.0760541 -0.045737382 -0.037862383 -0.020445531 -0.004638762 0.013764183 0.047091383 0.035297062 -0.042581588 -0.066701375 0.014979234 0.034758948 0.045486055 0.0022014147 -0.008879376 -0.03415583 -0.051377177 -0.10158695 0.020039715 -0.04486611 -0.015377251 0.0012913629 0.06024212 -0.040012076 -0.01901992 -0.0049831304 -0.014123489 -0.013071861 0.01785106 0.0015225736 0.021129677 -0.01042096 0.0066471198 -0.010664685 0.03988222 0.00011840616 0.0366592 -0.041734766 -0.0495621 -0.06825931 -0.018975094 0.023502342 -0.020187147 0.014895003 -0.04986016 0.018846752 0.055399243 0.10549397 -0.004581663 -0.05323011 0.0044595194 -0.0498389 0.01846179 0.030639159 -0.03908684 -0.02483007 -0.061788425 -0.010876688 0.03396485 -0.0028203106 0.01378073 -0.04004043 -0.022121647 -0.045396965 0.030581135 0.031226546 -0.055153377 -0.032285 -0.03183231 0.0287132 -0.010955501 0.010246456 0.020641064 -0.04552655 0.02375396 -0.04774237 -0.04354826 -0.006628138 0.014274746 0.013335806 -0.029118463 -0.024772448 0.031632986 0.025782108 0.019413505 0.013529655 0.043844316 0.017017541 0.070592865 0.051954392 0.0392111 0.035780888 0.06310441 0.031900134 -0.03863121 0.030640846 -0.019061677 -0.033963863 -0.045880117 -0.019033007 0.039906885 0.01931439 -0.046558116 0.0019223607 -0.04450717 -0.040038668 
0.015362785 -0.026972374 0.03643632 0.022303881 0.03457261 -0.039207414 -0.020296728 -0.023374373 0.009514721 0.029855957 -0.0523805 -0.04650584 -0.023557745 -0.024407292 -0.044285405 0.030987144 -0.009324395 -0.027464837 -0.014155585 0.016436938 0.01901233 0.022468053 -0.03698162 0.052323725 -0.0045799376 0.018400695 0.048262782 0.015219606 -0.02564238 0.044215176 0.046752118 0.041418567 -0.0021989392 -0.049373567 -0.019077245 -0.027538793 0.0042826715 0.0059457803 0.009188912 -0.03792838 -0.044833675 -0.028975775 -0.0056125927 -0.034386713 0.032625932 0.041535646 0.012389696 -0.050337333 0.03168538 -0.059749477 0.014483066 0.05120775 0.061365813 0.04427965 -0.04638825 -0.03040161 0.015335803 -0.025083242 0.119464315 0.03566246 -0.12918225 -0.058528643 -0.14531401 -0.008822998 -0.032786477 0.108878314 0.058471054 -0.09539566 0.017457036 -0.041798998 0.036918055 -0.06779318 0.12123498 -0.004263467 -0.15352568 0.085270055 0.006948197 -0.033933695 -0.056555714 0.16837637 0.008846927 -0.10379778 0.10939031 0.021825258 -0.10709003 -0.010847799 0.13313691 0.011763696 -0.05455088 0.04210981 -0.07039858 -0.076822184 0.0025741337 0.061987054 -0.08194377 0.03354131 0.0649177 -0.024960926 0.0017196952 0.109884776 0.13764524 0.05247785 0.124753386 -0.09227929 -0.043848336 -0.016074525 0.063104935 0.102449305 -0.020571694 0.0049274378 -0.06287776 -0.09041344 -0.12327531 -0.03390618 0.03941263 -0.00094476086 0.03553749 0.055669498 -0.089963 -0.08594535 0.021744175 0.0007957112 0.0402176 0.05948607 0.07863136 -0.08045935 -0.011766877 0.0002620098 0.036126267 0.01334925 -0.021870159 -0.0028347622 -0.067739435 -0.052016683 -0.0356483 -0.00085238897 0.042540547 0.050809383 -0.0019846235 -0.068544276 -0.02138808 0.020431675 -0.004589954 0.0656027 -0.010088558 -0.023597645 -0.08383409 -0.05074149 -0.10636247 -0.08024676 0.0069625997 -0.05037183 -0.032411892 0.019732919 0.021933937 -0.044100676 -0.05019112 -0.009659484 0.054453146 0.033687145 -0.040115364 0.017899396 0.031132095 -0.006900579 0.0062039723 0.020063862 -0.03138401 -0.06737268 0.026260143 0.0036308246 0.013974236 0.028122494 0.08831019 0.020914808 0.0012272338 0.021951199 -0.037272442 -0.08130815 -0.005566231 0.0031078518 -0.004611209 -0.021448622 -0.02665791 -0.019034076 -0.0108178 -0.04880268 0.018515525 0.019385247 0.06664615 0.017885942 -0.07177764 -0.03809622 -0.034672663 -0.014338648 -0.050751954 0.015404624 0.040608007 0.03247642 -0.02691342 0.038559165 -0.08164065 -0.010686656 0.036635205 -0.012099335 0.011316595 -0.029608464 0.038969293 0.021630384 -0.0033594146 -0.032824006 -0.05099593 0.07515049 -0.025849799 0.015998928 0.11681548 0.0052790698 -0.031080507 -0.010517863 0.117408715 -0.051149786 -0.034078922 0.05905043 -0.027841158 0.07181656 0.059975155 0.05360376 -0.020062044 -0.0600143 0.075119 -0.030597318 0.091483444 -0.021300046 -0.020453475 -0.12778084 0.014104698 -0.03529992 -0.07405575 0.08359618 0.04683593 -0.078638226 -0.007876953 0.016830131 -0.016975427 -0.0077796574 -0.03222787 -0.07631916 0.08312928 0.13969532 0.016163696 0.061242003 -0.046748374 -0.111236244 -0.12590505 0.086382106 0.17872767 -0.048752412 -0.114596754 0.029748334 -0.14204468 -0.10172939 -0.07223726 0.17032523 -0.03820456 -0.06620708 0.07241749 0.006382477 -0.13165076 -0.05214981 0.12171323 -0.050151944 -0.10009243 0.1440507 -0.09384375 -0.15048236 0.028619166 0.1497913 -0.075118504 -0.10637918 0.09636644 -0.054692112 -0.114366844 0.08581155 0.023691133 -0.05438813 0.04681418 0.07214156 -0.053212654 -0.077205025 0.013340115 0.028204577 -0.031316604 -0.0012223773 0.013012959 0.024031948 0.033627022 0.06332305 -0.013790163 -0.04655165 -0.048318 0.028434921 -0.05902829 -0.10598875 0.02280801 0.082441054 -0.09511629 -0.023260687 0.08324356 0.042465597 -0.09373796 0.02547631 0.022373151 -0.11132796 0.1170566 -0.040949278 -0.05771084 -0.05212707 0.17820194 -0.006354662 -0.071007244 0.124495976 -0.046704948 -0.03897454 0.0029062724 0.03598307 -0.116684824 -0.059939787 0.043465633 -0.111688256 -0.09916147 0.05697092 0.03601672 -0.07307526 0.10231835 0.03164358 -0.08187216 0.07668581 0.060765766 0.013541705 -0.0298988 0.09771587 0.0035307934 -0.057320945 -0.05932071 0.049840383 0.023654139 -0.009100954 0.01863238 0.033625156 0.021840475 -0.038879003 0.00019956213 0.028768448 -0.023699708 -0.007467673 -0.0169321 -0.037962638 0.027456949 0.07039271 0.022662545 0.0062721428 -0.0050756847 -0.06620104 -0.025842743 0.02025531 -0.048220415 -0.06400298 -0.058872487 -0.05960836 0.0089749545 -0.008668638 0.011529033 0.030110573 -0.004447689 -0.03432284 0.02492315 0.03974642 0.014275623 -0.03311582 0.007398521 -0.057901934 0.009684495 0.010557891 -0.041078646 -0.010235148 0.007864302 0.013288813 0.008869231 -0.013842419 -0.040617183 -0.0058314484 0.039122414 0.031879164 
-0.02142842 0.00551182 -0.014755724 0.042121436 -0.040593322 0.022352353 -0.020366872 0.0227117 0.025389059 -0.028856777 0.044856556 0.026895937 -0.0071832184 -0.013627482 -0.039226707 -0.036373828 0.011091122 0.003477337 0.01650482 -0.045302052 0.0030317565 -0.025559975 0.04230357 -0.016353134 0.017679013 -0.046765722 0.02396973 -0.013377201 0.027824188 0.018594917 0.0076380395 0.03719781 0.024212152 0.028196648 0.028068854 -0.029500673 0.04434206 0.040000267 -0.0012399611 -0.04444021 -0.039321702 0.003940135 0.0038291903 -0.004402303 0.028702453 -0.017555509 -0.043684226 -0.03827531 0.00380699 0.018396635 -0.06568854 -0.07534524 0.034391183 -0.05323452 0.027553866 0.12581527 -0.003481705 -0.0077207917 0.019770976 -0.101273805 -0.09557359 0.07515209 0.14236112 -0.009642798 0.11279257 0.030080715 -0.073345676 -0.025566405 0.04374849 0.106687926 -0.0016425436 0.044914268 0.051336978 -0.054189086 -0.05217347 -0.0037709738 0.008677724 -0.0033861657 -0.012964927 -0.08914169 -0.008862524 -0.0814399 0.02025745 0.010794191 0.13380261 -0.022091754 -0.1343352 -0.1130024 -0.017664438 -0.010527196 0.0017276802 0.07542106 0.05879406 -0.032977585 -0.031868584 -0.06534276 -0.06006584 0.042090062 -0.078763135 -0.011367346 0.060392063 -0.0038699699 -0.00022894338 0.038017172 0.0757458 -0.10322654 0.0035892385 -0.0312933 0.03106525 0.06546878 -0.009290283 0.0330529 -0.11923247 0.08963978 -0.0273572 0.016151818 0.07093207 0.053808317 0.051665053 -0.02630938 0.08237092 -0.016264077 0.048466895 0.038980532 0.042890426 0.06985821 -4.9546354e-05 -0.016164584 -0.04407467 0.07500749 0.013736794 0.07043087 -0.0342307 -0.04047699 -0.03611859 -0.024209322 -0.021451354 -0.0066052205 -0.031318218 -0.05970689 0.06994014 0.03195251 -0.032284405 0.06322132 -0.0571783 -0.08674146 -0.0028932043 0.03730855 0.043225486 0.013755079 -0.00020918659 -0.035380322 -0.008294436 -0.040101044 0.0179609 -0.02716298 0.0021842793 0.02232377 0.040569216 0.015885513 -0.034922194 0.0067381174 0.0247939 -0.01225711 0.018080836 0.059724323 0.029840339 0.062375363 0.010376837 -0.01387951 -0.009680337 0.014411605 -0.018142447 0.00883674 0.022786 -0.015014276 0.010239694 -0.012825479 -0.022447398 0.021193758 -0.027303755 0.024680197 0.0047345217 -0.06489776 -0.0031898608 -0.004682442 -0.017388787 -0.10393792 -0.00707938 0.021912131 -0.006319085 -0.07632562 -0.06755574 0.017624276 -0.008939346 -0.017147172 0.023205072 0.03141814 -0.021376802 -0.036744814 0.025586717 0.029419368 0.012948673 0.0033104736 -0.009143512 -0.0595758 0.015543699 0.025001409 0.063063495 0.09938479 0.060062356 -0.008753971 -0.12431444 0.003393631 -0.0037168837 0.046001434 0.067340724 0.0280652 -0.019301342 -0.035203557 -0.008497993 0.025529182 0.017069021 0.11891387 0.0038111198 0.0442352 0.04375834 -0.020765014 0.09160556 -0.030383306 0.023135148 0.035357136 -0.048052218 -0.010488621 0.0030065335 0.0022343032 0.00032363922 0.00694627 -0.024180554 -0.057455104 0.03490539 -0.037650958 -0.028920472 -0.0009389541 0.03578331 -0.047007523 -0.08126584 -0.13452418 -0.14108552 0.0027215835 0.15576717 0.21110255 -0.061541084 -0.019678291 -0.11392955 -0.1453198 -0.0735991 0.017727397 0.11344378 -0.04900651 -0.040366102 -0.09637103 -0.06892521 -0.046017975 -0.062468935 0.13659273 -0.11338287 -0.055574153 0.011092409 -0.093609825 -0.050750807 -0.04821904 0.032421496 -0.0048242304 -0.099038094 -0.112835646 0.02311337 -0.051044527 0.08673553 0.05022859 0.07408917 0.11047611 -0.044982348 -0.07100246 -0.05256064 -0.050148018 -0.055025812 0.10412976 0.12470155 0.08037138 -0.05644423 -0.053074695 -0.1260315 -0.057603348 0.0038748428 0.04895714 0.05257842 -0.0017803487 -0.006838712 0.0014013209 0.033136893 0.007524906 0.11208974 -0.002397816 -0.0238326 -0.019306106 -0.016101852 0.031110251 -0.009693799 -0.002784668 -0.027307525 0.071049795 0.07557337 -0.07210778 0.017105494 0.060818397 -0.07781298 -0.050134066 0.03628814 -0.012874638 0.013828083 -0.011426469 0.045985386 -0.07119415 -0.105026014 -0.06194567 -0.036059357 -0.009744864 -0.0048501976 0.020383943 0.09289661 0.035894312 -0.034212474 -0.09384876 -0.06320412 0.037711788 -0.10373864 -0.09641532 -0.02174741 0.032426614 -0.054202557 0.091046885 0.11279436 0.008014299 -0.009803676 0.039983783 -0.01297212 0.020693064 0.008265035 -0.0578098 0.010252216 0.019979907 0.029759953 -0.00018582118 -0.018525057 -0.025477834 -0.035527423 0.03656024 0.0068353703 -0.043093264 -0.0425832 0.0065204976 -0.022424225 0.04165753 -0.00643906 0.054422323 0.006586519 0.036112785 -0.031038119 -0.033385724 0.0278434 0.0055441465 -0.011011162 0.002528126 0.036358465 0.022854969 -0.049948405 0.00426057 -0.030020706 0.05119525 -0.013847538 -0.006687675 0.021434646 -0.0047955546 -0.054969575 -0.013984908 0.010132625 0.058904402 0.060156383 -0.012007791 -0.0037183387 0.026456093 
0.01995915 0.034660842 0.05243915 0.004154918 -0.023809025 0.037022013 -0.0055849142 0.008826083 0.04435046 -0.046885673 -0.01792405 -0.019151317 -0.02554525 -0.018333236 -0.008763807 0.03164283 -0.040485237 -0.010621455 -0.009230403 -0.022017762 -0.036782816 -0.021700984 0.045551095 0.0029910067 0.011502269 -0.025368217 -0.022230066 -0.011503149 0.0209844 -0.024915582 -0.0057903994 -0.027752135 -0.029958332 0.0345307 -0.0077361367 0.02102173 -0.0030974923 -0.003327174 0.002695518 0.035716306 -0.050242066 0.007048392 0.0016890726 -0.03937109 0.024137408 0.04172528 -0.02240775 0.043182854 -0.024668984 0.004186085 -0.012850439 0.073588096 0.05279491 0.030563636 0.061144866 0.032172766 0.04426328 0.023249226 0.01973184 -0.002682625 0.008986165 0.01583429 0.049354106 -0.0236784 -0.024844576 -0.06383728 -0.102225155 -0.058018308 -0.04206447 -0.05312338 -0.0152629735 -0.05121108 -0.11152712 -0.05533495 -0.016356997 -0.064313844 0.010260524 -0.012984706 -0.10356772 -0.04576246 -0.009424345 0.019418672 -0.07326866 -0.12464812 -0.003931163 -0.021755565 -0.004845884 -0.04905597 -0.0704773 -0.11105309 -0.06939227 0.0039411024 -0.06601923 -0.06766568 -0.075060226 -0.03151774 -0.035557047 0.05691104 -0.12742612 -0.11649605 -0.05643443 -0.04993746 -0.08412857 -0.10476184 -0.07597885 -0.05034736 -0.009696176 -0.034691513 -0.021083253 -0.031750735 -0.018466255 -0.09179578 0.10527015 0.0466156 0.0011972268 0.03228721 0.054319922 0.023746492 0.034604236 0.06776023 0.11099924 0.10779033 0.079882845 0.03878471 0.13649254 0.07751023 0.09324773 0.039623234 0.07231229 -0.009342535 0.016120922 0.09161715 0.071825035 -0.018699946 0.010942254 -0.0044834292 -0.094412975 -0.08898751 0.014105929 0.021936532 0.03187643 -0.07700685 -0.028116504 -0.03230372 -0.06773786 0.0361319 0.008947407 0.057400852 0.095552646 0.010442508 0.029075632 0.03809284 0.05847963 0.051420912 0.037426163 -0.02418191 0.06278682 -0.00041400554 0.028129052 0.065612145 -0.028091714 0.06162048 0.007189165 -0.010236435 -0.047079593 -0.0058868323 -0.01356458 -0.022533081 -0.024117373 0.021071954 -0.021163546 -0.040842716 -0.055904217 0.0022170916 -0.04084446 -0.06404739 -0.0114793675 0.03302859 0.025381057 0.034886073 0.0053332867 -0.038186092 0.012596584 0.003741823 0.009694003 0.013871591 -0.020483619 -0.018452156 -0.049808513 -0.008497347 -0.037196845 0.004422007 -0.04076771 -0.052100834 -0.027819984 0.042831272 0.017023943 0.050393924 0.047699314 0.07841247 0.015342033 -0.030511385 0.029893933 0.02439509 -0.0085613625 0.017678592 0.12571219 0.03506554 0.020318799 0.0059139067 -0.07423191 -0.0104345465 0.017611312 0.03815728 -0.002097472 -0.033273898 -0.038266644 0.0037186884 -0.005872445 0.054360405 -0.007848317 -0.021107418 0.0054538976 -0.023501873 -0.02449872 0.049469735 0.043085456 0.025315378 0.026043879 -0.074160494 0.007622128 -0.04702961 -0.064387925 -0.009749471 -0.056254737 -0.006813142 -0.032520674 -0.031087644 -0.00708304 0.018195102 -0.020732898 0.02595756 -0.012437472 -0.028380735 -0.023377577 -0.026847377 0.016740171 -0.05502782 0.0029153083 -0.006348559 -0.04671308 -0.15584172 -0.061960816 -0.051233202 -0.15696165 -0.09724272 -0.07651004 -0.08473798 -0.12208153 -0.006255016 -0.00820143 -0.048582856 -0.06348461 -0.027773635 -0.010005411 0.040151563 0.019473525 0.07923625 0.1315531 0.13334255 0.095299706 0.15441003 0.107361495 0.0019816044 0.052261695 0.0523664 -0.0818481 -0.070409395 0.042429235 0.01547551 0.06490111 -0.036764473 -0.09410256 -0.07070155 -0.13574286 -0.058844935 -0.014836142 0.07385566 0.0356932 -0.039684907 0.02572557 0.010986919 0.036742374 0.056434676 -0.019683637 -0.05047893 -0.0037758907 0.120552555 0.0046245363 -0.036907535 -0.013425439 0.05909285 -0.008573565 -0.11959807 -0.1271269 -0.07920445 -0.008727189 -0.013827185 0.02766573 -0.010366254 0.05168701 0.109506264 0.042742815 0.11708415 0.019885752 0.028507086 0.058046326 0.114135884 0.098071374 0.07820976 -0.009843421 -0.054603923 -0.024488276 0.023484979 0.022020428 0.046184413 0.01917488 -0.034145888 0.052777514 -0.004337112 0.025783326 -0.023535687 0.07516866 -0.0044272565 -0.026950339 -0.022456003 -0.018952353 -0.026027234 0.019217785 0.04959781 0.018443702 -0.023714708 0.029563257 -0.011721722 0.05168158 0.03967453 -0.015606219 -0.014006992 -0.050234113 -0.016336393 0.037023675 -0.0065579955 0.0503495 -0.036052544 0.052774888 -0.0052293213 0.00940365 -0.026256533 -0.016258994 0.03391349 -0.05239609 0.035589863 0.0041322806 0.0046624714 -0.050664518 -0.045013223 0.011676292 -0.038363248 -0.04083026 -0.044339795 -0.015564352 -0.026648676 -0.04277721 0.054730542 -0.041239128 -0.02155735 0.03214847 -0.019801376 0.045823283 -0.03482955 -0.01935423 -0.049246266 -0.047772966 0.032617453 0.031660203 -0.019453496 -0.016068483 0.012341425 0.014823968 -0.020922689 -0.030877648 0.033014446 
-0.030668644 -0.04371369 0.042731594 -0.01634014 -0.04749296 0.028148262 0.014217885 0.03945756 0.04643302 -0.031398285 0.0422383 -0.037248015 -0.01185985 0.024326405 0.041354995 0.050165657 -0.011429185 -0.030788124 -0.044754602 0.023304474 0.00051115954 0.005431326 0.05506264 0.029942013 -0.025607446 -0.03097056 -0.011718096 0.042064115 -0.04698948 -0.0020081024 -0.020215744 0.039400786 0.022342158 -0.036033023 0.009101642 -0.029823568 -0.03898647 0.014714421 0.013264289 0.023744341 -0.01421099 -0.013477087 -0.021382624 -0.03718579 -0.032045472 0.0062224134 0.025591655 0.03817383 -0.02035107 -0.043877613 -0.006338286 -0.033554316 0.025672628 0.05278446 0.03385122 -0.0369317 0.036608778 0.029141186 0.015331422 -0.012627326 -0.038806416 -0.023041803 -0.018100841 -0.06419721 -0.004067522 0.018366823 0.016257394 -0.036526207 -0.02060805 0.03071864 -0.014721782 -0.028387913 -0.046954866 -0.015452875 -0.0033767463 -0.05604606 0.01960429 -0.020097926 -0.02914571 0.032745957 0.032094996 0.047665734 -0.040832255 -0.044174142 -0.021241572 0.02322425 -0.009163038 -0.003711331 0.012371789 -0.022036191 -0.024270432 -0.034814768 -0.028568905 0.014513069 -0.037346326 0.0129358275 -0.06463208 -0.0061125634 0.0027128998 -0.0205502 -0.02521704 0.0029651432 0.006778837 -0.03712536 0.0059780777 -0.012986517 -0.012210407 -0.013553395 0.0075575886 0.005167175 0.013403244 0.05403146 0.059406314 0.045953125 -0.01869082 0.056066517 0.06372676 0.091882996 -0.009808388 0.04209555 0.064015 0.055981386 -0.038182396 0.032772753 0.054778498 0.021651503 -0.017807439 -0.015333218 0.014288588 0.0073185894 0.031790193 -0.008966745 -0.0033560982 0.018160854 0.03804479 -0.03522876 0.041029863 0.0077517745 0.04007475 0.046573576 -0.0570106 -0.028442634 -0.007857469 -0.014706912 0.026803711 -0.024254909 0.028112512 0.002906994 0.017365253 -0.026669644 -0.004941339 -0.0032278106 -0.026977561 -0.036975473 0.029365167 0.027972976 -0.0451053 0.015777275 0.038343824 0.03056289 -0.031528696 -0.04686352 0.037016254 -0.0449182 0.014510014 -0.028010832 -0.043781098 -0.03177558 0.029673638 -0.054902975 0.019664241 -0.028328635 0.01881701 -0.053796 -0.014341046 0.0006043591 -0.030944733 -0.038759127 -0.013737087 -0.039781004 0.04328739 -0.011826023 5.4569806e-05 -0.010679932 -0.017443389 0.014346655 -0.002928289 0.040392 -0.054343186 0.034352157 0.024080044 0.06462354 0.0374999 0.03382837 0.039982565 -0.012913864 -0.019476194 -0.00784134 -0.0007859049 0.032228574 0.030600142 0.032492936 0.01491869 -0.041153524 0.011302446 0.010752462 -0.03040361 -0.00077237317 -0.015799489 -0.010457896 0.006264295 -0.049730584 0.00030604017 -0.014588341 0.058914445 -0.0073285927 -0.045625195 0.032307427 -0.049259312 -0.038922124 -0.019510375 -0.017633319 -0.025791727 -0.045935445 0.029609539 0.02334237 -0.011456957 0.032708608 -0.047674455 0.0030230999 0.025781596 0.023479689 -0.04873141 -0.020484572 0.026003456 -0.05852797 -0.040925436 -0.023200354 0.028149424 0.038394 0.03992509 0.031601332 -0.028372766 -0.03189808 -0.031681523 -0.040136334 0.014079204 -0.036574934 0.037239008 -0.011327444 -0.046841808 -0.0002296213 -0.043133304 0.002742189 -0.018708503 0.063031055 0.06229674 0.02605883 0.046127506 -0.011553398 0.02488866 0.038828116 -0.026768899 0.019173365 0.02301904 -0.021968517 -0.0250167 0.053926367 -0.021110497 -0.048147194 0.026874704 0.06324045 0.05144478 0.040613856 0.03652915 -0.0024414198 -0.05170694 -0.04913357 0.0012012188 0.025525073 -0.04147378 0.0021463837 0.042142976 -0.05306193 -0.050425347 -0.054528575 -0.004007372 -0.057887837 -0.047047395 0.0033210078 -0.003819109 -0.04622702 0.00024926302 -0.051215176 -0.025513405 0.05077455 0.032392677 -0.012063654 0.05800812 0.016719218 -0.037174847 0.038662776 -0.021418445 -0.012702248 0.01762122 -0.01282448 -0.0019073549 -0.009982716 -0.014119247 -0.018424781 0.021642772 0.025905779 -0.04118471 -0.027335871 -0.0052181236 -0.064294115 -0.06417565 0.0020553628 -0.03126504 0.03424838 -0.07167069 -0.037242018 -0.036070775 -0.0408946 -0.030686304 0.027138792 -0.05025711 -0.06131364 -0.018240757 -0.051893953 -0.01583382 -0.018139735 -0.049714424 0.0069077965 -0.03617699 -0.05000212 0.026582165 0.061288506 0.03124485 0.028318522 0.018541934 0.07901338 -0.005396131 -0.032670498 0.042747665 -0.0035567335 0.043321617 -0.038227525 0.03432685 -0.029510397 0.04077363 -0.03469939 0.0112694595 0.013889811 -0.0326119 0.039981626 -0.01252606 0.029965874 -0.048677977 0.012922878 -0.00985611 -0.011702355 0.033013426 0.034338128 -0.022031073 0.009930164 0.012102945 0.0033387656 0.03742154 0.044500675 0.04778868 -0.0037423628 0.013115719 0.0106780855 0.0074305595 -0.0051880283 0.014200674 0.008573583 -0.013456504 0.011802003 -0.032965045 0.016420703 0.045451645 -0.030062318 -0.031624336 0.017264608 -0.0272518 -0.004888796 -0.015477094 0.029364541 0.03417823 0.00217713 
-0.019996917 0.04113519 -0.0025663387 -0.04806135 0.018113993 0.041845154 -0.0016309473 -0.008667613 -0.03134148 0.016349405 -0.027434489 0.015152962 -0.039479733 -0.034585677 0.01612127 0.022400564 -0.043092947 0.011602823 -0.034730047 0.010527298 0.03249364 0.036666125 0.022975704 0.00442429 -0.039243348 -0.050930217 0.03266601 -0.0370564 0.029313501 -0.03799371 -0.0393381 0.009137026 -0.018447215 0.0022126907 0.0049728537 0.045114473 0.030813053 -0.03223457 -0.012962915 -9.725898e-05 -0.03789685 -0.0016253501 0.045820884 0.012706326 -0.022612775 -0.017426396 -0.032342996 0.036312494 0.012871352 -0.010575963 -0.023483325 0.02209427 -0.045322973 -0.04065476 0.061271053 -0.042162098 -0.033492655 0.08375693 0.040958237 -0.06488645 0.018843945 0.07583781 -0.022043567 0.010832214 0.05857545 0.054116018 -0.026665706 0.024915393 0.045059405 -0.020753445 0.012851316 0.04911217 -0.034878217 0.060587183 0.008715385 0.03766066 -0.031974558 0.022820622 -0.021206226 -0.0016871351 0.0121124685 0.049461305 0.025272064 0.011204198 -0.0225099 -0.00029647656 -0.043121494 0.05538686 -0.012985664 -0.010388079 0.06621351 -0.05618215 -0.006844534 -0.0607853 -0.036943182 -0.015387738 -0.016313815 -0.038354907 0.004174394 0.007000118 -0.019447219 -0.0078105284 0.01658492 -0.04508765 0.035587087 0.0071105734 -0.048122972 -0.06325015 -0.052623633 0.0074748066 0.00927622 -0.031165617 -0.0033932375 0.04007597 -0.047735967 -0.030404294 0.0039524385 0.0045056804 -0.00254798 0.054193377 -0.024456387 -0.05057785 0.013416438 -0.00645637 -0.020233022 -4.4663106e-05 0.048426956 -0.05235451 0.011672648 -0.041041028 -0.01595484 -0.044357438 0.034558855 0.044164687 0.017590258 -0.0150160035 0.018503726 0.031288676 0.021102004 -0.022632692 0.0154021615 0.011156832 -0.049044847 0.009417241 -0.022608764 0.07495671 0.011469133 -0.027665425 -0.019832736 0.004467405 0.061376672 -0.001062708 0.028614342 -0.010938901 -0.007410518 0.029871259 -0.00428602 0.0500999 0.02204803 0.012274869 -0.056755126 -0.008466065 -0.0032225284 -0.015090586 -0.0020340793 0.027708951 0.05129525 -0.048070855 -0.013696899 -0.045720898 0.012677437 -0.05495192 0.031233763 0.041844778 -0.010782505 0.009161259 -0.047153335 0.018717058 0.042194776 0.0352357 0.04876826 -0.010240446 0.03074998 -0.022160714 0.029389972 -0.039557263 -0.016376005 -0.0110294 0.017104415 0.046662472 0.05204028 0.037289914 0.0109351585 0.029328136 0.059741326 -0.017540812 -0.000784415 0.0017653931 0.03536067 0.0032116945 0.05947599 0.015874388 -0.037681215 -0.020424686 -0.020284876 0.040260095 -0.024212072 0.07394467 0.016809449 -0.014179562 -0.024042992 -0.043066684 0.02483124 -0.012001992 0.021814868 0.030020792 -0.022426886 0.027894221 -0.013782794 0.01549435 -0.007507336 0.040503327 0.043536395 0.027490806 0.0067030545 0.04159862 0.051457454 0.010799793 0.06146111 -0.050628908 0.02965253 -0.053875096 -0.0013537519 -0.01727039 -0.0127633745 -0.008350152 0.047298033 -0.0011238819 -0.058893662 -0.030211814 0.036354877 -7.680341e-05 0.06775259 0.023811387 0.06490494 0.004497684 -0.014607568 -0.014164279 -0.007898318 -0.04302957 0.0501704 0.025987415 0.044730008 0.03727353 -0.040183198 0.010765921 -0.06505085 -0.015101899 -0.012182746 0.049314808 0.007129552 -0.06647772 0.037054066 -0.027555553 0.018405672 -0.00010015189 -0.033690177 -0.01700183 -0.0188241 -0.04508142 -0.057325095 0.04135538 0.0345966 -0.027112996 0.030609567 0.037434522 -0.0075919777 -0.03423791 0.021016624 0.056421403 -0.03364825 -0.0673638 0.029866112 0.047117632 -0.025737915 0.005219735 0.008397859 -0.0006377866 -0.06619112 0.00054712733 0.036078617 -0.07437318 0.0056597274 -0.024490286 -0.035527226 0.047758825 0.016692534 0.007023181 0.037515473 -0.052795384 0.012551704 0.045014556 0.009364376 0.030840704 -0.038882036 0.002410778 -0.0139378635 -0.057261042 -0.058519285 -0.036460515 0.027130028 -0.048775014 0.022642579 0.012474636 -0.046242647 0.022477556 0.028139 -0.006143728 -0.056019325 0.030218104 -0.011622997 -0.0028242872 -0.028186917 -0.024407297 0.016123664 -0.025259476 0.032626767 -0.014406399 0.0025014963 0.020483946 0.014289818 -0.08338516 -0.018889977 -0.024739016 -0.064301655 -0.015111366 -0.04920753 -0.0035385734 -0.022742026 -0.09014292 0.00067069073 0.0073171486 -0.040703792 -0.035896838 0.04163651 0.014321654 0.04823788 -0.017810816 0.005079043 -0.043548368 0.054583833 -0.0009325777 -0.00057074055 0.013142974 0.023002382 0.004005384 -0.006592599 -0.013696221 -0.04682853 -0.028904933 -0.03241932 -0.01481003 0.020504368 -0.005944466 -0.00781933 0.035340577 -0.05884396 -0.020588279 0.025375158 0.03215438 0.040319577 -0.03461535 -0.032751042 -0.014963483 -0.022648057 0.053632323 0.018845376 -0.002085721 0.05080769 -0.042535156 -0.0049228054 0.04707914 0.019785535 -0.0055823526 0.004098161 -0.025611896 -0.012319159 -0.03420956 0.042027246 0.067148656 -0.008866071 0.024994489 
-0.041768596 -0.015500315 -0.045054663 -0.03852398 -0.02898833 -0.031317588 -0.029662881 0.04387064 0.033694983 -0.034223504 0.05025479 0.013395427 0.027970232 0.05808911 0.049031053 -0.0031162677 -0.02312045 -0.01491363 0.03556657 -0.03338392 -0.0021545151 -0.019073328 -0.001306877 -0.02148493 -0.005971112 -0.048070785 -0.004337708 0.05110526 0.044635847 -0.038471606 0.008927275 -0.051860828 -0.017428638 0.052114036 0.06671985 -0.029895231 0.016599273 -0.049324572 -0.028843299 0.04415677 -0.008766683 0.034493588 -0.004693325 -0.0003287649 0.026846888 -0.024975128 0.016722783 0.026302192 0.004420892 0.004009785 0.009218785 -0.0034321256 -0.017235762 0.010371723 -0.004177831 0.048534036 0.07707515 0.03400751 0.020283155 -0.051865812 -0.024511851 -0.027255356 0.0501056 0.06752254 0.06204767 -0.011000977 0.045434352 0.010205668 0.021723988 0.007957006 -0.060605608 -0.00957526 0.039461795 0.020474989 -0.018688671 -0.053331748 -0.039192084 -0.071881376 0.038162448 -2.7038774e-05 0.07326631 0.016760059 -0.108925626 -0.038077917 -0.07796317 0.0952541 0.007872754 -0.046286657 0.01912406 0.017216893 -0.06016399 -0.05414397 0.025925891 -0.015991278 -0.028950622 -0.03629423 0.0123608885 0.060402535 0.015162916 -0.006283628 -0.05513748 -0.05933004 -0.017072758 -0.073227376 0.07909964 -0.014684773 -0.058723293 -0.055584338 -0.010028031 -0.061185166 -0.079247326 -0.0021031785 0.030828554 -0.060210478 -0.07947189 -0.021171158 -0.03768471 -0.039128754 0.0074642547 -0.020141894 0.0017223386 -0.00052898796 0.04382152 0.045149848 0.038449515 0.00048730787 0.00943891 0.026021965 -0.023281714 0.02804067 0.002938306 -0.007955642 -0.008765901 -0.033283245 -0.11272421 -0.06150862 0.09083417 -0.004974754 -0.010760608 0.009435704 0.10395607 0.012478156 0.0003670707 0.04984383 -0.029144108 0.025745887 0.15215668 0.0022712615 -0.009824842 0.0025029033 -0.004261266 -0.0028897554 0.016647536 0.012318848 0.026000168 -0.002786037 -0.07672331 -0.0398158 -0.046534233 -0.016782975 -0.042457696 0.012034293 -0.011543583 0.04276003 -0.027389403 -0.06768759 -0.024484172 -0.0029979364 0.06978806 0.0806239 -0.058444496 -0.07312573 -0.05928318 -0.030595386 -0.0061463364 0.0862341 0.032986734 -0.0055663274 -0.049129196 -0.06749931 -0.06372131 -0.044634566 -0.0005691746 0.02888618 0.06262379 0.02690005 0.040843345 -0.035461303 -0.0601709 0.05576209 0.090370476 -0.0037037127 0.07938151 -0.025861762 0.01800477 0.021199742 0.07138558 0.015807295 -0.018519055 -0.04405503 0.06551248 0.09627335 0.06543209 0.004466779 0.029009508 -0.03750177 -0.044159736 0.0068331375 0.045133334 0.03411566 0.057540663 -0.011596285 -0.13105084 -0.12888688 -0.10056629 -0.04065132 0.09570716 -0.005919783 -0.06735575 -0.1693279 -0.12516953 -0.065575294 0.0063537294 0.06957373 0.022416962 -0.07700493 -0.079159126 -0.06371731 -0.078909755 -0.030948974 -0.00638167 0.0020233917 -0.013731363 0.008904659 -0.0070959055 -0.057385016 0.0070279143 0.034173056 0.04663151 0.015573026 0.011243747 -0.035360202 -0.02309892 0.056360994 -0.0074071945 -0.0009870478 0.056717876 -0.007837808 -0.003069881 0.008886818 0.01790672 0.043581538 0.05876937 0.04463721 -0.060662284 -0.033317473 0.042043604 0.06105799 0.11209833 0.046948835 0.013293159 -0.011302106 -0.029219918 -0.0039377883 0.07566962 0.11980223 0.05583438 -0.0013848768 -0.10133558 -0.13042715 -0.020147257 0.11739139 0.050492965 0.04043538 0.018384576 -0.044520903 0.046925936 -0.037597038 0.071676895 0.04232693 -0.018412655 -0.0689564 -0.089728616 -0.029671662 -0.004878714 0.0023579884 0.052388158 0.09250336 0.0040480956 0.015968865 -0.014926913 0.010306884 0.048121396 0.09617265 -0.020971313 -0.16145645 -0.10977666 -0.18090606 -0.062436618 -0.09273609 -0.04220532 -0.09888734 -0.030336326 -0.020518484 0.065607525 0.050268598 -0.0011583103 0.0063064247 -0.011084648 -0.013956962 0.08588018 0.07242694 0.03920162 0.09414739 -0.031427752 -0.10658921 0.08471771 0.06460629 0.10634679 0.00953379 0.06470598 -0.02371141 -0.020614905 0.030895252 0.07022659 0.087182455 0.07620718 0.044334956 0.02628481 -0.05105217 0.02048181 0.066724814 0.06219134 0.042562813 0.014435107 -0.06019401 0.04775909 -0.05608169 0.12095789 0.041609544 0.074392185 0.05045562 -0.053499155 -0.012827149 -0.00023673633 0.038476795 0.0090132905 -0.0059927334 -0.024000708 0.0011256364 0.0039252588 -0.0549989 0.028410237 0.010979014 -0.0033793245 -0.011484403 -0.012894109 -0.04902683 0.049560964 -0.03327897 -0.016093014 -0.054429214 -0.019398374 0.008035043 -0.033325505 -0.045868855 -0.043841902 -0.021294944 -0.04553761 -0.05132908 0.019338034 0.016240306 -0.041429803 -0.009747116 -0.0081136115 -0.021756599 -0.03387139 -0.018846119 -0.038578052 -0.021073135 -0.01809133 0.020647142 -0.04035965 -0.0019179373 0.009273549 0.011113907 0.03625201 0.046390265 -0.030593231 -0.03236416 -0.033200048 -0.064081565 
-0.053767424 -0.009643613 -0.062407058 -0.012478125 -0.051765636 0.022710612 0.0046231286 0.032076158 -0.038648393 -0.05226834 -0.04118492 -0.025534378 0.031318408 0.013202263 0.035835084 0.011287466 -0.037799407 -0.0498724 -0.023394324 0.010540825 -0.054078948 0.037571717 0.039953113 -0.01881387 -0.05230338 0.006472481 -0.0145542575 0.0067871865 -0.04895739 -0.045265734 0.015211138 -0.01166408 -0.029130861 -0.018823372 -0.03780002 0.03751695 -0.010714456 0.051775865 -0.01467702 -0.04256489 -0.039523266 -0.040664755 -0.024072703 -0.036662757 0.032831494 -0.035165295 0.037380144 0.04236398 -0.05349518 -0.09442385 0.024968294 0.050272252 -0.03354414 0.009306749 -0.028468221 -0.010567852 -0.07893014 -0.033005517 0.018996105 0.08198959 0.04977204 0.051893745 -0.046963956 -0.08549672 0.031890843 0.04638542 0.0035022001 0.028125709 -0.003544871 0.054648362 -0.017972365 -0.023123013 -0.022565288 0.005140111 -0.03051841 -0.002139388 -0.021454163 0.025056604 0.012885063 -0.03333961 -0.041754294 -0.043116055 0.006701996 0.09006291 -0.001948447 -0.01968442 -0.046248537 -0.0077270493 0.028670646 -0.008118483 0.025609357 -0.015226361 -0.005758118 0.024209071 0.07610892 -0.0009366903 0.06184519 0.05338129 0.030874485 0.018026402 0.09247973 0.005220658 -0.019352546 0.01933154 -0.014415919 -0.033460658 0.06203219 -0.023016986 0.023310587 -0.02656596 0.0009036855 -0.009213671 0.0622686 0.0634923 -0.051286686 -0.012733461 -0.048295446 -0.024279011 -0.0009767842 0.04635916 -0.03964893 -0.044377137 -0.023623265 -0.06381385 0.015127794 0.06349769 0.031174595 0.01843475 -0.07073634 -0.000114539056 -0.02313155 0.045742568 0.087930635 -0.011508674 -0.048328448 -0.004100142 -0.05532443 -0.021852443 -0.018549867 0.030109596 -0.00522687 0.011784525 -0.06857522 -0.033230327 -0.06431112 -0.038693935 -0.00053666567 -0.0412172 -0.009656397 -0.078364424 -0.0026487364 -0.018787416 -0.059585027 -0.0340348 -0.014105153 -0.038740676 0.018883727 0.036181122 -0.022098413 -0.037809655 0.0072082896 0.0064340653 -0.02803713 -0.017291889 -0.011851398 0.037717972 0.020538682 -0.06575204 -0.014083321 -0.057525724 0.019367382 0.01314716 0.026428297 0.017544793 0.04413858 -0.04083876 0.03728117 0.02415718 0.053001687 0.031057226 -0.012427286 -0.03424835 -0.015016199 0.021698121 0.022450006 -0.02449159 -0.010141839 -0.033849563 0.03406346 0.03371422 0.055648483 0.0042667976 0.019247971 -0.056206945 0.012752033 -0.044848848 -0.06393918 -0.050204128 -0.09527535 0.009490848 -0.047759213 -0.03957399 -0.041201998 0.00184758 -0.03503434 -0.073434964 0.032332316 -0.039624773 0.004868693 -0.03149341 -0.048802424 0.03877034 0.0008116979 0.009164188 0.0056479475 -0.05537333 -0.08935839 0.00049949717 0.03722432 0.0028308677 0.027161239 0.019123985 0.016393831 -0.039517626 -0.025831182 0.034973398 -0.009695738 0.0482371 0.07155684 -0.0031656392 -0.06938934 0.0015742027 0.057673775 -0.013118336 0.017111352 0.059486482 0.048970334 0.0055298097 0.054913323 0.016303211 -0.018334841 0.041259218 -0.016223513 -0.000895868 0.025464294 -0.10485043 -0.111841686 -0.09644843 -0.10418037 -0.11894687 -0.088126376 -0.11798773 -0.16404146 -0.045004595 -0.038520683 -0.020334693 -0.0039290166 -0.035500936 -0.11532673 -0.11829248 -0.013603327 0.02304145 0.01114599 -0.024358967 -0.06373094 -0.08746033 -0.09041222 0.030602721 0.042513646 0.05706927 -0.0100315865 0.018070962 -0.1000057 -0.022666594 0.032385625 -0.04550309 0.053657353 0.055864356 0.06645925 0.06942409 0.022627674 0.011992367 -0.055753756 0.057422943 -0.012095348 0.07255231 0.025641225 -0.0670315 -0.05900181 0.042630143 0.025387658 -0.00899139 0.06270209 -0.033047177 -0.095107555 -0.05439042 -0.086837 -0.021136876 -0.012803873 -0.0020611663 -0.0702999 -0.07786106 -0.023728909 -0.08348638 -0.049820673 -0.06997973 -0.104413114 -0.09173573 0.03998682 0.08464884 0.16604294 0.028319724 0.014637388 -0.09430807 -0.08863608 -0.0015131226 0.035850234 0.07153196 -0.0053294413 -0.025082694 0.07865262 0.023682976 0.04848776 -0.026244283 -0.022439959 -0.022140022 -0.025155893 0.0446275 0.07903876 0.055366095 -0.01120016 0.035411812 -0.012327631 -0.04946543 0.0209286 0.11715524 -0.0074886996 0.07297725 0.04186564 -0.010651821 0.021560278 0.08433115 0.073322736 0.035263166 0.02390605 0.03283027 -0.012875553 0.035297476 -0.040861435 -0.026831634 -0.036307465 -0.0042084362 0.009504855 -0.041543834 0.013995094 -0.028423695 -0.030718816 0.025054188 -0.03918116 0.043452058 -0.0665462 0.02874851 0.015428035 -0.028664129 -0.02562769 -0.04764309 0.02378414 -0.048646044 -0.026507229 -0.054243535 -0.0010545863 0.012001828 -0.007817973 -0.052596405 -0.03986846 -0.00039137006 -0.0380961 -0.027723221 -0.04479669 0.002993121 -0.035830587 0.046271596 -0.05175706 0.0013964106 -0.04954647 0.014630409 0.034452535 -0.0047178646 -0.014458963 -0.015126935 0.021883722 -0.02780127 
-0.060051017 -0.06013243 0.028017176 -0.027339669 -0.04882257 -0.014280698 -0.000579143 -0.02896672 0.02820706 0.014999718 -0.0147652095 0.0080187 -0.0071407277 -0.048762478 -0.04318864 0.011816434 -0.03738886 -0.017235903 0.032167632 0.028735586 -0.035966046 0.03127525 -0.013809794 -0.01806119 -0.007499209 0.06881417 -0.0119724665 -0.0038784759 -0.028121928 0.009485193 0.012455552 0.04335778 0.031860568 0.04001216 0.029145028 0.02420909 -0.011408106 -0.048957393 -0.00011270994 -0.03698526 0.024640271 0.029166583 -0.018213667 0.057169154 -0.01136695 0.027085606 -0.010278781 -0.0073572826 -0.0018411274 -0.078525916 -0.09234259 0.005406711 0.012677331 -0.015235416 0.015034269 -0.01609007 -0.020268887 -0.07222932 0.07826802 0.04138954 0.07036648 0.03343658 -0.10256606 -0.069112115 -0.028551549 0.0008681147 0.027573977 -0.022011595 -0.029202629 -0.062051307 -0.0053074304 -0.037646383 0.00642514 0.027482077 0.018886633 -0.011193475 -0.053462483 -0.010684822 -0.097588636 -0.0053912234 0.043889936 0.020229071 -0.03277937 -0.020809531 0.016740592 -0.10009865 -0.017599689 0.017532658 -0.040340114 0.052929606 -0.050634976 -0.023251439 0.017438242 -0.006745059 0.03325993 -0.0006357065 -0.022900313 -0.0763798 0.04252486 -0.032571968 0.048071668 0.059845835 0.016919548 0.014463556 -0.028165938 -0.010373117 -0.03834359 -0.031390797 0.018884422 0.030329823 0.012715854 -0.036813676 -0.023791716 -0.085896075 -0.10100029 -0.078785695 0.07158566 0.09688147 0.03241031 0.028347177 0.109615356 -0.10183234 -0.30761373 -0.06274907 0.080024354 0.11622288 0.17933552 0.16730049 -0.030597078 -0.20800681 -0.038552944 0.15328649 0.06737893 0.110631905 0.12703848 0.089182235 -0.065594085 0.04757209 0.07025444 0.04880335 -0.0841113 0.08913746 0.007930756 0.025334321 0.060622483 0.14952086 -0.013278586 -0.053765353 -0.019834358 0.029853903 0.030028813 -0.024988404 -0.0085621765 0.0021935727 -0.025942534 0.0622465 0.00507789 0.018727534 0.04202453 0.05705218 0.017553635 -0.037212785 0.057447527 0.0036749966 0.017417144 -0.03105949 0.013487927 -0.046028286 0.035283044 -0.0023241027 -0.06455647 -0.02461706 -0.01303674 0.03665894 0.023391204 -0.040995516 0.04260675 0.0064655663 0.02208798 -0.03222623 -0.01723822 -0.037174817 0.019851193 -0.03036574 0.034634966 0.020063195 -0.03990624 -0.02477012 0.00307355 -0.021426283 -0.06436879 0.0133473715 0.022309992 0.0038039503 -0.048932254 -0.032816645 -0.036004238 0.02735505 0.0070745293 0.0104590915 0.010703176 -0.036979757 -0.055855315 0.012437668 0.08013241 -0.052034948 -0.0031211812 0.024825573 -0.016252356 0.06845767 0.041133903 -0.02323031 -0.05771868 -0.07660492 -0.020404492 0.027145974 0.02518038 0.020200517 -0.04546959 -0.09203726 -0.031453982 -0.05866433 0.031522885 -0.013424158 -0.055993427 -0.09918797 -0.017432002 -0.005599385 -0.034853395 -0.073888525 -0.04699657 -0.08728893 -0.012177266 0.0455307 -0.005867591 -0.03701533 0.014084683 -0.022169475 -0.010041143 0.06207886 0.029836394 -0.013418022 0.051455297 -0.021368362 -0.012508309 -0.13257793 -0.15316465 -0.030620337 -0.016944367 -0.04739227 -0.10387776 -0.118350536 -0.031440143 -0.07624041 -0.039279386 0.03809162 0.056049913 -0.010866192 -0.012720414 0.030234942 0.009189028 0.0048572635 -0.035548765 0.025589144 0.013061998 0.05085647 0.061728507 0.08866441 -0.13312699 -0.24166594 -0.070359185 -0.032188784 0.15524282 0.07998274 0.07829719 -0.067440294 -0.12102481 -0.09126445 0.03057236 0.0864574 0.12797394 0.012305386 0.05833822 0.024522416 -0.023919888 0.083279796 0.109238766 0.0053756014 0.13949718 0.11935046 0.15213042 0.08761981 0.17193082 -0.0031761108 -0.03256729 0.004154287 -0.034018952 -0.084659904 -0.0069167186 0.0005394625 -0.00033196164 -0.0745129 -0.013832318 -0.08854961 -0.049929883 0.034144834 -0.009859767 -0.0064935917 -0.1415659 -0.014789981 -0.0026903513 0.065714784 0.06401456 0.04026737 -0.022040976 -0.046220098 0.056754023 0.04539791 -0.012329726 0.0030238968 0.010552626 -0.11353881 -0.09982536 -0.1463676 -0.034850676 0.048669912 0.037056345 -0.018618463 -0.05231204 -0.042703293 -0.0035183842 -0.03338757 -0.074618936 0.011343462 0.070937395 -0.0050341734 0.07454854 0.0014008352 0.043753386 -0.0071216137 -0.05447653 -0.060103092 -0.032251287 -0.009529213 0.020660896 0.040914383 0.043589365 0.019146848 0.029416576 0.024102345 -0.0016729687 0.0016916852 -0.023420878 -0.004542591 0.03410299 -0.012002452 0.024288086 0.0366482 -0.040796038 -0.009589916 -0.008405976 -0.039022867 -0.017237468 -0.049397055 0.028008621 0.007272102 0.003159143 -0.0039169393 0.006801375 -0.03838613 0.046434537 -0.035901114 -0.022757405 -0.049095444 -0.048898324 0.013239041 -0.047214236 0.017046325 0.011819365 -0.059039503 0.01395766 0.027282499 -0.020980246 -0.041731827 0.039814357 0.024954855 0.032797977 -0.048820227 0.01956731 0.011557442 -0.013893582 -0.051753964 
-0.0042378036 -0.013372767 0.050380398 -0.043496095 -0.035586316 -0.043627687 -0.0012802219 0.017411837 0.0024498405 0.026030362 -0.03910581 -0.027777337 -0.01242458 0.011653286 -0.03798319 0.0051355227 0.0036867342 -0.043626346 -0.04822185 -0.018488616 0.040902022 0.043258287 -0.017507354 0.048793525 -0.0055798106 -0.037122462 -0.025538294 -0.013160441 -0.035990234 -0.03325421 -0.030612951 0.04005228 -0.04015187 -0.01672266 -0.01705921 -0.0034795182 0.046623938 -0.025568381 0.028135903 -0.04319256 0.024668166 0.020995352 -0.035738476 0.0068222866 -0.003035335 0.0014826754 -0.016015198 -0.012869575 -0.04336568 0.05992774 0.034407638 0.027984584 0.017188258 -0.014796341 0.0002931775 0.012111715 0.052545726 0.053881656 0.07839941 0.026847614 0.03207236 0.045999043 0.012050708 -0.045003396 0.016375633 0.014785617 -0.042073183 -0.015385496 0.048886906 0.017667988 -0.06623153 0.008977028 -0.016855227 -0.001025884 -0.051468167 0.0007646926 -0.010450329 -0.033584442 -0.01491425 -0.033751804 -0.0055705262 -0.062212434 -0.010885044 0.04831353 -0.019614372 -0.03030783 0.007838005 0.03849499 -0.039927337 -0.0077251215 -0.00924852 -0.037361585 -0.035128042 -0.04030851 -0.038461503 0.028183272 -0.039516933 -0.02699237 -0.044206683 -0.02271887 -0.046202634 -0.03462904 -0.027633054 -0.01920596 -0.061744805 -0.004913113 -0.004359363 -0.008890829 0.06145886 -0.0147630265 -0.018936872 -0.057860896 0.024687113 -0.02410478 -0.029215373 0.06645967 0.052408334 -0.030339926 -0.0024027603 -0.023634758 0.001872747 0.013732332 0.02045973 0.041173343 0.053170063 -0.07169183 -0.027035989 -0.04244029 -0.0010003215 0.039250467 -0.050719615 -0.034894995 0.022032509 0.03382317 -0.049714036 -0.06873448 -0.010339575 -0.031891607 -0.024998412 -0.018239198 0.032052886 0.023236841 0.03531446 0.009416811 -0.026085014 -0.035989538 -0.049668603 0.06056244 0.06380079 0.04777913 0.0056593926 -0.033626486 -0.02490881 0.013820358 -0.017523188 0.059211336 0.014564155 -0.022204831 -0.012175574 0.028294075 0.005440097 0.048624754 0.017655212 0.0005669158 -0.03295859 -0.039001957 0.03809491 -0.008575664 -0.031651877 -0.057084475 -0.029464465 -0.03397419 -0.069074415 -0.061203685 -0.03782745 0.03550827 0.0088407025 -0.022284918 -0.019106569 0.042043183 0.0025560043 -0.07061972 -0.050478335 -0.03631851 -0.00780682 0.0012312217 0.0068994267 -0.04125024 -0.043430608 0.022353835 -0.026039794 0.029371617 0.018283822 0.025219232 -0.04051737 -0.057689615 -0.022492899 0.023645798 0.013824352 0.050943315 -0.038773328 0.00902964 -0.07491808 -0.009061836 0.008540045 0.040048797 0.07480108 -0.01976641 -0.025982995 -0.021034518 0.021725964 -0.022611706 -0.019794451 0.0033470893 0.024675107 0.060622845 0.049054027 -0.050904177 0.059549257 0.0634117 0.049532913 0.02725002 0.022581868 0.018108392 0.034085955 0.03685227 0.044112496 0.01746695 0.044418085 -0.013682151 -0.061534025 -0.021166213 0.04471988 -0.032169886 -0.0003068673 0.0092229 -0.02717708 -0.07155385 -0.056002703 0.030265788 0.015643707 0.049194846 0.05078837 0.0029445507 0.0039803963 -0.008791936 -0.015311899 -0.037777342 -0.066057615 -0.036411118 -0.03534609 0.012180086 0.03606114 0.027513506 -0.025071915 -0.06497283 -0.017989742 -0.0068601146 -0.03747439 0.0018404272 -0.0029635672 0.021486295 -0.0820806 -0.048297163 -0.025011033 -0.0030087077 -0.03889039 -0.016383821 -0.015609113 -0.027536388 0.024870025 0.02623075 -0.00777448 0.03420682 0.04178069 0.031644367 -0.020932132 -0.016456364 -0.010988346 -0.006854631 0.034836877 -0.02708649 -0.040404987 -0.016215477 0.01097097 -0.0034345696 0.009661453 0.005386244 -0.017117407 0.0016562291 -0.031930007 -0.011033863 0.058888666 0.023256013 0.009121193 0.01647296 0.007572668 0.03462993 -0.038320143 -0.02368379 0.020544251 -0.04319705 0.039388977 -0.01610928 -0.13103314 -0.04635276 -0.06225942 0.015966225 0.022442076 -0.0028795998 0.027164442 0.039009985 0.020025996 0.04814133 -0.001612077 0.053692658 0.013626725 -0.038718797 0.007717836 0.013476967 -0.002235386 0.077552274 0.037870977 0.02536591 0.039684907 -0.054768637 -0.014465777 0.03549403 0.063179255 0.10302448 0.030219244 0.056375816 0.030548261 0.05544151 0.035225898 0.11018318 -0.04321501 -0.046947733 -0.027462255 -0.005605048 -0.020779835 -0.043997206 0.009532935 -0.0074474015 0.05319014 0.032672107 -0.009303058 0.039369658 0.013576678 -0.018801654 -0.027036097 -0.004321924 -0.004855331 -0.019195091 -0.022499125 0.027520332 -0.0127788065 0.032889444 -0.005475365 -0.041100606 0.013134594 -0.008082835 0.03653568 -0.046468783 -0.040143367 0.032160226 -0.031274296 -0.034781 0.03965197 -0.040951014 0.023229314 0.013878662 -0.024208311 0.04990854 0.01608789 0.04492653 0.054151822 -0.022969177 -0.046008408 0.038438205 0.01617496 -0.026869534 -0.02930643 -0.02603548 0.028699026 0.00840721 0.042633 -0.015090561 -0.019559281 0.025851507 -0.031120565 0.030163527 
-0.045724392 0.0016147782 -0.019404512 0.019474668 0.04683816 -0.014207025 0.020794224 0.0041456413 0.0014447003 -0.048733745 -0.0010793147 -0.027222017 -0.03382379 0.03549865 0.04500197 0.016571432 -0.04841604 0.02792649 0.013937078 -0.0266862 -0.018585298 -0.019323468 -0.027444806 0.013741971 -0.012831841 0.004853163 -0.03617908 -0.014198567 0.050298195 0.025410173 -0.013534209 0.006609877 0.0032432422 0.0020723506 0.010879611 -0.030521076 -0.032000363 0.05162355 -0.024866605 -0.041348886 0.02027346 0.013682859 -0.025922427 0.045045137 0.03473191 0.016331378 0.01363862 -0.023673454 0.0339237 -0.048456 -0.04477001 0.05544617 -0.006481735 0.07324079 0.04397223 0.027842926 -0.11583935 -0.024419839 0.02082858 -0.033291332 0.07151079 -0.0062738243 0.042507444 -0.09504598 0.007948731 0.023854893 -0.06434466 0.076639056 0.0070874547 0.026214713 -0.011877222 -0.020203333 0.05501183 -0.0016446533 0.069589645 0.040677022 0.081729434 -0.044046663 -0.004030481 0.06864967 0.009792517 0.01327656 0.045631196 0.021677801 -0.11326282 0.00018937883 0.01979544 0.008797863 0.020968588 -0.024393354 0.043409474 -0.13458668 -0.040781263 0.020518495 0.026422901 -0.015283095 -0.012605776 0.026285233 -0.019234411 -0.0030865995 -0.034531727 -0.06666714 -0.06083882 -0.06884713 -0.053107865 0.020204661 0.016729793 -0.032004613 -0.029393066 -0.03723426 -0.05356193 -0.006325971 0.05038837 0.01019101 -0.03357264 -0.062597126 -0.073106445 -0.034018025 -0.04508609 0.021734975 -0.024547458 0.018574463 0.007328625 0.0028786724 0.017081687 -0.017435947 0.04053387 -0.028082682 -0.057365485 -0.06402707 0.027020127 0.01075141 -0.04766516 0.01790071 0.020862091 -0.03178547 0.011390546 -0.018452538 -0.014416547 0.043371096 0.09211276 0.046670187 0.049314212 0.015954671 0.026969288 0.08250635 0.056188103 -0.003249846 -0.0827834 0.039585136 0.050821982 0.007896873 0.038393464 0.09998868 -0.010407747 -0.03874422 -0.003940678 0.0043228213 0.0015431298 0.06263377 0.06057669 -0.018099332 -0.016189849 -0.05225888 -0.032558665 -0.017101673 0.057487253 -0.0017770543 -0.06279708 -0.0582486 -0.046863582 -0.036459673 0.044391964 0.058285583 0.02661308 -0.07219058 -0.044953134 -0.04565462 -0.024140174 -0.019818293 0.051871244 -0.0018380991 -0.058818806 -0.055813488 0.03765291 -0.015932677 -0.012336256 -0.015282991 -0.04964771 -0.032917835 -0.016120307 0.037205294 -0.045097686 0.036431096 0.009178185 -0.0121897245 -0.002559838 -0.050854616 0.022453943 0.04199569 0.044432227 0.097261 0.00048355668 -0.014295081 -0.07456143 0.0075601023 -0.016906245 -0.024628747 0.052450504 0.016137209 0.006921321 -0.009296536 0.015931528 0.048405454 0.041022953 0.017071603 0.01705565 -0.0026407847 -0.072261944 -0.003124126 -0.001691026 0.01973729 -0.030005202 0.057533845 -0.020191329 -0.06332774 0.023178048 0.027289055 0.007163608 0.011164271 -0.01980452 0.015887933 -0.03534198 0.018969117 -0.00778123 0.0115909 -0.06952166 0.01040161 0.021283017 0.0137745775 -0.0074686515 0.012906794 -0.023778293 -0.07755314 -0.02665639 -0.027920589 -0.0116083715 -0.06797306 -0.020944264 -0.044828575 -0.09813815 -0.07624429 -0.022002123 -0.022105072 -0.01222043 -0.08033058 -0.068428196 0.013496668 0.017566187 -0.01545592 0.064563796 -0.04329241 -0.030787233 -0.011846958 -0.030084731 0.013557198 -0.0054522185 0.021857021 -0.011470587 -0.025884531 -0.031305328 0.002378279 -0.02628302 0.055445544 -0.002775759 0.014273086 -0.027729388 -0.03886526 -0.009888921 0.013903701 0.04166527 0.06425494 -0.04222793 -0.025997754 -0.011927378 0.035298955 -0.008524113 -0.009957389 0.050045762 0.0049626925 -0.0033440215 0.041666493 0.06610802 0.045573857 -0.011861227 0.0163725 0.0011704856 -0.06500638 0.0076629347 -0.02191696 0.027343452 0.023428282 0.040362306 -0.0894599 -0.10853997 -0.0639047 -0.04370836 -0.06910497 0.006759216 -0.02494298 -0.10157507 0.001754459 -0.068428576 0.008594413 -0.0021218108 -0.042361334 0.005909691 -0.024569837 -0.042497024 -0.034537446 -0.015282181 -0.08266156 0.08648909 -0.04205236 0.016546672 -0.057887334 -0.011823166 -0.024594653 0.00901908 0.0023007148 0.023530299 -0.026684511 0.06881211 0.02644337 -0.021066973 -0.056593522 0.016779527 0.021411715 0.025908776 -0.014991273 0.050785564 -0.03181338 0.012423821 0.011407585 0.036938388 0.034138996 -0.01134418 0.03227542 -0.006575813 -0.0057709343 0.015483025 0.034993857 0.035625935 -0.04287438 0.0057673827 0.009345387 0.031257775 -0.027896699 -0.018962977 0.017027723 0.017300515 0.013876909 0.039186615 0.0028754682 -0.0067189233 -0.006798305 0.026925094 0.025388716 0.013093875 0.027605549 0.025620047 0.010005977 0.017758219 0.037436053 0.035911527 0.02104613 -0.034512233 0.049101435 -0.04591952 -0.040970307 0.018812638 0.05370967 0.045247544 0.023799697 0.041701466 -0.03508251 -0.02614032 -0.00400794 -0.03620957 -0.0055573126 0.028788125 -0.03888842 
0.016077086 0.042695183 0.010584098 -0.029127836 -0.044622313 0.0414367 -0.014796955 -0.040566538 -0.031876083 0.03650886 0.017662346 -0.042699628 0.024458194 -0.030003918 0.04917249 -0.028697217 0.01943148 0.013989535 -0.007630843 -0.023049068 0.032341316 0.042393282 -0.035092417 -0.03975598 0.037660897 -0.023828391 0.0135185085 -0.05124368 0.01711882 0.03032374 -0.037295513 -0.0013720656 0.04702284 -0.04079542 -0.039202522 0.032238934 -0.019388039 0.022977075 0.051044248 -0.0017974768 -0.04038874 -0.03536113 0.046402853 -0.044343084 -0.0043541407 0.037316885 -0.049600568 -0.029000936 -0.04742303 0.095446 0.01378803 0.035359416 0.018485969 0.0033923758 0.021719776 -0.027425641 0.00090113864 0.044629026 -0.030097349 -0.07217657 -0.064133 -0.008034229 -0.020758005 -0.06333505 0.01647573 0.014779274 -0.036591 0.040151536 -0.021925172 0.029398767 -0.020062236 -0.018193739 0.046491496 -0.055394545 -0.048667286 -0.052774046 -0.047483873 -0.032526158 -0.0404234 -0.0027740754 -0.026829751 -0.059326425 -0.087594695 0.02840185 -0.08958617 -0.08010773 -0.06614768 -0.019343212 0.02180108 -0.021595448 -0.06887137 -0.031364463 -0.02726915 0.049142845 0.012624452 0.032575447 -0.07303566 -0.092716664 0.05411873 0.0345598 0.032595456 0.024302924 0.076674856 0.05954314 0.08507618 -0.015157259 0.026650222 -0.052390933 0.048141792 -0.012316222 0.0045699296 0.04936949 0.010697771 -0.053590283 -0.028151233 -0.03497098 0.023614896 0.02025058 -0.04069492 -0.0463271 0.014358577 0.047089808 -0.0057090586 0.040835 -0.013002525 -0.047121983 -0.05290573 -0.0017726322 0.011442131 -0.00019794087 -0.011230082 0.02632603 -0.07900443 -0.054943196 -0.020237403 0.008109482 -0.018234858 -0.057041053 0.003117269 -0.033493165 0.006721717 -0.04025 0.04417499 0.042649977 0.0047767228 -0.02893837 -0.023449061 -0.029500106 0.048803747 0.055025145 0.026932364 -0.029818153 -0.028883621 0.07088715 0.040859062 0.06392448 -0.034306947 -0.033081207 -0.016094951 -0.03143521 0.039364457 -0.024682632 0.03611524 -0.045202397 -0.0030780365 0.031209208 0.03326372 0.041135926 0.008142145 0.031402756 0.06557379 0.027241716 0.010249788 -0.057302568 0.0007444651 -0.011139654 -0.005103615 0.02757521 -0.04345006 0.026973981 -0.016874822 -0.056344204 0.018180612 3.465262e-05 -0.0039716153 -0.05922482 -0.027373971 -0.0644871 0.012905421 0.06977369 0.052494504 -0.02804252 0.038614355 -0.022934632 -0.009963945 0.027009986 -0.080633864 -0.07045519 0.004266141 0.011720923 -0.050590523 -0.0095643625 -0.046852887 0.04409112 -0.047356006 0.050624426 0.0837825 0.02713209 -0.0047822557 -0.009188153 -0.03264859 -0.06637494 -0.03159037 0.023475317 -0.009808768 -0.029060747 -0.026720563 -0.008293788 0.04252078 -0.009377678 0.007421696 -0.03997807 -0.0092916675 -0.034856655 -0.03538004 -0.035607725 -0.015639178 -0.029427987 0.009600632 0.0023434556 -0.048906185 -0.010475502 -0.0069169956 0.0112032555 -0.055758916 -0.034446564 0.014811097 -0.048398174 -0.022094991 0.004780266 0.0018313042 -0.034430724 0.04625893 -0.023451233 -0.04563266 -0.0037513676 0.029379854 0.018455565 -0.031113952 0.029511523 -0.023234773 -0.06581731 -0.05298321 -0.00039949824 0.04611386 -0.004349824 -0.010071326 0.08409631 -0.016487869 -0.08605153 -0.023339408 0.07934932 -0.0101060895 0.06232098 0.026543554 -0.013167601 -0.008200793 0.015260583 0.09556311 0.061887078 0.024028555 0.06941411 -0.019960532 -0.006635664 -0.008320092 0.083339505 0.05219839 0.05250503 0.08177428 -0.012369908 0.081047334 0.016257279 0.0051481393 0.012626975 -0.021909695 0.051942173 0.08390722 0.014999074 0.033079457 0.007703671 0.099738225 0.003985779 0.049034405 0.007261403 -0.026585663 0.09525206 0.08811319 0.054579612 -0.0060866913 0.07354643 -0.054759104 -0.073138885 0.061595034 0.011283497 0.014564411 0.028120149 0.056115963 -0.06551642 -0.07337859 -0.075788915 -0.11489596 -0.0976504 -0.08187849 -0.048052624 -0.08273227 0.033556662 0.010738893 -0.031123504 -0.026955696 -0.009586077 -0.013826225 0.03535339 0.06979499 0.02383948 0.021620154 0.033211336 -0.032058507 0.019194378 0.05524517 0.022896172 -0.057947014 0.042795137 0.08818098 0.030308176 0.0074391193 -0.017371854 -0.059333745 -0.070611686 0.03790046 0.06865089 0.083511315 0.061917022 0.00022053727 -0.016999308 0.041151937 0.05414743 -0.012709202 0.032999594 -0.033348825 0.0049953167 0.029435633 -0.021076802 0.005179774 -0.028186737 0.0019452033 0.008405963 0.057411857 0.0016891909 -0.051177286 0.004092316 0.014533686 0.021073258 0.03159224 -0.029937567 0.028759597 -0.016135057 -0.024421865 0.0031505793 -0.018203681 -0.04147447 0.008330136 -0.02304651 -0.038471382 -0.028069308 0.023783244 0.029689722 -0.025379457 0.0041334988 -0.017317954 0.018313466 -0.024688585 -0.043951347 -0.032959957 0.024940899 -0.020806542 -0.034707844 0.041299578 0.04088954 -0.018273374 -0.039809164 -0.012129109 0.029452888 
-0.011103966 0.010860349 -0.006017352 0.021558505 -0.029367248 0.025702672 -0.015283281 0.0037501252 0.013048894 0.03205539 -0.008270572 -0.012557831 0.028970871 0.048501283 0.017564142 0.025814282 0.013006925 -0.006629457 -0.0012406715 -0.03169806 0.0512086 0.0076906327 -0.018507732 0.012304706 -0.040155683 -0.00431708 0.034469564 0.04233862 -0.029016929 -0.02223981 0.005719903 -0.01619138 -0.011039354 -0.009257731 0.039258074 -0.030675573 0.011266025 -0.054970335 -0.010569175 0.005370578 -0.044245582 0.042589106 0.018955775 -0.026254248 -0.009186295 0.019466434 -0.03925777 0.055146556 0.04109578 -0.016944783 0.005438435 0.07631728 0.087193206 0.07276818 0.063252985 0.06494077 0.0085005015 -0.03527481 0.026868474 0.08598478 0.0857068 0.014664599 0.08913724 -0.037770323 -0.02130122 0.014031592 -0.086531974 -0.040344547 0.04749706 0.06491471 -0.059812713 -0.06969369 -0.013853403 -0.034791518 -0.06400441 -0.000565832 -0.044998243 -0.050982185 -0.07632443 -0.035518613 -0.0421649 0.028135408 0.023414794 -0.009535354 0.025221465 -0.034094673 -0.06996823 -0.024123214 0.0069795093 0.03822188 0.06419999 -0.056377515 -0.0168993 -0.117632896 -0.090427555 -0.015199094 3.1343657e-06 0.06670972 -0.082032025 -0.013940056 0.0067615965 0.007981707 -0.028913274 -0.048268985 -0.049962066 -0.02470912 0.022977881 0.05648559 0.06918162 -0.004038555 0.048093658 0.050101977 -0.029213754 -0.024215084 0.025459308 0.08000065 0.014893237 0.029866338 0.047353294 0.013921352 -0.101160094 -0.016843231 0.009564029 -0.07054179 -0.09059753 0.062253747 0.06828052 -0.0617642 0.032194532 -0.025849469 -0.010630747 -0.08506333 0.011931892 0.054844547 -0.1052382 -0.056578413 0.028482135 -0.07510405 -0.073105924 0.013166483 0.09488488 -0.010105754 0.007773684 0.023283824 -0.017357918 0.04135258 0.14316425 -0.018528331 -0.07546713 0.0057186238 -0.008033496 0.001700916 0.032377042 0.03050785 -0.018334415 0.02553651 0.012919697 -0.05404614 0.029122412 -0.053566433 -0.006074635 -0.020358274 0.023732286 0.06583881 0.00905956 -0.0061342395 0.039912075 0.052881617 -0.04102656 0.040142357 -0.03685532 -0.012238565 0.019228144 0.016247353 -0.0035041296 -0.00018984845 0.026925985 -0.04050728 0.030809864 0.0072967703 0.02548006 -0.0018257564 -0.0041190824 0.02413573 0.033687677 0.021135857 0.05321573 -0.024395226 -0.006728444 -0.09673257 -0.049570218 0.03703087 0.032753494 -0.054356035 -0.04443458 -0.068705596 -0.027242953 0.010285636 0.01898077 -0.04038053 0.022242736 0.03882169 0.005878898 -0.0038632292 -0.044597924 -0.003952025 0.015732035 -0.004070907 -0.014693496 0.051858295 0.050281376 0.07841881 0.035125654 -0.004052826 -0.012175942 0.053134482 0.051155664 0.034967903 -0.02767156 -0.08334933 -0.027872266 0.009844119 0.011182194 0.0295107 -0.028505314 -0.026013052 0.012083005 -0.0093965735 0.043288484 0.011904181 -0.085014835 -0.03481933 -0.040287625 0.006134581 0.01368739 0.028045002 0.012223011 -0.060139786 -0.07980102 -0.0721557 0.0167269 -0.022330463 -0.028921152 -0.04590908 -0.059298422 -0.119918324 -0.08382857 -0.0014240904 0.070728675 0.027021583 -0.020884976 -0.13839006 -0.053728618 0.005746465 0.12472441 0.14842373 0.17388678 0.067644425 0.04875793 -0.026691202 0.05372045 0.018719977 0.10271329 0.08684663 0.12704618 0.039539814 -0.08392846 0.013825911 -0.03493239 0.042145353 0.014775768 0.029002652 0.047235806 0.043060973 -0.038624544 -0.0076424247 0.017436884 0.07919914 0.07860328 0.072290875 -0.0044799056 -0.052895177 -0.13308884 -0.08849458 -0.038198933 0.031052282 -0.03071938 -0.11934039 -0.020152051 -0.108185306 -0.06897504 -0.04295031 -0.042161845 -0.013766687 0.02490238 0.0005252647 0.03984438 0.05041365 0.026317077 -0.048728764 0.07777591 -0.06331368 0.032357246 -0.027229818 0.017325742 0.030554717 0.024218263 -0.06123679 0.02150155 0.14072886 0.05532264 0.024912633 0.05722789 0.051449765 -0.051094983 -0.06680574 0.031066267 0.027640538 0.10353186 0.1332083 0.0686159 -0.06643241 -0.077574626 0.0354665 0.08335029 0.053029854 0.12415476 0.084329106 -0.054840118 -0.04071855 0.04436007 0.08063839 0.08126577 0.03748394 0.008094102 -0.064781815 -0.18499202 -0.12976998 -0.072983205 0.04483942 -0.042666502 -0.08396362 -0.18634781 0.034006793 0.022033611 -0.023400009 0.024315288 0.03566102 -0.025173489 0.038176447 -0.009648749 -0.043334983 0.004255647 -0.04345053 -0.020532485 0.01727972 -0.018902676 -0.02740843 0.040286683 0.009807387 0.021751456 0.00022205827 0.005348698 -0.046094503 -0.006301035 0.018300414 -0.03987679 0.030701522 0.019558875 0.032040887 -0.034403205 0.020099567 0.0042550783 0.037000082 0.031143863 0.001009762 0.028204054 -0.041486774 0.056446366 0.01350196 0.0038493825 0.04865734 0.009444945 -0.0030787038 0.035747882 -0.02216023 0.03557492 -0.0060822843 0.022547908 0.00961353 -0.02729189 -0.014731326 
-0.03403891 -0.014257484 0.016740687 -0.0085322065 -0.045261424 0.017449638 -0.021330342 0.042139437 -0.00427841 -0.017995495 -0.013355826 0.0589927 -0.015040618 0.028240746 -0.0034955004 -0.0037237678 0.013322511 0.012011317 0.014332883 0.005930816 -0.044538096 0.047042392 0.0062010945 0.043313015 0.049840704 -0.03711582 0.044621736 0.015561598 -0.010394601 -0.0028511926 0.005191645 0.03633434 -0.0012692359 -0.030336877 0.016243841 -0.026756203 0.030207291 0.048742123 0.001978409 -0.018057525 0.03343663 -0.007788663 -0.008868754 -0.031658504 -0.040629465 -0.0507184 0.03732179 0.03848254 0.01349931 -0.06401405 -0.07088906 -0.04064345 -0.04009839 0.012309773 -0.044605885 0.005414727 0.05482763 -0.01343925 0.0015599213 -0.046188194 0.09594833 -0.032409914 0.0023392516 0.07593119 0.08990701 -0.00074870186 -0.100618556 -0.053215094 0.10082769 0.14949289 0.10498804 0.032274585 0.07537269 -0.10120064 -0.07487629 0.005661897 0.18171282 0.06630153 -0.023979578 0.07996616 -0.076279774 -0.027658122 0.032471444 0.0860343 0.08414193 0.018133381 0.04540423 0.025069973 -0.030827876 0.031925287 -0.011658334 -0.01087357 0.090552576 0.0084751295 0.022540493 -0.064894445 -0.009447613 0.008174768 -0.0567049 -0.03709705 -0.023292439 -0.03526026 0.050042655 -0.0377122 -0.10154406 -0.026635693 -0.043267634 0.034716062 0.042904217 0.087663874 -0.025342667 -0.06516785 -0.004769696 0.019429957 -0.02557002 -0.11428338 -0.087879784 -0.015280565 0.045981828 0.020401174 0.12376289 -0.0076974295 -0.22544274 -0.2449561 0.034795854 0.09044201 -0.0032687157 0.11333213 0.19237049 -0.030216387 -0.15551445 -0.009523213 0.06513157 -0.021236725 0.12033341 0.08366502 0.016097238 -0.044405203 -0.008696879 0.007907055 -0.07540185 0.00329395 0.047518186 -0.08197115 -0.08462548 -0.04763455 -0.08254423 0.012422023 0.05435422 -0.06730408 -0.006933074 -0.017548114 -0.013724091 0.011276192 -0.023155915 0.056171656 -0.008079167 -0.08587704 -0.05203011 0.06150481 0.058300838 0.03880735 0.06931958 -0.043978844 -0.10233511 -0.05899995 0.029626336 0.020849451 0.0037109037 -0.024840495 0.022844866 0.11518632 0.0012919413 0.0070725796 -0.05529245 0.07652844 -0.0068923994 -0.016926443 0.08084717 -0.05555115 0.018223558 0.002496571 -0.022887247 -0.0022937765 -0.048509113 -0.018549891 -0.11506999 -0.028556842 -0.021194424 0.06207514 -0.0050988235 0.003953538 -0.038582236 -0.03264783 0.04516696 0.0733944 -0.08020986 -0.026265789 0.019442419 -0.016780091 -0.029597804 -0.005824594 0.0012341756 -0.048570253 0.019104246 0.045912374 0.020645373 0.005597302 -0.029955598 0.05565583 -0.05918215 -0.03428946 -0.021125712 0.012300554 -0.00838164 0.04153076 -0.025455443 -0.04462461 0.015611405 -0.08309001 -0.0038753797 0.0066433665 0.016635608 0.05226049 -0.063922256 0.035160486 -0.027328523 0.025005976 -0.002939519 -0.051014315 -0.005127961 -0.017427094 -0.050453804 -0.030683383 0.004023301 -0.026042115 0.026425824 0.03412562 -0.027584286 -0.018947959 -0.016074033 0.032149933 0.079303056 0.034454133 -0.015434132 -0.05374858 -0.030850867 -0.020922419 0.0016035679 0.052241042 -0.07222679 0.004889519 -0.016814671 0.013657494 0.025311165 0.07800986 0.06287227 -0.07954397 0.12052518 0.08267612 0.13846064 -0.10495394 -0.15999958 -0.12714157 -0.01761563 0.15891881 -0.009230359 0.07682024 -0.040178623 -0.24305768 -0.22451052 -0.026219469 0.19698949 -0.00785583 0.06101813 0.15778805 -0.09190042 -0.08805793 -0.052481823 0.022254096 -0.12197095 0.06700273 0.12381809 0.05708971 0.024751835 0.091837846 0.040589657 -0.057156052 0.06772163 0.03468756 0.01027873 -0.13399707 0.05516601 -0.03790994 -0.045095976 -0.03819537 0.018620875 -0.019116549 -0.02598467 -0.003573324 0.069616206 -0.0062684906 0.018137937 -0.03627239 -0.051471308 -0.10195449 0.033879053 0.091440655 -0.011527944 -0.013904396 -0.037085123 -0.22092257 -0.12302119 0.084694356 0.137241 0.10682458 0.034363538 -0.0337105 -0.15907773 -0.10155005 0.03906406 0.0858563 0.16015258 -0.014502955 -0.017238522 -0.04516008 0.014176266 0.04910488 0.14935638 0.20758612 0.057754006 0.023522705 -0.060725227 -0.0034232659 0.08478577 0.010051518 0.19139157 0.026842488 -0.05322887 -0.099810146 -0.045606513 0.047291987 0.07620323 -0.03558953 0.062177453 0.007686705 -0.013917511 -0.028539019 0.031061506 0.0010329952 -0.026608387 0.037740864 -0.00074674207 0.00541863 -0.008058536 -0.027665589 0.03323689 -0.010247864 0.014539468 -0.050185945 -0.071090214 -0.021705346 -0.0701384 0.033581465 0.055236574 -0.018875007 -0.01564524 -0.03359795 -0.029570434 0.00018727756 -0.056071006 -0.027453506 -0.020917213 -0.03245054 0.010154021 0.009149872 -0.012303444 0.004929004 -0.015452888 0.042570576 -0.037246622 -0.03597685 -0.055634253 -0.023383759 0.067906104 0.03204914 -0.0093039805 -0.05726993 -0.04728806 0.008344867 0.04444637 0.04075407 
0.054742515 0.0076439353 0.052292224 0.004841039 0.026745364 0.0024619203 0.019368446 -0.022194814 -0.0011940941 0.027619667 0.030426187 -0.035251327 -0.04524621 -0.035817653 0.03210577 0.027734304 -0.029302705 0.038838126 -0.022136087 0.047549836 -0.03560574 -0.053934705 -0.046579715 -0.04582913 -0.027930684 0.041210625 0.017567364 0.0022668303 0.032220755 -0.021766653 0.021714974 0.028254844 0.013083909 -0.01841912 0.003135246 -0.044259105 0.022143748 -0.042605896 -0.019021543 -0.059120037 0.01442863 0.019059386 -0.052244008 -0.0118864095 -0.046547912 -0.026775623 0.046059173 -0.009427385 0.043866158 0.03906954 -0.019612594 -0.030357955 0.036033507 -0.08545876 -0.036116485 -0.019931328 0.04061067 0.03989825 0.03789926 0.086816594 0.026966289 0.04025922 0.032786857 0.004623248 -0.033637147 -0.030714832 0.037787944 0.038405467 -0.024796916 0.013407517 -0.025395172 -0.024239814 -0.043629497 -0.0003292857 -0.05209398 -0.016159993 -0.05643851 -0.05899703 0.062502384 0.09833624 0.100833975 0.039308045 0.032395456 0.021735754 -0.072822675 -0.08344997 -0.03196018 0.01055055 0.04753422 0.013746667 -0.027905423 -0.076354146 -0.20132537 -0.22645661 -0.1821749 -0.17608227 -0.1427953 -0.031556793 0.04913458 0.0074706604 -0.02150764 -0.016601447 -0.010673119 0.021410832 0.068464294 0.0017904808 -0.037509687 0.020724345 -0.005560847 0.05306425 0.011202948 0.046845756 -0.00063731347 -0.07321894 -0.030501757 0.024110131 -0.07822016 -0.050154187 -0.062033508 0.012755953 -0.049404625 -0.018236572 0.010946716 -0.048759833 -0.0038007312 -0.08357452 0.089581765 0.121909246 -0.0016526519 0.019904815 0.016423045 0.040576946 -0.00973482 -0.073977634 0.09116037 0.09784944 0.0514975 0.014793056 0.05134646 -0.05151453 -0.064760394 -0.060878653 -0.055192437 -0.0039751604 0.0063051092 0.013409009 0.0022389481 -0.00021353003 0.012188826 0.043201193 -0.022512639 0.002900086 0.027636593 0.008458023 0.018156905 0.06552887 0.04790584 -0.040997352 -0.022372194 -0.01705879 -0.045815624 0.06713909 0.025404723 0.03866865 0.049582954 0.0013000967 -0.03476031 0.0091613345 -0.045105882 -0.05479545 -0.04438207 -0.08680062 -0.05723692 -0.0753012 -0.013457987 -0.022152474 -0.03868101 -0.026747212 0.035411764 0.008566214 -0.02956344 -0.04486828 -0.021925656 -0.0012770629 -0.012346866 0.004827845 0.031554136 0.10424186 0.024812894 -0.079647675 -0.0008877152 0.030529603 0.04995346 0.022342617 -0.0028895463 -0.043448687 0.06844252 0.054372054 0.07554544 0.061498765 0.037404843 -0.017172271 -0.025218232 0.027212486 0.008244128 0.05319389 0.013781674 0.05877285 0.05034284 0.034081157 0.000381909 -0.007241079 -0.0013472692 -0.0017154033 0.03489293 -0.008260431 0.0010392065 -0.019058952 -0.01901308 -0.0089255385 -0.043173254 0.0011661574 -0.10055082 -0.050349154 0.036325246 -0.015961817 0.00285268 -0.0062213507 -0.014389508 -0.04414604 -0.046067413 0.041096125 0.06829562 0.024355283 0.06210227 -0.015222538 0.018221952 -0.03565551 -0.009470486 -0.05847912 0.012938398 -0.01704196 0.00049850537 0.0012655183 -0.03347917 0.060731225 0.020627234 -0.010257578 -0.027639886 -0.08884982 -0.020949239 -0.006532329 0.010215356 0.03120029 0.023736648 0.015691971 0.0035241426 -0.011902583 -0.0124834925 0.013912117 0.015323235 0.015464436 0.021592528 -0.0048291422 -0.032644257 -0.07774584 0.09106291 0.11744005 0.096320055 0.06419666 0.02534334 -0.02785691 -0.0744901 -0.0069583235 0.21065798 0.17394269 0.1487083 0.17269352 0.06416168 -0.029363072 -0.16350766 -0.07330793 0.032177486 0.1417705 0.053916298 0.014498118 -0.10588598 -0.16599621 -0.20179719 -0.1881032 -0.104271285 -0.11418915 -0.034455784 -0.02915069 -0.011663601 -0.048421443 0.0034286315 -0.06224278 -0.10918523 -0.030881794 -0.017642124 0.040255144 -0.03749401 0.07190024 0.03993989 0.01055005 0.03977558 -0.05083655 0.06341032 -0.020217286 -0.031274706 -0.0049857027 -0.02558033 -0.025291111 -0.055173926 0.02629262 0.10399778 0.071415305 0.031213945 0.0011541029 -0.012493265 -0.039801624 0.09173444 0.13490605 0.06604544 0.07672427 0.055895012 0.11802685 -0.0074548004 -0.003258028 -0.04670408 -0.021848096 0.031530786 0.023857582 0.035440102 -0.05220714 0.030995637 0.13263275 -0.0048154625 -0.02181023 -0.020358233 0.015247089 -0.061438076 0.023327362 -0.0049968273 0.0029575885 -0.0073544597 0.0021801 -0.0458111 -0.008811806 -0.04159376 -0.0034212412 0.0306938 -0.041477278 0.016602546 0.051291578 -0.025723374 0.01113481 0.05378781 0.025611201 0.04083674 -0.0009793636 -0.022419205 0.016548924 0.029979447 -0.038560033 -0.014061461 0.03141165 0.002532687 0.0033257764 -0.028472578 0.045340687 0.04282537 -0.01695847 0.032364283 0.032058287 0.044195633 0.023605006 -0.014302299 0.0007031444 0.08611666 -0.014142891 -0.015755966 0.051482614 0.058018815 -0.021051014 -0.015355901 -0.014840715 7.2770796e-05 0.030721515 -0.028676892 -0.030023063 
-0.0090741515 0.022541758 0.0035310322 -0.01709044 -0.03187493 0.027608473 0.04486777 0.057410438 -0.042652912 -0.011963723 0.03925026 0.009799787 0.01721408 0.027816638 0.026814893 -0.034833703 0.033605397 0.02794155 0.0032860031 0.055731673 0.007964304 -0.03032955 0.026765414 -0.018358769 -0.049971092 0.0052250056 -0.003957421 0.00090912014 -0.0088963695 0.017064804 0.046904325 -0.029366 -0.024012731 -0.026392236 0.006491722 -0.008382563 0.0037494248 -0.0098528005 0.034045707 0.010909605 -0.01484724 -0.016356176 0.005077683 -0.021332731 0.034159783 -0.0055199014 -0.030112645 -0.013938752 -0.045560144 -0.03063025 -0.048008155 -0.062359385 0.042506173 0.06494507 0.036633745 -0.00600556 -0.061360367 0.028324347 0.01152946 0.019140637 0.018074209 0.0938812 -0.016387025 0.040107127 -0.036386497 -0.09026006 -0.15128925 -0.05703354 -0.020653177 -0.0004500273 -0.03419733 -0.07008589 -0.124167085 -0.24117802 -0.18175904 -0.009835592 -0.018711612 -0.034400593 -0.0016493227 0.035134226 -0.0038636033 0.032086175 0.028527336 -0.046999283 -0.08441806 0.028900072 0.077727705 0.07217332 0.063368596 0.07372955 -0.04427238 -0.08020187 0.0031514296 0.07083741 0.077322595 0.0798696 0.006200436 -0.07387929 0.075494945 0.09041934 0.046708893 0.057358135 0.061784998 -0.04609872 0.006325101 -0.046746276 -0.027091414 0.017793948 -0.005240174 -0.016724583 -0.030495023 -0.03274466 -0.00088678853 -0.083798915 0.024695706 -0.0015459558 0.078157924 -0.013204329 -0.061504766 -0.008829691 -0.057681106 -0.010833475 0.09000407 0.06624066 -0.05903417 -0.040727668 0.0052571325 -0.03747874 0.03724314 0.06136405 -0.005698857 -0.005395302 0.13002649 0.04754112 0.014688736 -0.034462836 0.06302135 0.036602426 0.0219344 0.060074657 0.063660786 -0.026371464 0.044211756 0.074734785 0.06692684 0.045262787 0.038211748 -0.032289308 -0.05303653 0.02809611 -0.06376639 -0.049332738 -0.041013382 -0.011573024 -0.0024849742 -0.017740889 -0.039454095 -0.016817922 -0.005243532 -0.010484155 0.028961927 -0.021962473 0.0071000117 -0.08058471 -0.053214088 0.06488474 0.067731306 0.09044965 0.06933382 0.021525506 -0.06365062 -0.1026729 -0.021801546 0.017878067 0.07639015 -0.031471394 -0.009805884 -0.04148386 -0.026783874 0.015278093 0.090665534 0.052873757 0.022897152 -0.024395278 0.0028359552 -0.07072454 0.07743044 0.030016264 0.020618172 -0.022861212 -0.021308286 -0.0028306544 0.070754856 0.02095339 0.05187229 0.030342128 -0.05540363 -0.026531825 0.0059071453 0.020166907 -0.028472792 -0.01261339 -0.005374719 -0.024865272 0.06670486 0.10127055 -0.0070541967 0.060307436 0.09388422 -0.014402533 0.0042891176 0.03582018 0.087274656 0.05547478 0.090532996 0.037054498 0.029201252 0.046117205 0.089628115 0.0067025484 0.010109915 -0.06655158 -0.005275078 0.03103982 -0.014429419 0.029086214 -0.05655736 -0.13041149 -0.05995999 -0.0052698324 0.021900639 0.0062154336 -0.03393905 -0.018004386 -0.08415979 -0.0032514741 0.068157606 -0.033306736 -0.06373772 -0.057861015 -0.021430463 -0.017356688 -0.014643388 0.0017662906 -0.029558804 0.0763754 0.123753764 0.11628126 0.10219971 0.17119457 0.07501458 0.0152827995 -0.048157863 0.0096623385 0.050048314 0.04330583 0.016516712 0.015161881 -0.06213553 -0.07469143 -0.057835262 0.06442413 -0.022827104 0.00839575 0.032556392 -0.14172779 -0.014943245 0.025969023 0.06791109 -0.03815167 -0.033354204 -0.05580456 -0.12369246 0.02220016 0.055892583 0.09763889 0.005055036 0.10250752 0.04630247 -0.042120356 0.035736475 0.06565288 0.0057886406 0.036393236 0.038398463 0.06356814 0.037940316 -0.0651899 -0.022823159 0.00917088 -0.039728288 -0.024470245 -0.025459468 -0.15695274 -0.006159801 0.13057607 0.06966314 -0.058541752 0.022719568 0.091406494 -0.07101608 -0.08869356 -0.034283914 -0.11516737 -0.040502332 0.07034021 0.0078874035 -0.03904899 -0.02437165 -0.012033893 0.008519964 -0.010737962 0.024505937 -0.06617165 -0.04989175 -0.030438483 0.081577875 0.0064679007 -0.00062578736 0.11414545 0.073426455 -0.01026015 0.06914287 -0.04693113 -0.11049531 0.062454805 0.010058002 -0.019494867 -0.025784884 0.054072037 0.024998253 0.012197214 0.047879413 -0.008380161 -0.023052542 -0.042757776 -0.08083349 -0.10845661 0.002334451 0.034037307 0.07093343 -0.039681967 -0.05977914 0.0063623074 -0.016848125 -0.043645926 0.026696367 0.035691757 0.052299306 0.01625669 0.04401487 0.014715134 0.010219037 0.035250705 -0.018608771 -0.0057982965 -0.018365547 -0.024696605 -0.026516488 2.296709e-05 -0.0439159 -0.023257177 -0.027798744 -0.014671682 0.0109522585 0.049461544 0.023106452 0.03536221 -0.032024622 0.018285956 0.04978343 0.02957258 -0.015365105 0.011418372 0.051146165 0.0058310735 0.054836158 -0.008578872 0.019661296 0.026087403 0.011207208 0.065380454 0.0049897665 -0.009091292 0.062008426 -0.005279631 0.049573187 -0.027085252 0.0687828 0.014509467 0.054300122 0.060025666 
-0.058166973 -0.020459194 -0.037939854 -0.048035208 -0.03693206 -0.03575969 -0.019703813 0.016265944 0.022398666 0.0208193 0.01045511 -0.0099010505 -0.04818632 0.01959727 -0.06386347 0.026787516 -0.028686468 0.03651818 0.0042823567 -0.042031772 0.020217892 -0.01764958 0.013673281 -0.023639081 -0.03634621 0.035028175 0.034585405 0.039611686 0.02525575 0.03743964 0.03215563 -0.013444621 0.041102886 -0.051527224 0.04094226 0.03804422 -0.018163586 0.019730482 -0.017184699 -0.014862699 -0.04702733 0.030804027 -0.0034272277 -0.01291773 0.021579059 0.00954501 -0.016907297 -0.042011525 -0.029246228 0.010335268 0.043062832 0.08124948 0.06901113 0.03700358 0.058222715 0.16050737 0.06766606 0.041253 0.020467699 0.04139332 0.012970836 0.001475509 0.04288674 -0.01806667 0.062612645 -0.025015188 0.00021608484 -0.03493131 0.03531099 0.054069925 0.01229514 0.026327245 -0.020440143 -0.05894916 -0.046698693 -0.022911541 0.08977895 -0.0012568613 0.06755834 0.023419399 0.006659274 -0.033487808 -0.07713077 0.028839197 0.042124208 -0.007117746 0.07870385 0.043230508 -0.0010308224 0.06727699 -0.015053255 -0.114472345 -0.086402155 -0.0054425164 -0.059842464 -0.036280844 -0.004827606 -0.059154645 -0.11243712 -0.018160714 0.02120447 -0.0659916 -0.041558277 -0.08007989 -0.043583483 -0.068817 -0.009974051 -0.025171129 -0.039038103 -0.023210749 -0.022121077 -0.058487568 -0.07212942 0.024502765 0.078690924 0.028786568 -0.0018057686 -0.035521664 -0.053854875 -0.08052086 0.017257513 0.115736954 0.21445116 0.07617911 -0.017014354 -0.039835513 -0.024598196 -0.03648744 -0.039123893 0.080929734 0.018032396 -0.015508119 -0.04510654 -0.04899401 -0.037591536 -0.04187713 0.020895679 0.038428456 -0.012278673 -0.0010929314 -0.017808966 -0.02314119 0.04672251 0.03825058 -0.050582256 -0.05822732 -0.050504144 -0.023759302 -0.0009175996 -0.025038775 -0.013123512 0.025039237 -0.043126512 -0.045404375 -0.05405033 0.002032705 -0.00834061 -0.038586263 -0.04207263 0.0024606118 -0.032887463 -0.036425054 -0.0016390695 0.011813719 -0.0050228355 -0.031862963 -0.057249237 -0.03980017 -9.26429e-05 -0.013338893 0.010196664 0.026090434 -0.021145755 -0.10461581 -0.034295008 0.0020940728 -0.035009906 -0.0464761 0.02027201 -0.02215061 0.014819698 -0.04023558 -0.021381285 -0.03272156 -0.030561158 0.006542809 0.024457935 -0.024091797 -0.08937512 -0.015845321 0.0149891935 -0.0072659175 0.05507396 0.012998858 -0.00790873 -0.04093599 -0.08217904 -0.1317014 -0.027923483 -0.09408509 -0.049295586 -0.08106392 -0.16265382 -0.06792616 -0.050415084 0.0020606474 0.066492856 0.041706588 0.024332704 -0.1200329 -0.06947605 0.054337688 0.08853505 0.14976244 0.10907929 0.018311653 -0.03932482 -0.09973748 0.00771192 0.08632303 0.09182525 -0.0061447895 0.018054716 -0.11493497 0.00061446027 0.018394833 -0.028468268 -0.020933423 0.033871707 -0.028972803 -0.092051 0.046111286 0.04168299 -0.012217019 0.047896296 -0.03523581 -0.026558496 -0.061092325 -0.03174472 0.075442486 0.049514923 0.11465972 0.06552457 0.029164545 -0.06731755 -0.11409327 -0.09454056 -0.066905476 -0.07397627 -0.05170974 -0.11893539 -0.08707062 -0.042843565 0.03290851 0.025263183 -0.0025175414 -0.060777016 0.0099973045 -0.07644002 -0.08115716 -0.010400926 0.039488155 0.023336202 -0.014530222 0.0081473645 -0.025384191 -0.060208026 -0.057408713 -0.003434298 0.05562748 0.02118178 0.010434139 -0.019242417 -0.097421914 -0.033083435 -0.054828756 -0.075738974 -0.041974843 0.01927947 -0.10276504 -0.03718954 -0.07997919 -0.037632283 -0.05316595 -0.02001228 0.042023435 0.048344836 -0.013698909 -0.028775986 -0.026393488 0.048285153 -0.017269326 0.011444129 0.0150100095 -0.040032208 0.12638538 0.11692956 0.052565936 0.05394025 0.080032624 0.07916253 0.08187723 0.05301428 0.06292247 0.029829036 -0.028790839 0.040733393 -0.07607927 -0.022363728 -0.039807573 0.08032335 0.0054420433 0.049579117 -0.065054014 -0.041741412 0.010931495 0.067702055 -0.027065419 -0.109917164 -0.09676687 -0.13453446 0.0054085795 0.09808066 0.11218919 -0.016199986 -0.08755905 0.022472683 0.023404494 -0.035695933 0.11048525 0.078379914 0.068925805 0.040957715 0.031613998 0.015552503 0.011748076 0.036866557 0.011773629 -0.011612933 0.025727233 -0.037851732 -0.00410472 0.04291604 0.020346008 -0.012258393 -0.012089163 0.02985221 -0.03956868 -0.004167091 0.029526457 -0.011483295 -0.018838055 -0.060145985 0.0026775072 0.050491963 0.026104331 -0.04852498 0.009091019 0.025747253 -0.0076692672 -0.021713167 -0.025659114 0.036606576 -0.068971425 -0.025359394 -0.0360282 0.0462874 0.009162253 -0.005773048 -0.024641609 -0.029209625 -0.002060769 0.0066170976 -0.04878586 -0.005765245 -0.019494385 -0.024963379 0.017124198 -0.051018324 0.004975333 0.021209281 -0.029893132 0.007364032 -0.0060321367 0.009553113 -0.045448504 -0.017835362 0.001922136 0.006762258 -0.06203265 0.022395913 -0.030317895 
0.023195049 0.0005702673 0.0014232792 0.052272715 -0.004431199 -0.04561886 0.023437472 5.4297154e-05 0.014165052 -0.018915242 -0.005648376 -0.010847741 0.018309306 0.0030009807 0.036829054 0.011783007 0.01778538 -0.041054733 -0.008851823 -0.0021165898 0.05079614 0.016500626 -0.030909317 0.018984273 0.023701532 0.029468993 -0.05340088 0.04897811 -0.0092547145 0.03335041 0.025503911 0.0039837067 -0.004436505 -0.039810684 -0.019574814 -0.027345682 -0.0029700438 0.04304199 -0.015923247 -0.046634357 -0.02454432 0.021532873 0.0012142173 0.008112292 0.0100661935 -0.033510134 0.031816695 0.013165664 0.022781266 0.04605619 0.013695417 0.03512774 -0.030030994 0.022644604 0.022916757 0.0121078 0.083069295 0.051729385 -0.016719386 0.032744765 0.011095976 0.04900291 0.03135535 0.015614468 0.03035111 -0.019529298 -0.008931103 0.017406145 -0.04450486 0.013460113 -0.048961706 0.034727827 0.028575692 0.0011140531 0.07325593 0.063922204 -0.09567778 -0.12006224 -0.031198757 0.026498236 0.023340818 0.05518638 -0.048540633 -0.11596912 0.017110223 -0.082739644 0.0011688246 0.092772305 -0.026426945 -0.03931565 -0.059883952 0.0799349 0.053065345 -0.03061458 -0.07874047 -0.03732686 -0.06332632 -0.066525735 0.07742039 -0.015089135 0.048361164 0.00014380172 -0.0173196 -0.021814566 0.079402715 -0.002412351 -0.043726526 -0.048086576 0.04273851 0.02775044 -0.03555389 -0.0506321 0.07422442 0.007867973 -0.039818954 -0.01757647 -0.009056187 -0.029811272 0.08006277 0.07964499 0.0018661527 -0.06928298 -0.013644049 -0.016675038 -0.0064223353 0.005614319 -0.05558472 -0.075335294 0.0131594455 0.057651892 -0.022998162 -0.05922989 -0.03658319 -0.0009713544 -0.012505659 -0.04172356 0.065647915 -0.044186845 -0.06710715 0.017702688 0.21836373 0.02350881 -0.013163826 -0.079219535 -0.04999439 0.031183904 0.24666423 -0.08936972 -0.08245101 -0.06771118 0.010550621 0.028279988 -0.037657477 0.0048176735 0.024315873 -0.011918624 0.038361754 0.030060675 0.029200258 -0.03458744 0.0075672963 0.023617806 0.02748411 0.015437789 0.015499775 0.029060317 -0.009772979 0.02392072 -0.011266768 -0.063402206 -0.07810823 -0.031305455 -0.07531236 -0.05600478 0.02370727 -0.028965987 0.017968819 -0.037501466 -0.035506632 0.0021300714 -0.0077465437 -0.04995775 -0.08035286 -0.0074173217 0.046234395 0.035923276 0.086274266 0.009352168 -0.03327695 -0.1194124 0.0004436161 0.04040126 -0.012387047 -0.05575541 -0.016447742 -0.07992676 -0.039762817 0.037224084 0.030834392 -0.04210539 -0.017525433 0.032687318 -0.042764902 0.022167008 0.053106233 -0.049065553 -0.019878462 -0.022972316 -0.021282496 0.013890416 -0.024936693 0.058502093 -0.023987057 0.007939603 -0.024035444 -0.066076204 -0.04297183 0.0010931297 0.026853371 -0.043880478 -0.01449586 0.05657745 -0.0018766786 -0.040623058 0.048975196 0.009340835 0.019895723 0.038135473 0.048681334 -0.0218962 0.057903968 -0.0050994935 0.093004555 0.006818946 0.045585018 -0.043104507 0.048774507 0.045485616 -0.02699213 -0.014699806 -0.042303372 -0.11514171 -0.07862439 -0.005227355 0.05238945 0.08203216 0.03503256 -0.0025366666 0.116154455 -0.01082827 -0.02419699 0.008655405 0.057689615 0.009546384 0.019773234 0.017662747 -0.012073024 -0.059353508 0.039887838 -0.034029715 0.06663697 -0.007000293 0.0115419915 0.008413702 -0.03564434 0.04837328 -0.071059905 0.037029717 0.08329177 0.07589819 0.03750973 0.04881603 -0.017663507 -0.06901246 -0.027061194 0.10406671 0.077557586 0.112999484 -0.0363854 -0.13945916 0.012976592 -0.0041798213 0.0012076531 0.026938288 -7.523293e-07 -0.1441796 -0.14840576 0.03428683 -0.005909844 -0.13134065 -0.2210809 -0.2277186 -0.19796759 -0.03065466 0.01425481 0.015552828 0.031405196 -0.013431529 -0.00070867356 0.0064665442 0.059812367 0.0035499348 0.08660975 0.052627187 0.010459537 0.038891654 -0.0018827467 -0.031897694 -0.024485141 0.0868403 0.056408662 -0.004075829 0.028792124 0.053926162 0.038738016 0.02740092 -0.043948982 -0.043439403 0.027728518 -0.022970749 0.05307382 -0.06023366 0.013760689 -0.0036177912 0.02572385 0.030963607 0.021425935 -0.046645492 -0.09059841 -0.029042147 0.057518672 0.03669318 -0.037222184 -0.028657813 0.04231404 0.097036816 -0.03819606 -0.085371055 -0.069464035 -0.035419382 0.0473805 0.1210103 0.059657607 -0.047187306 -0.04631031 0.030372892 -0.019104814 0.011066072 -0.027106745 -0.011933462 0.037399553 -0.013379841 -0.006041638 -0.026784148 -0.012501416 0.04007873 0.035396934 -0.024523022 0.017772958 0.025988601 -0.020149134 0.0632365 0.02722003 -0.016617846 0.009673383 0.04854539 0.046465255 -0.0035515772 0.0286089 0.026343798 0.047786705 -0.011688831 -0.02496694 0.062114716 0.04264895 0.016508667 0.033417325 0.03126316 -0.05670467 -0.012869748 -0.02510553 0.03512553 0.04955916 -0.024542281 0.041103754 0.027755 0.00802215 -0.022777472 -0.017968597 -0.0220773 -0.042242166 -0.005332427 
-0.04620626 0.0433216 -0.030142365 -0.011071589 0.04060391 0.014697697 -0.00048389056 0.035313472 -0.015863776 0.050790843 0.0490887 -0.016397852 0.020850383 0.045885 0.026100416 0.020768363 -0.043614175 -0.030814296 0.053785037 -0.006113497 -0.04898668 -0.03895497 -0.01709719 -0.0059490325 -0.012175739 0.019142661 -0.01321771 -0.0062586013 0.0040356405 -0.042584192 0.026193397 -0.03990533 0.021115957 -0.030376997 0.02895289 0.0021459488 0.025315167 0.035293225 0.0019773853 -0.04447508 0.031116454 0.012120359 -0.011649492 -0.05834314 -0.0228187 0.013788875 0.030822413 -0.05160127 0.019549768 0.103892475 -0.08703497 -0.070463546 -0.053936444 -0.04546357 0.030239515 0.105658576 0.035834853 -0.03311839 -0.15545337 -0.10637913 -0.06642107 0.06504261 0.078871146 0.033852074 -0.015705913 -0.106479004 -0.14235768 -0.06666195 0.050637193 0.13003914 0.080861256 0.041985985 -0.004909651 -0.16844971 -0.14170747 0.027115345 0.072866015 0.11044423 0.0071615935 -0.049628157 -0.14543438 -0.124210276 -0.058634892 0.043855928 0.09846381 0.06991974 -0.07073942 -0.08046245 -0.0058271997 0.07963377 -0.014461284 0.07220373 0.083670534 -0.088113755 -0.102446474 -0.06210684 0.054604996 0.015649254 0.013619299 0.023635108 0.03566649 0.046715554 -0.0049948525 -0.028997406 -0.039510958 -0.021108655 -0.051551066 0.014000762 -0.012901683 0.085691534 0.026265616 0.019085884 -0.0733722 -0.0588565 -0.060694564 -0.022077424 0.06886753 0.056965332 -0.07399 -0.073227495 0.0020708267 0.04460222 -0.0139204385 0.060060106 -0.0032414587 -0.08809716 0.033724 -0.043853894 -0.042731445 0.050216444 0.07824027 -0.079818614 -0.040058024 0.025031842 -0.06720245 -0.08341673 0.050173644 0.06296919 -0.021381816 -0.058691714 -0.03918083 -0.07773848 -0.041472666 -0.024733894 0.09794358 0.10877118 0.015774604 0.037166905 0.013837996 -0.06541902 -0.026828079 -0.02159418 -0.041665703 0.035203807 -0.004968817 -0.024868878 -0.09204265 -0.0048428793 -0.043395173 -0.061483502 0.025226668 -0.00062734104 0.025747018 -0.051074713 -0.057710268 -0.007816966 -0.0051373746 -0.05853114 -0.06554515 -0.044185717 -0.0067746066 -0.04623461 -0.03238005 -0.019971957 -0.0010246478 -0.013826729 -0.024909819 -0.023597578 8.429754e-05 -0.011304587 0.0021794883 -0.027514545 -0.0949607 -0.08054069 -0.013755421 -0.08446832 -0.07460904 -0.05149526 -0.0065764864 0.02785592 0.028726922 -0.03524172 -0.065823026 0.01326079 -0.037153285 -0.06737164 0.08008765 0.08225067 0.0403929 -0.046160214 -0.018169744 0.044883337 0.043512326 0.02443219 -0.005897104 0.023516715 -0.032301247 -0.029329486 0.007956047 0.06385785 0.0778055 -0.017883856 -0.032790896 0.01798109 0.020045683 -0.07360693 0.08289114 0.059244502 -0.05244784 0.014739362 0.0054873438 -0.003189279 -0.068424925 0.067460954 0.028718283 -0.06101936 -0.0342305 0.051188227 -0.004793579 -0.03460913 0.045024782 -0.026605682 -0.031642567 -0.035135787 0.008808481 0.0012973303 -0.037753478 -0.039424773 -0.06447858 -0.07416402 0.046375986 -0.011508218 -0.006042027 -0.05368758 -0.054932293 0.04858832 -0.053384013 -0.039061192 0.0059122024 -0.0022421905 -0.049734272 0.06445936 0.013101699 -0.09146142 -0.105768435 -0.040872604 0.03089852 0.030656902 0.104292855 -0.040011317 -0.08519157 -0.08251724 -0.10831808 -0.008903428 0.048626754 0.06313303 0.030289192 -0.028644642 -0.05965849 -0.06315092 -0.011302177 -0.013439941 0.029238973 0.044397257 0.052015256 -0.11246938 0.055358138 0.00017208952 -0.014128168 -0.052781843 0.06710524 -0.017737443 -0.054522976 0.057811096 0.03255604 0.039513987 0.03439628 0.03372005 -0.04270519 -0.0676032 0.05573407 0.020869577 0.014560498 -0.02989036 0.043732915 -0.059559606 -0.07070828 -0.08205677 -0.020410603 0.049108062 -0.011491304 -0.010599362 -0.05895572 -0.061223254 -0.09522869 -0.021506647 0.031978987 0.035189625 0.0625359 -0.031089855 0.002926505 0.0024015612 0.0051938496 -0.015970044 0.022988243 0.02747999 0.0046190023 -0.001958033 0.14843702 -0.07635936 -0.040496763 0.062865056 -0.022205459 0.020805323 -0.015532912 0.021026537 0.0429623 0.07350902 0.05347724 -0.015434414 -0.060877513 0.01238141 -0.003892533 0.0012688758 -0.023234693 -0.012017143 0.03770585 0.0025200574 0.056632344 0.07788496 0.03629304 0.01170586 0.12541594 -0.02299906 0.008516819 0.03293401 0.0063750586 -0.039734844 0.036866914 0.0012673447 0.034464996 0.026877072 -0.030195516 -0.0020790906 -0.007916019 -0.050161924 -0.038881347 0.012865124 -0.03406831 -0.025755502 -0.0036420412 -0.06930633 -0.0011576612 0.011878377 0.0068667997 -0.047499247 -0.02965379 0.015676087 -0.065901816 -0.053423576 0.0057266415 0.0048181084 -0.015754698 -0.05486292 0.009246078 -0.024117531 -0.031851362 -0.0219645 -0.012734863 -0.01079857 0.010868715 -0.004641172 0.0016833286 -0.057345267 0.03790548 -0.020593455 -0.04906417 0.019263433 0.04717958 -0.037849873 -0.0023482582 0.010770802 
0.002161458 0.03882017 0.057362814 -0.0058235303 -0.0014027224 -0.028015157 0.05064691 -0.054223977 0.026981855 -0.035026092 -0.039842296 0.013448067 0.024165744 0.029636202 -0.03877361 0.024632448 0.034819394 0.04671849 0.03315674 -0.04550641 -0.032630336 -0.041739613 0.0044093807 -0.025090031 -0.024883017 -0.03238079 0.028370323 0.0013458197 -0.046979163 -0.008575224 0.039889175 0.042098187 0.025770301 -0.0025440913 -0.010914038 -0.03129085 -0.03131715 -0.04188025 0.017740695 -0.00612396 0.01833205 0.037639383 0.004082137 0.028747337 0.0024847046 0.046023037 -0.034512337 -0.031311993 -0.029085783 0.18132353 0.11676608 -0.07089843 -0.09984747 -0.06156788 -0.00044262237 -0.009752476 0.068456754 0.12201918 0.063495114 -0.020016916 -0.10420407 0.04059043 0.12551986 0.07838989 0.08569248 0.060091592 -0.010727264 0.037617862 -0.04798304 0.041637976 0.009330298 0.053145967 -0.041041214 0.08639793 0.062756374 0.044567 0.053673487 0.0051719663 -0.04006407 -0.052836962 -0.028864339 -0.04392962 0.01993335 0.017110895 -0.023976577 -0.14669399 -0.065863 0.044509575 -0.05687925 0.023754084 -0.042572398 -0.015132697 -0.12553716 -0.062128797 -0.032372776 -0.07134526 -0.04859385 0.029730314 0.3770781 0.13209204 -0.0567012 -0.03291478 -0.094498254 0.016700292 0.08113944 0.17982402 -0.0013961067 -0.09847029 -0.13320814 -0.016764123 0.019276358 0.080884874 -0.017582275 -0.0386925 -0.08637909 -0.060226966 0.023071181 0.109445274 -0.04864542 -0.0834805 0.0397271 0.07076895 0.06349803 0.07929038 0.15621907 -0.015389807 -0.1892578 0.022676263 0.013423335 0.004246958 0.02883415 0.03470211 -0.08289965 -0.18908602 0.029521532 0.027066877 0.034001965 -0.018196112 0.07594131 -0.107226856 -0.13507515 0.044574197 0.019667571 0.06739497 -0.00045575926 -0.04063413 -0.17283203 -0.03882031 -0.058583874 0.0031952763 0.094414234 -0.0027625791 -0.004467585 -0.013108474 0.06059316 0.050417036 0.012563893 0.034824356 0.054389402 0.016256547 0.040383857 0.027293101 0.089614026 -0.003907394 -0.06494386 -0.015965596 0.0030807618 0.058793332 -0.041319646 0.06278175 0.07108556 -0.051118907 0.0026489163 -0.042347133 -0.005400826 0.0006020226 -0.06261834 -0.059749987 -0.024681408 0.018188426 0.059199665 -0.043961518 -0.01741189 -0.07877268 -0.01705303 -0.078591615 -0.05408951 -0.0639149 -0.013131088 -0.005249744 -0.045113534 -0.119897984 -0.09305472 -0.021364233 -0.035716135 -0.006723812 0.0011509557 -0.014435091 0.049965777 0.05485664 0.05778764 0.01514938 0.02754216 0.047773723 -0.0070781903 0.020422878 0.039819516 0.074004345 -0.04773609 0.055153828 0.00907045 -0.00871217 -0.026404703 0.052447762 0.044734597 -0.0893783 -0.04745993 0.0014918109 0.00718141 0.058529112 0.0865171 0.072696775 0.0045687347 -0.073010474 -0.033789705 -0.036981586 0.02363524 0.024389828 0.048332196 -0.015012071 -0.07546939 -0.019891374 -0.07943328 0.05498043 -0.031393085 0.027401725 -0.071157545 -0.042386908 -0.016730517 -0.045211308 -0.064525865 -0.11940109 0.034180567 -0.030405654 0.022285953 0.38532734 0.11321675 -0.074970104 -0.1322383 -0.10647716 -0.009580157 0.16715842 0.16776252 0.022286978 -0.16743958 -0.18987224 -0.13015443 -0.07766332 0.05260412 0.0337016 -0.14303112 -0.062753804 0.03194629 -0.012736636 0.035585277 -0.0514525 -0.009773636 -0.107894324 -0.061140276 0.14717753 -0.000365346 -0.011624418 -0.04832209 -0.07577752 -0.10056114 0.0136657115 0.10344576 -0.0494107 0.03833117 -0.09827028 -0.004175953 0.004991643 -0.0019743687 0.05824693 0.000972094 0.017605223 -0.11332874 0.010924106 0.057473958 0.037203982 0.10361413 -0.023473566 -0.044215593 -0.106108285 -0.13470373 -0.004772952 0.044649545 0.04698687 -0.023740226 0.010492655 0.029218111 0.0031866923 0.039263655 0.018918572 0.06447992 0.05557017 -0.02749562 -0.12841864 -0.031719636 -0.020920467 -0.033775665 -0.08126657 0.008715085 0.0707818 -0.039091278 -0.030543206 0.029695792 0.030644711 -0.02350919 -0.17458029 0.030418502 0.058729347 -0.04048697 -0.07303954 0.017791528 -0.13352628 -0.09625452 -0.022605924 -0.011243262 0.039611515 -0.017321477 0.042833295 0.04331702 -0.0028810927 -0.04759656 0.08238131 0.02193238 -0.0010833602 -0.056102697 -0.119870886 -0.07998931 -0.040841233 0.12301683 -0.03496523 -0.01009326 0.05759738 -0.023184987 -0.011243345 -0.0067166 0.049228355 0.060504183 0.028604163 -0.017789815 0.027784579 -0.031069944 -0.0127453925 0.0070126387 0.042691648 -0.021305563 0.024822237 0.034454696 -0.009687002 0.045439806 0.02360623 0.004078131 -0.036917605 0.008749409 0.017319264 -0.013547816 -0.020352278 -0.03645056 0.002917174 0.011272076 0.022024767 0.03769825 -0.031903952 0.028670717 0.001428294 0.03997408 0.025009573 -0.046368964 0.034482513 0.03266339 -0.022163551 0.033408135 -0.018742083 -0.0001819889 -0.02499827 -0.041232526 -0.032305006 0.041218314 -0.042441558 
-0.006262308 0.039607067 -0.01409129 -0.015648182 0.0041986057 -0.046830244 0.007548396 -0.040287297 0.0137528125 -0.02195217 0.04826685 0.03834464 0.013227209 -0.03243921 -0.0075054844 -0.030652447 0.04421138 -0.045663405 0.023836842 -0.048958503 -0.00048678345 0.048141595 0.01324042 -0.036376365 0.014828 0.04557752 -0.049109448 -0.025539992 0.006599464 -0.04529851 0.009552801 -0.036448706 0.030747443 0.028771998 0.023349158 -0.0041470844 -0.005228795 0.05062002 0.0330214 0.02994976 0.043971274 0.048440754 0.04732883 -0.012053149 -0.020183034 -0.016678113 0.04642602 0.005521144 0.04667491 -0.005809058 -0.008039146 -0.032784615 -0.0012710133 -0.018709294 0.0030471007 0.028587375 -0.010692699 0.02887973 -0.031756993 -0.0062329345 -0.035300013 -0.037451938 0.023674693 -0.020116702 -0.045487426 -0.01601403 0.015203426 0.033929054 -0.045746155 -0.038064577 0.029850269 0.018572655 -0.021477878 0.022146324 -0.027178485 -0.0033498916 0.0461363 0.022173347 -0.0039363 0.015208277 -0.002959662 -0.037498333 0.020388955 0.041851256 -0.0021532571 0.008756263 -0.059707236 0.002043791 -0.046937108 0.03501035 -0.043368872 0.033601724 -0.028686626 -0.042961437 0.007716119 -0.049699105 0.031256776 -0.021436663 -0.031852353 0.034059558 -0.05332175 -0.010253657 -0.0062136822 0.006510144 -0.03160858 -0.041038 -0.003784228 0.022387505 0.040644147 -0.057393182 0.0029178294 -0.04735036 0.018477315 -0.019475712 -0.018036732 -0.026040612 0.020423658 0.03372713 -0.046190742 -0.001862749 0.005443336 0.005328337 0.009078668 -0.03890385 0.0239397 -0.05209148 0.004313433 0.0114837345 0.014087885 -0.030556072 -0.0142932255 -0.049149476 -0.041774295 -0.045741573 -0.018746704 -0.039419368 0.026761374 -0.005448939 -0.035594225 0.01305608 0.014196216 0.008993531 -0.04015691 -0.030001387 -0.030880973 -0.03072918 -0.03436495 -0.037356004 0.034603328 -0.0135617005 0.050859995 -0.021088304 0.0036118452 0.01908367 0.04852468 0.008257291 0.024994638 -0.035131622 0.011842519 -0.03137937 0.039349414 0.038644444 0.021828873 -0.041393865 -0.023309395 0.04363496 -0.0016894384 -0.030705877 -0.036031887 -0.030480342 0.011497973 -0.0044885664 0.042684477 -0.0025621685 0.0023369454 -0.020333814 -0.04429639 -0.027156165 -0.049791947 -0.008121607 0.044599663 0.046290357 0.044464264 0.013557094 0.015573998 -0.0036346293 0.017688423 0.03004446 0.023443347 0.030676564 -0.017383069 -0.04349819 -0.02301776 0.04095995 0.02090417 0.036704518 0.0051225573 0.011891351 -0.042931426 0.021845367 -0.026260616 -0.011762964 0.027164275 -0.026630886 0.02678816 -0.008253379 -0.009332767 -0.009235844 -0.025051529 0.01162025 -0.020805415 -0.042436257 0.033282414 0.0035506547 -0.02049278 0.011070935 -0.0068947524 0.023182703 0.041139826 0.013800051 0.032193545 -0.009214385 0.027721243 0.0008563522 0.03820966 0.033171836 -0.04662797 -0.014518378 -0.018686922 -0.0391103 -0.004804694 -0.0152743235 -0.0036403586 -0.026231317 -0.02202813 -0.011059842 0.031236706 -0.017399251 -0.02541337 0.03502774 -0.04206709 -0.048353508 0.04535652 -0.0042039356 -0.0016791433 0.014253058 0.025749639 -0.009213555 0.014167276 -0.009939124 -0.038950436 0.022961158 0.024660118 0.011025008 -0.054957543 -0.062005814 -0.05550413 0.00674623 0.012617158 -0.0533236 0.014668443 -0.05565815 -0.002168238 -0.019349718 0.025747122 0.0074670096 -0.038483687 0.006610562 0.03534643 0.03420585 0.0020210845 0.0008858253 -0.037973233 0.010749202 0.014954278 0.012636348 -0.024053624 -0.014561779 0.018230872 -0.055629905 0.00985722 0.027459541 0.018384157 -0.040304266 -0.05508068 0.03838484 -0.041592635 -0.038366735 -0.04910737 0.01839281 0.008509198 -0.007165906 -0.040531866 -0.016312582 0.017013824 0.020914193 0.013009222 -0.002171256 -0.033937868 0.029889088 0.02324463 -0.01553801 -0.0052833036 0.004114018 -0.041929547 -0.0084533775 -0.01769224 -0.0018016694 0.036542412 -0.009415717 -0.011244133 -0.0062400033 0.010259327 -0.008718989 -0.030302461 -0.033415217 0.017572837 -0.038237285 -0.02848226 -0.031198863 -0.0020140128 0.003627779 0.0273537 -0.038618695 0.045135226 -0.029146865 -0.047333 0.0254315 -0.023895483 0.016751215 -0.0043094335 0.045887776 -0.034168527 -0.033436906 0.036292456 -0.029488677 -0.02324851 -0.03279459 0.003166084 0.03674455 -0.029643413 0.018802004 -0.047621276 -0.035586596 -0.018686382 -0.02037058 -0.043132067 -0.04011564 -0.0059226006 -0.035465162 -0.009240489 -0.035283625 -0.0054934775 0.016925383 0.039660715 -0.04330759 -0.0041712774 0.024212321 0.04901465 0.0026002661 0.04850167 0.03485271 -0.0068599046 0.0012097094 -0.028096404 0.049546078 0.021874323 -0.040423874 -0.012929238 0.024820605 -0.015751151 -0.015046586 0.043002296 -0.00302942 -0.012964585 0.012613833 0.0031027591 -0.033307027 -0.033532277 0.03933157 -0.014832081 0.034023825 0.035867047 -0.017835744 -0.026118757 -0.0003860221 -0.0061305664 -0.008084779 0.04849879 -0.035788096 -0.043234155 0.012473294 
0.02803774 -0.0007100371 -0.03751863 0.018781766 0.033106644 0.014785399 0.03536551 -0.019759955 0.014054712 -0.027816037 -0.043347772 0.032408953 0.028705345 0.034363564 0.028292678 0.0027502156 0.0043525244 0.03612261 0.04815966 -0.035307817 0.0008720825 -0.0052246447 -0.0039151874 -0.0257795 0.008129286 -0.05351032 0.015464624 0.020895217 0.026762592 0.042663727 0.01308276 0.008798603 0.023213962 -0.008919724 0.049822584 -0.0023865136 -0.046898212 -0.01036875 -0.021798227 -0.030140981 -0.012616307 -0.019523503 0.024082022 -0.002277141 -0.025997287 -0.012216549 0.030671617 0.033799812 -0.05289361 0.0031462302 -0.097950086 -0.034821223 -0.065897994 0.02002327 0.03379367 0.03653885 -0.10344389 -0.009106358 0.026629295 -0.038768653 0.00496725 0.0482952 0.058391478 -0.027218744 0.061419774 0.01727141 -0.011322037 -0.008452322 -0.012925648 0.06219084 -0.052650575 -0.0057502273 0.06607278 0.04785247 0.025754416 0.055244215 0.05891336 0.0122056585 -0.06109799 -0.012962154 0.04860895 -0.03515023 -0.028409721 -0.008960515 -0.014247569 -0.061793774 -0.022167945 -0.007255323 -0.055015333 -0.027525872 0.013327 0.12457 -0.0036583603 -0.0060725487 -0.034283537 0.0016753315 -0.10890842 -0.047543716 -0.05403082 0.08970488 0.13139378 0.1365149 -0.016577575 -0.15712133 -0.24974012 -0.026850168 0.093193874 0.10147807 0.089359276 0.09126046 -0.05017354 -0.2198259 -0.018825004 0.07058492 -0.03965774 0.029527359 0.037810374 -0.006094476 -0.07693303 -0.022613613 0.032838583 0.00020239 -0.011769426 0.044494223 0.10789062 0.005841909 -0.097094856 -0.010280763 -0.029140983 -0.0075826207 0.0688881 0.03670398 0.037488926 -0.00016701482 -0.0031861824 0.011763968 -0.00891513 -0.01713234 -0.0068504163 -0.0081601795 -0.049168304 -0.018926693 0.0016024637 0.0023284247 -0.055030927 -0.06724065 -0.032712206 -0.010073706 -0.021124933 -0.0422832 0.0175486 0.052940477 0.0691476 0.04257753 -0.010991728 -0.057019714 -0.0656883 -0.066468485 0.010869141 0.038688365 0.0137202 -0.05290392 0.0022584386 -0.0026134914 -0.08338157 -0.0740456 0.006543846 0.024674261 -0.017848015 0.012034425 0.0014297622 -0.047415603 0.00957129 -0.014160495 0.03082731 0.05159543 -0.048269644 -0.027271604 0.00023207451 -0.011699442 -0.023914993 0.038184635 -0.021456452 -0.016072603 -0.025616284 -0.08124691 -0.05058519 -0.06882741 0.076078154 -0.045987014 -0.009103531 -0.051851228 -0.05476518 -0.009522713 -0.049732383 -0.011976784 -0.007816412 0.019132273 0.014259487 -0.012295753 0.051153067 0.052373376 0.017725846 -0.016001338 -0.021042954 -0.049685635 0.031758737 0.032841362 -0.01982241 -0.024004312 -0.010138599 -0.017162507 -0.039316863 0.012047954 0.008721866 0.06953678 0.07212831 0.082331516 0.066206865 0.07203738 0.07296323 0.092333876 0.033994343 0.07655471 0.0026911492 -0.019589974 0.031715143 0.053177074 0.052853018 0.0064604557 0.015869476 -0.0779069 -0.01660784 -0.042353284 -0.03540152 0.015584583 0.0073979604 -0.008402698 0.023842009 -0.019557899 -0.0036044978 -0.07168514 -0.033567138 -0.1103271 0.0037852076 -0.045084145 0.10565168 0.12325405 0.14460549 -0.019619538 -0.13530982 -0.19619858 -0.006069227 0.07656708 0.07514894 0.07263935 -0.04125821 -0.10991396 -0.16009498 0.036166787 0.019318497 0.0046543065 0.04698967 -0.09176369 -0.062230762 -0.10057663 0.032180145 0.014896903 0.05841077 8.7435874e-05 0.033117663 -0.0064451937 -0.065368704 -0.008227429 -0.066809915 0.008260444 0.0058289524 -0.009855146 0.022858474 0.008119334 0.07027368 -0.055428617 -0.016502252 0.049066637 -0.0026141373 0.047433965 -0.025982268 0.13166746 0.04330656 0.008107293 0.0063762693 -0.010140934 -0.0505037 -0.10259588 0.02075613 -0.00805551 0.00845797 -0.01077375 0.033991557 0.06246851 -0.029465545 0.07551506 0.013069741 -0.07486111 -0.100954905 0.051880244 0.02618089 0.026844565 0.03358177 -0.09212054 -0.07619119 -0.070051014 -0.053241767 0.07779854 0.035090253 0.013082091 -0.06898316 -0.030721512 -0.0810111 -0.047631677 0.036208596 0.08957168 0.0146161 -0.011967127 -0.028414348 -0.030385047 -0.058638327 0.022439092 -0.030996246 0.04585186 -0.00082668767 -0.022420319 -0.06748714 -0.026875054 -0.0286963 0.0032723069 0.02508188 0.090222254 0.075631015 -0.021936739 -0.08780585 -0.0890231 0.058073208 -0.0036278332 0.00435396 -0.007993844 0.028344853 0.041911922 -0.0064302804 0.04729831 -0.03356784 -0.0056536654 -0.009531217 -0.043987975 0.02145695 0.04427638 0.026807228 -0.03965253 -0.01040503 0.039266307 -0.015866656 -0.005371858 0.06009568 0.0080051 0.0005797805 -0.015637364 -0.017271746 0.05163223 0.0037626442 0.059616916 0.07737925 -0.04321006 -0.013473566 0.047131132 -0.031102853 0.009630589 -0.009421318 0.045166165 -0.019299816 0.013577856 0.046631135 -0.022381874 -0.011648955 -0.02697163 -0.02321445 -0.0015792587 0.007678442 0.01993454 -0.046307698 0.01994134 -0.037406977 0.013784246 
-0.028189097 -0.041638143 -0.03358279 0.043236375 0.05530962 0.021972453 -0.007481519 -0.036075756 0.03827553 0.004969495 0.028835474 -0.05333184 -0.03285869 -0.021724494 0.029594261 -0.026169533 -0.01805161 0.0075727287 -0.016182585 -0.044511046 0.009228122 0.010078686 0.032599296 -0.04276967 -0.029178018 -0.019677762 0.017408397 -0.03010468 -0.0024467455 -0.017660202 0.013494767 -0.030123217 -0.004830987 -0.0066910763 -0.020431956 -0.0048865397 -0.0046720346 -0.034623288 0.0046732267 -0.034978557 -0.005200081 0.03474689 0.0114381965 -0.010602227 0.0009354567 -0.03356524 0.036712322 0.030090885 -0.010196813 -0.009563106 0.04447465 0.0055501284 0.0789196 0.02844205 -0.013918935 -0.041239243 -0.047113854 -0.014170276 0.12141561 0.09928343 0.08380257 0.10791332 -0.031471323 -0.05562984 0.0014099305 0.015652921 0.015024484 -0.011616789 -0.019906504 -0.022773689 -0.04262635 -0.076575585 -0.089905106 -0.066068 -0.15545285 -0.11731654 -0.028538238 -0.1246456 -0.02039365 -0.089408495 -0.024418978 -0.07323839 -0.02535432 0.05146868 -0.09202867 0.024338452 0.052825414 0.018959211 0.08195504 -0.056800384 -0.01166031 -0.020178534 -0.020805305 0.033233717 0.06924866 0.038964007 -0.016931126 0.088454016 0.037061173 -0.018514812 0.045756098 -0.066680886 -0.068756714 0.090029635 0.11561479 -0.019635485 -0.01548365 -0.060721405 -0.055952065 -0.118441984 0.0012305417 -0.05976647 -0.011836688 -0.009900672 0.020118395 0.07235409 0.04327375 0.0069559636 -0.0662753 -0.048949733 0.043162223 0.10780915 0.22455667 0.20297755 0.10848696 -0.084396616 -0.07628373 0.008706591 -0.030697979 -0.008600579 0.02340302 0.0031359454 -0.1020945 -0.08285798 -0.07457667 -0.07604188 -0.1405673 -0.07356201 -0.082447074 -0.09154844 -0.21651295 -0.07952794 -0.1165925 -0.081289135 -0.021552084 -0.119148925 -0.29624426 -0.0100025395 0.050683025 0.03771615 0.023980435 0.0062658745 -0.022940414 -0.01218078 -0.025908403 0.021755196 -0.027954286 0.033821188 -0.00088593236 0.013691571 -0.006339939 -0.00934099 0.055178426 0.059762795 -0.024083305 0.006709896 0.025576059 -0.054695096 0.011894847 0.027467776 -0.03728164 -0.029329624 -0.028338864 -0.023966603 -0.0073449533 0.013169967 0.0142975 0.010984323 -0.056659017 -0.0016376118 -0.030373903 0.023667885 0.030170081 0.002141138 -0.0061913203 -0.01379826 -0.06233079 0.00074524235 0.020652127 0.031001106 -0.016712157 -0.008405409 0.03509297 0.01895102 0.019991916 0.06880526 -0.039706282 -0.08765214 -0.09806549 -0.00172819 -0.09718361 -0.07526787 -0.088412456 0.0054445583 -0.01591991 -0.05809172 -0.017139299 -0.030741757 -0.000527579 -0.0033018386 0.04190223 0.043469694 -0.012120652 -0.025985828 0.058190912 0.019586392 0.032702036 -0.0585388 0.033747204 0.07832621 -0.012021035 0.0051580383 0.045424733 -0.028009402 -0.041205585 0.012617662 0.031195002 -0.07060849 -0.017586254 0.072320536 -0.0071794884 -0.010447466 -0.10347108 -0.025924135 -0.09037079 -0.057147454 -0.025312811 -0.023240432 -0.009363284 -0.0732232 -0.002395827 -0.0019231689 -0.07592816 -0.072513595 -0.0452244 -0.020072332 0.058911093 -0.009953589 -0.114082955 -0.011609009 0.05506116 0.03577445 0.008033265 0.07458065 0.07470258 -0.077274054 0.043941054 0.008285486 -0.0385701 -0.04226952 0.033359688 0.14620897 0.005495217 -0.043158725 0.0046971138 0.016245874 0.0658073 0.017878247 0.1437568 0.11953172 0.026282033 0.031031556 0.026452588 -0.0010970613 0.054414395 -0.026536673 0.047493212 0.041844618 -0.0039641643 0.06716644 -0.0058090645 -0.061135463 -0.08255698 -0.053125743 -0.064763084 -0.04307983 0.032900553 -0.108128995 -0.068478756 -0.052412014 -0.002563915 -0.0039790682 -0.0645224 -0.07102579 -0.031962156 0.03686491 -0.0672639 -0.0747729 -0.05175449 0.045363005 -0.03511759 0.006296814 0.0130807785 0.0040787924 -0.13062796 -0.022624085 -0.016088465 -0.040974017 0.0283081 0.046670895 0.05649467 0.12640163 0.20230478 -0.07956212 -0.025557287 0.06216041 -0.028963773 -0.06202729 -0.0018871845 -0.021061486 -0.011836665 0.026049655 0.15143932 -0.03153852 -0.0584396 -0.008969561 0.035254374 -0.0812738 0.053793684 0.08720925 -0.08657745 0.025440592 0.10126825 -0.08756162 -0.037128784 0.056033086 0.039733395 -0.053731505 0.03236909 0.034624204 0.038822986 0.01605151 -0.052383088 0.009173582 -0.021373859 0.041621435 -0.0445838 -0.048860732 -0.006513751 -0.047518585 -0.053986114 -0.038218543 -0.04034402 -0.0016424262 0.0016640669 -0.01767095 0.03264311 0.008913104 0.040373135 -0.015594843 -0.033634827 0.0074509396 -0.04456386 -0.04673855 -0.032804094 0.02142909 -0.017638287 -0.030862074 -0.050472315 -0.021729782 0.007811918 0.021637343 -0.048628315 -0.04500311 -0.06685639 -0.061603967 0.012549315 0.0010850424 -0.05201656 -0.0012827801 -0.0007828462 0.020429274 0.0050067473 -0.066322036 -0.056767303 0.011161799 -0.0035649347 -0.06702792 -0.001974862 0.030440755 -0.0052583 -0.016592577 
0.014577811 -0.019790996 0.034313902 -0.0389948 0.041394357 -0.013559835 0.01898119 -0.04345868 -0.014573712 -0.030091165 0.044576574 -0.033883326 -0.01689355 -0.046730176 0.027653849 0.042868484 0.009679225 0.013803339 -0.007964456 -0.045568313 0.036130257 -0.015171074 0.06117631 -0.04014027 -0.026087534 -0.011825457 0.02151845 -0.02414963 -0.0024268834 0.05773098 -0.041519254 0.01885866 0.0026645144 0.025943046 -0.049521472 0.03858516 0.0463267 -0.028107798 -0.004343926 -0.019699203 -0.034547064 -0.04206485 -0.017459914 0.029474834 0.0361029 -0.028243056 0.038486723 -0.008274322 0.010914019 0.021522759 -0.05242205 0.029522039 0.02349013 0.09462631 0.021051874 -0.038050666 -0.03323731 -0.03955266 -0.05667927 0.030444918 0.072884664 0.07462975 0.0019179547 0.014370875 -0.026549501 -0.043701936 0.0040269983 0.094310366 0.06231178 -0.03772041 -0.014075217 -0.02254704 -0.017294137 0.07694253 0.08396655 0.030977271 0.022745289 0.01697793 -0.044178396 0.030916441 0.0356499 0.051674154 0.08927066 -0.04084649 -0.099046506 -0.09692883 0.03590112 0.044392515 0.103868626 0.02218248 -0.041096255 -0.10423176 -0.04155197 0.06405301 0.06947683 0.03734983 -0.014284893 0.004313679 0.017048843 -0.0110548735 -0.040766515 0.012975666 -0.06034551 -0.06500412 -0.014052927 -0.03670878 0.0513854 0.032670505 0.0015692099 0.0135026015 0.014017162 -0.0029036207 -0.046643384 0.06905274 0.031657506 0.02359577 -0.028249046 0.031299364 -0.046687424 -0.028684188 -0.004845135 0.0805921 0.06787745 0.026086323 -0.023391189 -0.073695846 -0.009167775 -0.026035327 0.071713574 -0.0024199318 -0.05809383 0.007549897 -0.0139143765 0.037049886 -0.008587562 0.04072568 -0.02410924 -0.03165193 0.045942973 0.06238327 -0.017507201 0.056360435 0.0051436997 -0.044648364 -0.030738454 0.030030983 0.042077318 -0.011913852 -0.038835887 0.0073172958 0.03847216 0.021827534 0.053518392 0.071244545 -0.022291401 -0.021350378 0.008664865 -0.02653289 -0.068856 0.012244972 -0.029132936 -0.026645083 -0.030935818 -0.044367693 -0.06339449 -0.03300854 0.06412734 0.028835913 0.024619753 -0.05169254 0.0071403296 -0.01140454 -0.00016427979 0.027991392 -0.009747395 0.022117184 -0.07551928 -0.02379611 0.0684873 0.08936294 0.013278373 -0.07088449 -0.017784333 -0.009299287 -0.038854387 0.029774936 0.07787638 0.015203038 0.008982821 -0.03447198 -0.03722215 -0.011542125 0.017275492 -0.023691792 -0.027527653 -0.0020063517 0.0029067614 -0.029106373 0.04669291 -0.024685208 -0.029505806 -0.05306882 0.06647108 -0.0018001423 0.0016419638 0.017786056 0.055682864 -0.018530346 0.024980366 0.031428065 0.012839689 -0.021792552 0.041928366 0.045286126 -0.006561238 0.04753561 0.03517207 -0.057647184 -0.034522448 0.014199443 0.034387704 0.045955796 0.036410592 0.040960003 -0.04178297 0.040037673 -0.0011814355 0.027877437 -0.061408255 0.0076857354 -0.0687795 -0.06530949 0.017143568 0.011072867 -0.04971436 0.003364363 -0.015356562 -0.009412293 -0.06085775 -0.029763823 0.037525445 0.028651094 -0.02932148 0.054052625 -0.025746103 -0.046764027 -0.07121378 -0.0010937906 0.021980252 -0.056176078 -0.013912049 -0.04355556 -0.010725307 0.048883237 0.016218271 0.06727358 -0.058650244 -0.077572204 -0.05805349 0.010516642 0.0616776 0.049561687 0.024100795 -0.095254906 -0.07114118 -0.009401713 0.0062761786 0.07356715 0.07356377 -0.008173742 -0.0618356 -0.014043413 -0.015448587 -0.025518429 0.00039804308 0.026638327 0.012025231 0.007990206 -0.020185871 -0.034297753 -0.019590564 -0.0037192865 0.027288498 0.023815198 -0.04804853 -0.0068056034 0.017993944 0.014045974 0.07852095 0.07629694 -0.0264541 -0.061158676 0.0077473368 0.009180916 -0.05818959 -0.009255691 0.051504493 -0.015307109 -0.07126898 -0.046021152 0.00032453288 -0.0469062 0.03115217 0.07481386 -0.07577297 -0.04391714 -0.060741168 -0.025396405 -0.118226215 -0.032104634 0.015320455 -0.05573119 0.014012119 0.0330023 -0.045794968 -0.09678619 -0.09349104 0.00097195484 -0.012890728 -0.03483555 0.0020116183 -0.046329774 -0.050785173 -0.09212008 -0.019799974 -0.0614046 -0.02463956 -0.020910546 -0.006275232 -0.0010925839 0.016236972 -0.017373307 0.039191127 0.011557545 -0.0536734 -0.0110279005 0.1140617 0.08449058 0.035256043 -0.03223684 -0.026829487 0.006049188 0.035980772 -0.024051376 0.0028934996 -0.020069404 0.0047016786 0.025553841 0.03435231 0.046423826 -0.027704246 0.018157704 -0.014659293 -0.033624586 -0.010465434 0.04171719 -0.013523629 0.009507827 -0.016510986 -0.008236977 0.010007208 -0.02209543 0.03557368 0.042479943 0.044824984 -0.04268541 0.021593632 0.044107698 -0.020446353 0.02834003 -0.0019054275 0.011755713 -0.004199589 0.0221171 0.037565097 0.030550828 -0.0380361 -0.04197286 0.0024885964 -0.041268297 -0.014693325 0.017538132 0.00517492 0.011064788 0.022546673 0.022597147 -0.0049880636 0.017293813 -0.04946895 0.0020538492 0.026660256 -0.04726696 
0.03215201 -0.04495863 -0.040728923 -0.019054914 0.04430452 0.007002015 -0.029139154 0.03171033 0.020996764 -0.0012296953 -0.018936848 0.02292917 0.044554565 0.019709004 0.036636427 -0.055122975 0.04333905 -0.019292649 0.00038662643 0.046555985 0.0036526255 0.036561638 -0.003253513 -0.04765556 -0.04748485 -0.012254113 0.01836919 0.027722115 0.02309549 0.018126318 0.008766613 0.003160439 -0.043390047 0.04899136 0.03866632 -0.03466388 -0.004576461 -0.03118882 0.024761887 -0.032029185 -0.03953376 0.013002447 0.053629253 0.017347738 0.03368021 0.029977715 0.03373892 0.039376717 -0.043931454 0.002975529 0.034100246 0.022926351 -0.012511552 0.05609309 0.017873153 0.01555949 -0.021478768 -0.007828974 0.0117513 -0.123561546 -0.01732941 -0.033806056 0.017098151 0.0096987225 0.014146947 -0.057822343 -0.17733857 -0.0579973 0.04743705 -0.0056184013 0.032797202 0.054636456 -0.08401381 -0.18743557 -0.15909156 0.021515101 0.041909583 0.09014687 0.05760366 0.06542887 -0.010187571 -0.022635575 0.10729313 0.09322243 -0.05052689 0.06761638 0.10304218 0.047541406 0.09860619 0.10665154 0.026201231 -0.06802871 0.024748819 0.05456766 0.015617357 0.011544067 0.032857772 -0.022810537 0.034215968 0.04584243 0.007689895 -0.010577039 0.024033304 -0.041833095 -0.014726158 -0.009340506 0.018910937 0.03267728 -0.032020874 0.012733809 -0.06806039 -0.07835879 -0.053816848 0.016374871 0.038109314 0.063804924 0.031217165 0.07512973 0.014015668 -0.07360013 -0.024754869 0.10029343 0.0758651 0.07006098 0.00224113 -0.050902624 -0.05466011 0.0362224 0.0513993 0.02285968 0.025341917 0.0514249 0.00074401556 -0.0015385957 0.023144295 0.044064872 0.006353457 -0.029266212 0.026225979 -0.05090729 -0.16656102 -0.008125205 0.042422082 0.09750831 0.049483173 -0.027961943 -0.093140155 0.030843526 0.031010289 0.02934019 -0.012702184 -0.054515664 -0.009737227 0.059866056 0.0011355199 0.036170848 -0.018528786 -0.049065657 -0.02182348 0.039028008 0.042789917 -0.0014825102 0.040039048 -0.022985993 -0.08168758 -0.03574754 -0.007538667 -0.03261207 -0.0077210423 -0.02775284 0.025693208 0.024418741 -0.05310965 -0.019407379 -0.052258413 0.01705799 0.014683644 -0.0006171184 0.050394174 -0.010398503 -0.05833863 0.008013178 0.013127263 -0.014994378 -0.011193422 0.03885836 0.014832808 0.024395699 -0.013053009 0.020622464 -0.008525932 0.037322327 -0.006256267 -0.035076346 -0.003865165 -0.058511473 0.02154437 -0.04639999 -0.0025315979 0.024020039 0.04279343 0.0042477464 0.038567178 0.018882507 0.04162531 0.027588354 0.02800429 0.02352067 0.13336715 0.042033453 0.07082513 -0.0032235878 0.0081134075 0.0075271814 -0.0026539017 0.07335945 0.088565335 -0.03766367 0.018888252 0.015390891 -0.003565219 0.007671771 0.0117461085 0.00243531 -0.04169742 -0.035341997 -0.047222313 0.023372661 -0.04764332 -0.036269806 -0.02262494 -0.07370635 -0.047864392 -0.036986507 0.02544778 -0.012531835 -0.079307735 -0.0693413 -0.051905867 -0.016362939 0.017258862 0.040372692 0.008092672 -0.007915621 -0.024371855 0.0044162376 -0.0012588564 -0.06637254 -0.024005745 -0.080304556 -0.03326147 0.036194064 -0.01649943 0.0076513407 -0.017390404 -0.11620239 -0.08419097 -0.013960129 0.012961127 0.008960909 0.1196622 0.060839705 -0.077031314 -0.06509195 0.036577765 0.0071525164 0.0044296193 0.09347131 0.05930035 -0.12410704 -0.09959501 0.08193211 0.07096402 0.008583338 0.04247435 0.07949244 -0.0303299 -0.01602165 0.020591315 0.041220173 0.0061387056 0.05715655 -0.04700144 0.042350803 0.08139201 0.022808855 -0.0017076527 -0.11876013 0.05455534 -0.01254409 0.05082593 0.07707489 0.035545617 -0.077823974 -0.058252715 -0.013195511 -0.03348573 -0.08484443 -0.0025920905 -0.049473748 0.015297781 -0.045807973 0.020970616 0.0053286 -0.085874096 -0.056669362 0.05446422 -0.02598096 -0.009828356 0.13448384 0.020109048 -0.052194815 0.03312888 0.014660424 -0.07916096 0.0025977842 0.039914314 -0.008881875 0.022917919 0.09336136 0.054954447 0.019393485 -0.0008878774 -0.022144163 0.052515533 0.054886896 0.006729023 -0.06944966 -0.08791382 0.0055560987 -0.02371853 -0.010214517 -0.053957995 -0.071046814 -0.059872843 -0.1017122 -0.050829563 -0.10801005 -0.12536266 -0.094634034 -0.12708125 -0.035843864 -0.12705414 0.050458446 0.019421455 -0.010048967 0.03953673 0.019885313 0.04914466 0.012784825 -0.045454264 -0.019692771 0.025925316 0.00947551 0.040678542 0.00054883683 -0.04233196 0.010184927 0.008208455 -0.030374892 0.022126121 -0.0103065055 -0.03211336 -0.036889598 0.01468659 -0.021715831 0.054427348 0.023158899 -0.0018728377 0.030789193 0.014320894 0.038900822 -0.04036131 -0.015148575 -0.012234396 -0.0014494064 0.04214072 -0.053266402 0.03121983 -0.031448912 0.050673727 -0.04669188 0.038716298 0.008590584 -0.017858973 -0.017900538 0.007862952 0.012904398 0.03295097 0.036642503 -0.042532597 0.022210287 
-0.018085686 0.017922767 0.041511312 0.046256617 0.041311555 0.046035867 -0.018446902 0.017746009 -0.03071196 0.019681757 -9.205979e-06 -0.016721722 -0.016824229 0.035043504 0.0069596577 -0.004600484 -0.050678905 -0.057166062 -0.019673055 0.034060854 -0.04281691 -0.0058732815 0.04306118 0.026412386 -0.061638005 -0.035673793 0.024071153 -0.0030044012 -0.039905287 0.0077765654 -0.01639073 0.023251668 0.03439441 0.01751414 0.030445509 -0.046276674 -0.04014262 -0.022877181 0.010557357 -0.019163117 -0.025330687 -0.0032646565 -0.015657527 -0.037552033 0.015065768 -0.00447492 0.031795792 0.043339044 0.026122738 -0.038769506 0.060663715 0.059844818 -0.020818138 -0.0041745203 -0.03354183 -0.045364153 0.01569134 0.045444377 -0.07464834 -0.03701488 -0.042283077 -0.045982044 0.059648722 0.001930102 0.05409125 -0.004741775 0.017858695 -0.06785036 -0.0811954 0.017031716 -0.062872715 -0.10301665 -0.04049148 -0.06668256 -0.08151026 0.0116264615 -0.12895072 -0.069109246 -0.16537057 -0.06655048 -0.07170396 -0.043888148 -0.057272647 -0.14647502 -0.018598204 -0.09492222 -0.08782451 -0.084936015 -0.056702476 0.036947113 0.11204784 -0.005109052 0.048278015 0.081021324 0.059578035 0.13598983 0.18970661 0.30564246 -0.11193029 -0.02478854 0.0034316056 0.045183953 0.023114676 -0.032313466 0.032587755 -0.05845481 -0.0005002649 0.039293796 0.0009912672 -0.011217377 -0.0005830902 0.013042821 0.0007131717 0.03677926 0.018580206 0.02314394 -0.04397909 -0.011337637 -0.024050223 0.04541984 0.13918316 0.026627578 0.056269716 0.032265652 -0.004034515 -0.07826777 -0.057134256 0.019903656 -5.7890535e-05 0.011970282 -0.008035966 -0.124857225 -0.16559476 -0.07958916 0.0462352 -0.040220242 -0.041241817 -0.07242439 -0.029656556 -0.028158098 0.003248065 0.008658515 0.07641067 0.06476179 0.14867292 0.116347216 0.10940361 0.0026508558 -0.013488608 0.016585445 0.0026169252 0.01819004 0.026437113 -0.040466785 0.058364976 0.0016428345 -0.046792872 -0.054236345 -0.0842763 -0.037072223 -0.04691946 0.0049838456 -0.012973935 -0.0032691814 -0.021474514 -0.034777187 0.00029668046 -0.027779339 -0.053749338 0.05161441 -0.0020502557 -0.029215999 0.036957398 0.028803188 -0.027797317 0.027000122 0.04347609 0.028253717 -0.018465247 -0.06299886 -0.041076638 -0.028852014 -0.030013783 0.053612404 -0.026933651 -0.030057676 -0.0062623154 0.039705377 0.0083099 -0.076825045 0.026508363 0.009308436 0.0064163636 0.022880536 0.042295434 -0.020315452 0.06574199 0.04967612 0.043884367 -0.061608158 0.033963017 0.04070055 0.04512497 0.03475178 -0.0018434426 -0.025005585 -0.10428559 -0.031978205 -0.103984505 -0.06478258 -0.09005535 -0.07604998 -0.068388 -0.02179742 -0.020229075 -0.02315043 -0.06399797 0.041003518 0.020493988 0.1358562 0.020783773 0.010151097 -0.034185108 -0.018440299 -0.0017177117 0.021952758 0.08890188 0.066369906 -0.010722382 -0.02537192 0.030549416 -0.018594638 -0.046958074 -0.07925698 -0.051023137 -0.08317042 -0.052386146 0.017388651 -0.016409954 -0.028086735 -0.029810308 -0.016127331 -0.0572435 -0.055818453 -0.082760446 0.05492809 0.10064392 0.026281254 0.08157188 0.054222345 0.064573295 -0.015657365 0.056067634 -0.020532181 -0.07142481 -0.0933917 -0.078757614 -0.038024083 -0.037534732 -0.012275709 0.009089489 0.012958486 0.010168264 0.014499959 0.045017157 -0.06412105 -0.090433225 -0.007925088 0.0065311333 -0.020929681 -0.05147837 -0.0717313 -0.2164825 -0.06922645 -0.01892219 -0.0018278024 -0.08371172 -0.080998376 -0.107055664 -0.13262275 -0.01040106 -0.04661217 -0.026393527 -0.026563631 -0.025284136 -0.0156299 0.09666161 0.036681768 -0.008063485 0.072358996 0.10624997 0.24638855 0.14500523 0.12819515 0.0039513903 -0.028949762 -0.021688694 -0.069036916 0.075043395 0.09800135 0.054982323 0.053424284 0.01829011 0.029538142 -0.020551845 -0.01721371 -0.0113199465 0.025140049 0.035783313 0.08343652 -0.020814056 -0.01027939 -0.048087083 0.10997378 0.009815599 -0.023382625 -0.014690177 -0.045829467 -0.055493258 0.00032913618 -0.13057746 -0.015193675 -0.10068272 -0.00045935516 -0.03808877 -0.012208582 -0.025624918 -0.06168112 0.0010358393 -0.08637427 0.068664275 0.02862619 0.04451303 0.14053851 0.21762682 -0.05819776 -0.05460226 0.022273026 0.061252262 0.021901894 0.021325232 -0.11642286 -0.3234971 -0.02286802 -0.03762372 -0.031744245 -0.0127224885 -0.055521015 0.029078022 -0.044612546 0.04894907 -0.035184424 0.0067277965 -0.04120536 -0.021831267 -0.003291665 0.023524113 0.03536548 0.05963521 0.053682007 0.037066225 0.017364573 0.0421324 0.020457115 -0.026854355 0.029118951 0.08783863 0.029835137 0.004390673 0.0024188661 0.03641154 0.0151777705 0.078380376 0.10123296 0.041555908 0.00096668553 0.048995346 0.012980103 0.04162257 0.05598591 0.013037384 -0.0076593375 0.04208819 0.054186504 -0.017977022 0.046618745 0.032881845 0.05713699 0.064655736 0.050159868 0.049036756 -0.0008581501 
-0.002217794 0.015678719 0.05014154 -0.014736353 0.040586174 0.023377625 -0.0038725578 -0.04560837 0.0032122373 -0.02401174 -0.015425906 0.044023473 -0.035177168 -0.023892902 0.022512704 0.025670867 0.036239654 0.016621068 -0.019654721 -0.030164579 0.012452358 0.0058574434 0.012168145 -0.028928252 -0.024034323 -0.046962444 -0.013272303 0.029373936 -0.026678476 -0.02898546 0.04098628 0.026791709 0.01677703 -0.0040335176 0.017789252 0.022741219 0.026974304 0.011486442 -0.021025067 -0.028776053 -0.020665444 0.014262356 -0.014270657 -0.049532194 0.02493603 -0.055334747 -0.05087972 0.018386927 -0.03784406 0.06029201 0.04360461 -0.051486105 -0.0055569704 0.008260586 -0.038179968 0.03974955 0.014329254 -0.06362039 -0.042938564 -0.023744427 -0.047840483 0.015370158 0.02897308 -0.052838635 0.02591592 0.010071143 0.09631782 0.025358563 -0.053342506 0.026634132 -0.039469816 0.05773041 0.09700951 0.16637027 0.08565884 -0.048111036 0.024159273 0.012758232 -0.064669535 -0.014789094 0.04552752 0.016369356 -0.040267605 -0.018928222 -0.002841943 -0.019682903 0.005554948 0.05412739 0.043724358 0.037291348 0.047544092 0.0010706661 -0.09129027 -0.093831584 -0.058303777 -0.018008726 -0.045276802 0.09349175 -0.045853563 -0.003014245 -0.009250885 0.03404756 -0.026397655 0.027168477 0.03611048 -0.14256613 0.06531321 0.085006006 0.050205108 0.04543174 0.026101133 -0.058835637 -0.0770207 0.051280007 0.0695175 0.099372454 0.056567345 0.14623502 -0.04536517 -0.06088201 0.09058861 0.17143472 0.18611702 0.111964434 0.151776 -0.076918915 -0.12606147 0.061614677 0.03287901 0.028700972 0.015017889 0.051811438 -0.107096866 -0.11224371 0.012012352 -0.049622692 -0.043246005 -0.0011654793 -0.02460745 -0.16598116 -0.16874938 -0.09259653 -0.050638944 -0.07988474 -0.09278878 -0.09924359 -0.1925937 0.050298534 0.043623857 0.0009370803 -0.0028071296 0.0050185435 0.037598588 0.0061171586 0.046510134 0.013289729 0.022769542 0.031989295 0.009397772 -0.011097691 -0.0029560144 -0.013125847 0.014261481 0.033545554 -0.017135149 -0.026926164 -0.06931362 0.0039548865 0.032662753 -0.017182656 -0.067142434 -0.0059816404 0.009675762 -0.03349889 0.010401171 0.071303345 0.013133062 -0.017211707 -0.00015008143 -0.0190022 -0.06228497 0.010002865 0.030278105 0.011857376 -0.008477538 -0.043927442 -0.017029468 -0.0071492083 0.04716658 0.02693987 0.010728299 0.00034421025 -0.03359065 0.042235855 0.025520714 0.042140357 -0.01279318 0.023865093 0.06515476 -0.035043735 -0.020637596 -0.019005544 0.056745585 0.017824236 -0.039907515 0.0031093287 0.012051057 -0.031221401 -0.0013731548 0.012719813 0.028326973 -0.0484333 -0.03842118 -0.05235503 0.049163364 0.018119434 0.059941936 0.009052392 -0.040951885 0.02483674 0.00865445 -0.015864614 0.042613436 -0.0074724266 0.012560754 0.04760858 0.071820594 0.0054338346 0.009492115 0.07924858 -0.006089406 0.027639171 0.036212653 0.04712671 0.056630313 -0.008378815 0.030338151 0.046340022 -0.027484987 -0.0281484 0.037111066 0.019047167 -5.9365953e-05 -0.050811116 0.017526934 -0.0048012724 -0.023763705 -0.04541555 0.05516543 -0.042979613 0.042746834 0.052304767 0.014927196 -0.00940073 -0.039862413 0.014785494 0.015600278 -0.020598363 -0.044350125 0.05264249 0.03571693 -0.093559936 -0.0046503614 0.03510747 -0.047096044 0.06537586 0.038567107 0.037159383 -0.058211423 0.039449785 -0.0047726766 0.044277553 0.06505989 0.073730245 -0.013369668 0.0042240317 -0.017994964 -0.006932278 0.026658297 -0.015966006 0.0013774034 -0.06727512 -0.10487682 -0.031237336 -0.106901415 -0.08320801 -0.0027499069 0.11576257 -0.046873108 -0.01616382 0.031399816 0.03336276 -0.014755981 0.019886527 -0.0045183557 0.06158674 -0.0066806437 -0.008405613 -0.028494248 -0.01595258 -0.064700656 0.009439791 -0.051335853 0.025021153 -0.005938451 -0.04526143 -0.012344374 -0.055739317 0.0351499 0.0033398392 0.056633733 -0.10778474 -0.0021842795 -0.034094244 -0.033367936 -0.013673679 -0.0016471125 0.08730885 0.05267588 0.01865348 0.07676734 0.0057245465 0.05158948 0.09717863 0.1043926 -0.026285116 0.07902733 0.110006794 0.038097326 0.036127433 -0.010019381 0.023413971 0.025969055 0.0015578639 0.0007673421 0.07903322 0.060094215 0.012202893 0.0037384287 0.03027717 -0.0075731813 0.002249866 0.09616413 -0.0016838725 0.0029755307 0.03419207 0.01896673 0.0648604 0.027835619 0.034773365 -0.058228254 0.03266587 0.042858575 0.012280045 0.0502341 -0.030125821 -0.020129904 0.016332557 -0.045806207 0.033478916 -0.019830056 0.041060925 0.014639802 -0.010234808 0.0025864393 0.0042165373 -0.02933531 0.042007163 0.016122013 0.03830545 -0.044320684 0.017591637 0.024248458 0.031040287 -0.026788676 -0.036355678 -0.02287772 -0.019213237 -0.064276576 -0.0746315 0.011848137 0.00012582395 -0.012868377 -0.042655595 0.002185489 -0.031360462 -0.057545774 0.0027770416 -0.043525428 -0.020131858 -0.013974031 -0.057306077 
0.045982134 0.005166622 -0.020191755 0.037483886 0.046833035 -0.026699519 -0.034512088 -0.04558299 0.00734619 0.04009177 0.03601993 -0.026172489 -0.03549151 0.010376341 0.058703803 0.0029170327 0.029422363 -0.04350517 -0.026244767 0.023331549 -0.0080985315 -0.002074746 -0.052680362 0.017473059 -0.06198037 0.0235175 -0.0029598817 0.037570324 -0.010674738 -0.045003224 -0.034846473 -0.028074415 -0.027417084 -0.013156644 -0.021516385 -0.0020357757 -0.011096475 -0.0061383755 0.0050407224 0.016467288 -0.019185197 -0.007558211 0.034955695 0.00788645 -0.04250353 -0.030546345 -0.020832926 0.005019182 -0.049947675 -0.087887116 -0.086963385 -0.061617736 -0.07570231 0.005835662 -0.003222925 -0.009815089 0.05816575 -0.034075562 -0.0037815985 0.0047563426 -0.027515925 -0.006866621 0.024053812 -0.0042153737 0.036633343 -0.009321941 0.038846634 0.05591081 0.020008605 0.05878669 0.022296434 0.14573169 0.0801251 0.10557488 0.08031536 0.075737365 0.17560488 -0.0706684 0.055031624 0.08505795 0.09922264 0.14606158 0.03178282 -0.0028894038 -0.054735973 -0.2001534 -0.099385984 -0.03226898 -0.09552899 -0.26777744 -0.23190394 0.06280786 -0.17032795 -0.29672146 -0.3476378 -0.36235285 -0.22375003 -0.08480114 0.004608509 0.036961984 0.06278583 0.0058635646 0.009660377 -0.013000432 -0.022868797 -0.021298397 0.011580802 0.01995625 0.06640093 0.020577718 5.357305e-05 -0.05332632 -0.031333126 0.01636233 0.025383526 0.043619886 -0.009450982 0.034837823 -0.09176777 -0.055931233 0.036828987 0.014261168 0.046914898 -0.009926315 0.11861978 0.005816237 0.006447537 0.1482532 0.07449003 0.08985976 0.08687442 0.2296244 0.009677475 -0.103743926 0.043100372 0.043930672 0.024477549 0.046114206 0.02778557 -0.105303414 0.011352304 -0.04657036 -0.016800057 -0.055068906 -0.069436334 -0.07901841 -0.061356135 0.01701081 0.012494387 -0.017010234 0.048460774 -0.037985414 0.0033393863 0.040966276 -0.023058796 -0.041149724 -0.020518018 0.025515035 0.04776683 -0.0064755706 -0.002706033 0.04719898 -0.0018371372 -0.0016154333 -0.08151516 -0.040487472 -0.02007393 0.010487551 0.032229993 0.006198746 -0.022075238 -0.0033773934 -0.067147724 -0.011869133 0.052309282 0.03932452 0.08079915 0.07784252 0.045064177 0.08838956 0.06605858 -0.025866805 -0.006302858 0.009094152 -0.0050314562 -0.016406996 0.008794564 0.01770577 -0.04068542 -0.09295175 -0.0978154 -0.09264944 -0.13782457 -0.08130772 -0.087437004 -0.029491093 0.01863603 0.056283012 0.07686638 -0.016356692 0.063418046 0.057969797 -0.0038766745 0.0075341216 0.010744467 -0.06628413 -0.0010763704 -0.09201335 -0.046504084 0.06348318 -0.020393506 -0.070082925 -0.10153402 -0.09232207 -0.062289942 -0.05676783 -0.0401101 0.051154632 -0.02893048 -0.06542344 0.0341759 -0.02434859 0.025100326 -0.011552715 0.029474793 0.07505412 0.15666264 0.15024915 0.10815884 0.09497823 -0.1103604 -0.029741008 0.09306411 0.07943447 0.12525545 0.08362048 0.0723873 0.011417237 -0.062381156 -0.10357395 -0.14516392 -0.058815584 0.0018635602 -0.029131254 0.03316618 0.001106777 0.0014849419 0.08300552 0.00616132 0.08151855 0.012993478 0.031096758 0.08540957 -0.013212656 0.011472584 -0.087650515 0.016224027 -0.00062774547 0.10616452 0.07321106 -0.018140553 -0.04209375 -0.1571067 -0.0811339 -0.06285408 0.08189604 0.14283815 0.044110265 -0.004968306 0.02131462 -0.010673667 0.009827456 0.1987666 -0.008467467 -0.006663703 0.026396513 -0.042519495 0.015225295 0.029276999 -0.09907102 -0.06609187 -0.08294756 -0.08339968 -0.07128232 -0.14209375 -0.24187972 -0.2467444 0.13558279 -0.120814435 -0.1947547 -0.25896296 -0.27979636 -0.09818937 0.06521165 0.0021118764 -0.015359411 0.12126451 0.08004913 0.01718727 -0.019363496 0.010367082 0.04997927 -0.030609282 0.05708495 0.09805054 0.0036263352 0.0007618161 0.012036901 -0.0068893824 0.0872488 -0.0007434014 0.10180686 0.021806624 0.07803806 -0.0014942017 0.0707377 0.11896614 0.028000694 0.022381866 0.10012011 0.15048736 -0.03247578 0.024550062 0.08924612 0.031838704 -0.03321384 -0.021782476 -0.014804618 -0.0999087 -0.07794754 0.050175305 -0.022240419 -0.15990382 -0.19132291 -0.10028314 0.08733805 -0.03240555 0.066808134 -0.058161322 0.031030538 0.023008782 0.13130876 0.11495034 -0.04017847 -0.0011879624 -0.024721015 -0.0063952287 -0.008818024 -0.033576593 -0.046734825 -0.049429953 -0.02928393 0.03471763 -0.0051038414 -0.009809089 -0.004425806 0.040123206 -0.016400332 -0.01277581 0.04618915 0.05251629 0.010515468 0.0013461234 0.04184188 -0.03194584 0.03333126 0.034718446 0.038572498 0.09841613 -0.009286123 0.045417055 0.01909519 0.0057292273 0.02708593 0.05016584 0.11322411 0.049977873 0.045324538 0.019245757 0.058971204 0.052879866 0.03655379 0.070922494 -0.02666453 -0.02079335 -0.0106220525 -0.016941367 -0.022757128 -0.028957969 -0.023123225 0.009833582 0.013624173 
0.018529892 -0.0027591009 0.0051105483 -0.029418062 -0.008621433 -0.010087864 -0.04712654 -0.014753218 -0.0349691 -0.027656313 -0.0262937 0.018128594 -0.0036801042 -0.010969422 0.042258125 0.052243706 0.011634097 0.04504373 -0.02021531 0.018004311 -0.024828596 -0.006839494 0.046347827 0.04391559 0.041739732 0.03621549 0.047093123 0.039817672 0.026669376 -0.029412922 0.012379355 -0.036173437 0.043477464 0.003960228 0.010606535 -0.003950178 0.01723891 0.044923916 -0.039898574 0.038310155 -0.007819298 0.007197046 0.006494344 -0.019240467 -0.036589522 -0.029369457 0.0050042975 -0.0071324687 -0.025501728 0.03954501 -0.046903912 -0.008700621 -0.0554793 0.0017462336 0.018093795 0.11590654 0.071618184 -0.018534584 -0.07257547 -0.0054687946 0.019586772 -0.03295064 0.044566706 0.050116055 0.018621815 0.02140757 0.056313455 -0.03638041 -0.054231815 0.042919733 0.024894683 -0.02071525 0.03338492 0.029503524 -0.00579184 0.029555019 -0.003899521 0.044686735 0.059550025 0.04898787 0.026979007 -0.025526067 0.07990233 -0.00061804196 0.059244 0.062205676 -0.004418503 -0.03644047 0.024423556 0.007751541 0.033174843 0.026413245 -0.041888937 -0.072509214 -0.0409567 0.02707 0.07576878 0.013088762 -0.0802679 -0.05577516 -0.0074470695 0.010369818 0.008423086 -0.04226399 -0.11191361 -0.046599336 -0.0066910298 -0.021646513 -0.13303554 -0.022745207 0.01367252 0.048339758 0.0673609 -0.09206856 -0.15914273 -0.13793626 -0.09606434 0.081475556 0.05816286 0.11414818 -0.058463193 -0.19853747 -0.16755684 -0.05813239 0.13724963 0.11073433 0.000525151 0.0068441452 -0.05091809 -0.14245835 0.02682947 0.08747131 0.015441233 -0.035479214 0.026022984 -0.009746065 -0.021278003 0.026689773 0.08754005 0.017627308 0.018829152 -0.058681946 -0.047228772 -0.043111432 0.031039156 0.02517484 -0.004548643 -0.06421819 0.035262316 -0.024756089 -0.081407376 -0.0642257 -0.061076164 -0.008810795 -0.004489523 0.0011029586 -0.021837594 -0.03559167 0.03344043 -0.06435333 -0.01667992 -0.073972024 0.018072218 -0.018321142 -0.0007780226 -0.030509137 0.026134104 -0.008096055 -0.028034665 -0.012523087 -0.03685765 0.021016307 0.023361536 -0.09156954 -0.040394343 -0.055591967 0.024429828 -0.007122015 0.0314332 -0.0042744162 0.029309299 -0.045937292 -0.042157326 -0.023390714 -0.0074091675 -0.06546174 -0.019980365 -0.05399648 -0.045350324 -0.05531761 -0.06273174 -0.004003131 -8.6323096e-05 -0.07689085 -0.028441262 -0.005540459 -0.04280519 -0.0020430356 0.05298703 -0.05237151 -0.08184095 0.010456395 -0.0695607 -0.012913861 0.034057077 0.0004870587 0.030643743 0.01569378 0.012427348 -0.048496526 0.0066037085 0.049657222 0.043175936 0.030934127 0.018240064 -0.042433903 0.012846277 -0.025718974 -0.044159994 -0.043263845 0.017470555 0.024865478 -0.019424293 -0.010588039 -0.030498039 -0.029197177 0.04840748 0.0298591 -0.022869276 -0.05457298 0.014612006 0.0023671694 -0.031600937 0.031535033 0.054993853 -0.023168987 -0.035816718 -0.07432371 0.022713007 0.04422239 0.053380866 -0.0027660555 0.045200635 -0.044912532 -0.050258655 -0.024463728 -0.05451674 -0.033415604 0.014919707 -0.03849482 -0.05793876 -0.048125073 0.06399915 -0.029190859 -0.07756595 -0.013961733 0.0027033335 -0.000717002 0.120529026 -0.0010191898 -0.048057795 -0.10927777 -0.12968384 -0.038823634 0.07566469 0.1337695 0.040714066 0.052985486 -0.09548094 -0.08654992 0.038199577 0.026279476 0.10611453 0.026198767 0.0362725 -0.012648911 0.047363658 0.080783285 0.0316987 -0.05227905 0.025923956 -0.013318847 0.0017637922 -0.0059081144 0.11135318 -0.008389688 -0.042183004 0.011562916 -0.018920153 -0.061557934 0.0032082999 0.02613765 0.077924155 0.042471632 0.055836126 0.019360863 0.027535371 -0.022620998 -0.02862819 0.011214746 0.07141296 0.013012494 0.0034648313 -0.04570293 -0.00022632818 -0.008422135 -0.03386553 0.021965358 0.03382424 -0.0072660083 0.01045604 -0.019524692 0.052211862 -0.047329865 0.06405346 -0.019698605 -0.023039168 -0.006841387 0.10076726 -0.0100939 -0.104268774 -0.01825901 -0.029485013 0.0447598 0.022080332 0.007499739 0.022457855 -0.047492974 0.06481317 0.11591933 0.041815154 -0.024546966 0.015791055 -0.0032353082 0.05811053 0.09782309 0.010290139 0.009872482 -0.019571327 -0.05783189 -0.08874354 0.11106091 0.12386231 0.015792899 0.041611027 -0.065325916 0.024347344 0.02576405 -0.056071214 0.03558864 0.00046905654 -0.05034106 0.002522955 -0.055407815 -0.036792923 -0.024681699 -0.014455649 0.013333162 0.02462355 -0.040419437 -0.043217562 -0.045246452 -0.052666865 -0.057038393 -0.06608707 -0.0057857134 -0.040713847 -0.050996207 -0.021646423 0.00665863 -0.0026916622 0.0067564137 0.028347218 -0.05466495 -0.078332126 -3.6490692e-05 -0.046237998 -0.05198873 -0.011343605 0.019590402 -0.048161544 -0.018787753 0.015455497 -0.04986172 -0.0028260304 -0.007951395 0.0027665847 0.020007985 -0.017342187 -0.038728755 0.029223006 -0.041427188 
0.0381929 -0.021382315 -0.026598275 0.03395526 0.05535961 -0.0028141318 0.011690347 -0.010616502 -0.05719442 0.036128182 0.0026451724 -0.018200597 -0.009402577 -0.011751386 0.01182756 -0.04350947 -0.038008668 0.033286307 -0.03945067 -0.007990376 -0.006776081 -0.011221474 -0.01732508 0.050989214 -0.037132315 -0.021107199 0.029185819 -0.04645189 0.044091098 -0.02598931 0.016607495 0.051192075 -0.02602839 0.015663141 -0.025909629 -0.010787585 0.011797926 0.04852607 -0.03820144 -0.030466102 -0.0056783836 0.031202443 -0.033281703 0.047756843 -0.021887682 0.020776747 0.00090975995 0.008106393 0.00091389753 -0.012871232 -0.03426086 -0.008490947 -0.08515675 0.0046932716 -0.052412707 0.0005869381 -0.020268567 0.0155418385 0.034329228 0.016950265 0.049859874 0.010909967 0.0044871103 -0.039857637 0.033390462 -0.020109128 -0.066885546 0.017219251 -0.030179719 -0.04715625 0.06400932 0.08682035 -0.0061359764 -0.067730844 0.0022120338 0.029112084 0.012612655 0.020243276 0.001229391 0.03867684 -0.030114682 0.004959076 0.034748197 -0.045324333 0.08563927 -0.040604323 0.050910894 0.109084696 0.020131871 0.088572904 -0.030595118 0.06138584 -0.03864757 -0.03569504 0.059481144 -0.031044673 0.017189821 0.021285975 0.07000045 -0.011650114 0.067925274 0.048699725 0.010769332 0.04175757 -0.019799309 -0.11617796 0.013077902 0.013692905 -0.008965635 -0.087842904 -0.02405062 -0.14204197 -0.05743913 0.07949505 0.026682707 0.06801918 -0.03655866 -0.025526952 -0.06903723 -0.033341195 -0.013911825 -0.03993314 -0.037981562 -0.06224896 0.04270432 -0.07468943 -0.08536757 -0.08703419 -0.07593891 -0.023747297 -0.048397187 -0.086622395 -0.09456013 -0.08219478 -0.06563811 -0.0344742 0.011876117 -0.032855824 0.022062918 -0.123796284 -0.09397008 0.013831965 -0.050054744 -0.009411058 -0.0109887505 -0.044491917 -0.14472938 -0.022390047 -0.029378291 -0.04508589 0.019516505 -0.073716536 -0.010697565 0.0025096864 0.022920744 -0.024216319 -0.0024815875 0.016008483 -0.046192054 -0.027645769 0.002064033 -0.04656303 0.0072779236 -0.045980964 -0.01129625 -0.044170808 -0.015553017 -0.084311545 0.027651535 -0.018430602 -0.020507852 0.07028608 -0.004208635 -0.07947071 -0.0044720992 0.0047160615 0.008410251 0.022336984 0.107497096 0.020693528 0.03658153 -0.028616773 0.010182615 -0.053005826 -0.02207151 -0.04690539 -0.08744839 -0.037129734 0.004092174 0.004426286 0.03459369 -0.04279996 -0.0146295335 -0.00082436093 -0.0032221507 0.0046630157 0.016830703 -0.03380283 -0.062542684 0.024089413 0.004339322 0.009483055 -0.03394469 0.06727136 0.034749635 -0.032594513 0.041491847 -0.006506095 -0.030733906 -0.01604102 0.10805613 0.0049871737 0.0047409413 0.076443456 0.0014195433 0.049471036 0.04052059 0.041043796 0.038477793 -0.005990536 0.023926485 0.031933084 -0.0011668947 0.0669835 0.017240863 -0.006513678 0.05449351 0.059255887 -0.0053503057 0.02767621 0.050521918 0.0076846867 -0.005212082 0.032286916 -0.030073537 0.051132023 -0.028231563 0.10193291 0.021100618 -0.019896628 -0.023738328 -0.01255573 0.050193943 0.0068163346 0.065539934 -0.03910759 -0.0043528066 0.01652444 0.009478653 0.01573515 0.0181433 0.086310126 -0.10266905 0.008038731 -0.016122585 -0.012818738 -0.06113712 -0.18773288 -0.112852484 0.07213042 0.10522802 -0.016493242 -0.025585473 -0.08982758 -0.1277571 -0.04928344 0.072401114 0.06908171 -0.073841 -0.039876796 -0.03751039 -0.019598428 0.039042015 -0.027926879 -0.059039067 0.01117659 0.03345344 0.055549998 0.06385156 -0.043450087 0.050219614 -0.057626978 0.039522044 0.04919065 0.08569763 0.12288982 -0.022304347 -0.016099876 -0.026499493 0.05073146 -0.000171665 0.031839147 0.019677512 -0.024030577 -0.041901186 -0.052222874 -0.090989046 -0.0034748851 -0.015983906 -0.04955632 -0.010904397 0.11339892 0.17502354 0.01299675 0.043802638 -0.034109976 -0.024058282 0.03232983 0.09564541 -0.026048815 -0.06300324 -0.085796915 0.013993812 0.10579065 0.08231514 0.00858074 -0.06661901 -0.060397744 -0.07400317 -0.039715443 0.024750132 0.0076903794 -0.050208602 -0.01420214 0.06053787 0.08270664 0.06183229 -0.008742439 0.051810235 -0.022179315 0.08459533 0.013281637 -0.010453705 0.01358639 0.018375007 0.030046655 0.038100325 0.04083108 0.025323002 0.052143615 -0.042282242 -0.0045689675 0.021877496 0.0561193 0.05308811 0.057563797 -0.0012769325 0.007892026 -0.032831017 0.00700707 -0.009073148 0.011206062 0.019671606 0.043039124 0.0034263453 0.047503255 0.029533723 0.049109153 0.021363169 0.019175159 0.03980793 -0.01745373 -0.00078004727 -0.00801422 -0.026848508 -0.0064879707 -0.027637003 0.039094135 0.015633503 0.05570104 0.017172758 -0.0121358475 -0.03719616 0.013459908 0.0103735635 0.052349985 0.05615361 0.05040253 0.049806684 -0.053956192 0.03306607 0.030909074 -0.054175552 0.020622794 0.044240624 -0.036599945 -0.05088053 -0.010083707 0.03671011 -0.030757684 -0.014771152 -0.0153503865 
-0.0030248482 -0.046767298 -0.015915593 0.005123922 0.047609605 0.046931304 -0.02700771 0.009863043 -0.0077876914 -0.0499422 0.03729526 -0.008184355 0.03070259 0.023338737 0.027764585 -0.037869915 0.0370526 0.025875077 0.02003155 0.02351914 -0.036574904 -0.019444525 0.023389157 0.030518482 -0.03537351 0.008861574 0.03458681 -0.026568094 0.00094913674 0.0373827 0.0013776763 -0.014654007 -0.04209919 -0.0045585567 -0.020602517 0.034944937 -0.02720448 -0.008406969 -0.018367747 0.024812253 0.033140928 0.022241771 0.025493488 -0.010590884 -0.007442352 0.01771698 0.028170563 -0.047558527 0.033129085 -0.04679314 0.025559193 0.0028521016 -0.035078023 -0.02388764 -0.043779135 0.037258077 -0.017228201 0.0085412655 0.008059237 0.008156547 0.04632412 -0.0047151716 0.023736997 0.020414803 0.04393025 0.01275058 0.0041924287 -0.051691428 -0.01646239 -0.0003286121 0.043486733 -0.04690186 -0.04216712 0.019614443 -0.03962809 0.006634564 -0.016653925 -0.040317245 -0.03760036 -0.009060516 -0.031076018 0.0024276613 -0.024318898 0.016985621 0.037363123 -0.017174095 0.0061676693 -0.026690565 -0.024181256 -0.025774857 -0.0060371608 0.03534866 -0.045287333 -0.034400016 -0.050108414 -0.0054022623 0.043538183 -0.034395047 -0.0025140136 0.02116275 -0.032050647 -0.0068358947 -0.021470455 0.03816089 -0.010723613 0.035723455 -0.04133058 0.015216951 -0.02985931 0.029627804 0.026247812 -0.042067874 -0.050855033 -0.04759162 0.0342648 0.027852183 -0.032579433 -0.035041723 -0.010789367 0.027350774 -0.0078117787 -0.024070753 0.005664225 0.038424622 -0.04530761 -0.029386949 0.008611506 -0.0073689655 0.002910609 0.04288785 -0.02945806 -0.025488362 0.01474616 0.010683469 -0.047105417 -0.04001005 -0.01707996 -0.04003626 0.040239625 -0.011959788 -0.024626102 -0.022476556 -0.042319875 -0.002773735 -0.048968133 -0.005627304 0.025978055 -0.025970977 0.029302202 0.025799636 -0.0113265 -0.023831457 -0.034898825 -0.027239334 0.029632507 -0.0063166628 -0.0012052441 -0.01651457 0.019102175 -0.037944734 0.0062950524 0.011570756 -0.025924265 -0.016532958 -0.017304894 4.094177e-05 -0.011297713 -0.042084206 0.016042067 -0.020153897 0.02053198 0.0010717608 0.0074142045 0.044451114 -0.030268852 0.042376246 0.01916202 -0.0111173075 -0.031951636 -0.007343614 -0.017178651 0.034855302 -0.03326379 0.001710841 0.026082007 0.04244397 0.01051468 0.008345609 0.029988483 -0.02778474 -0.033114105 0.034731474 -0.010775736 -0.03704262 0.044189986 0.0018668689 -0.023057884 -0.006292205 -0.027616715 0.011581196 -0.020801302 -0.008103471 0.023484234 0.039940327 0.010265447 -0.0006321191 -0.041347295 -0.022015376 -0.045695037 -0.0009891655 -0.038457327 -0.01691736 0.021768456 0.020864287 0.026722962 -0.01797934 -0.050879233 0.0059618717 0.037579034 -0.0012312738 0.0048322454 -0.04147072 0.039941236 -0.022957848 -0.030904973 0.00904316 0.024921114 0.035615165 -0.04238191 -0.026961263 0.045902435 -0.04708933 0.01626606 -0.02750164 -0.018443808 0.019752646 -0.04538608 -0.016966026 0.020472448 -0.03630991 0.02792679 0.03931147 -0.0101212915 -0.04514518 0.010191292 0.01565987 -0.0012402094 -0.025901064 0.013168215 -0.040638793 0.008319572 -0.028412836 -0.031530086 0.03069226 -0.039269183 0.017727615 -0.0052865003 0.016825808 0.006317563 -0.009841483 -0.034059405 -0.007995654 -0.016994739 0.016611304 -0.025885241 -0.017779237 -0.013195085 -0.025520269 -0.037390146 0.009258499 -0.017348891 0.043431204 -0.0087522715 0.024902586 -0.020559147 0.043099184 -0.032977123 -0.014144487 0.024074474 -0.04814616 -0.003907676 0.008383139 -0.033198223 -0.012879151 -0.022118606 -0.014516226 0.049756266 -0.020479456 0.0128437625 -0.051939357 0.03358339 -0.042156454 0.029132722 -0.023398362 -0.0082442155 0.010729716 -0.009950075 0.021871708 -0.04130138 0.0078868 0.024105921 -0.040506873 -0.0019012996 0.049800877 -0.008498097 -0.010575126 -0.047682535 -0.02844418 -0.049880505 -0.022165373 0.0069089592 -0.027377192 0.04652219 -0.023245653 -0.048434664 -0.04410545 -0.036767002 0.050531756 -0.032697786 -0.013907824 -0.02040528 -0.034327723 0.03614106 0.03587347 0.03343726 -0.044459566 -0.031236151 0.053287186 0.050389558 -0.009340072 -0.019777521 -0.032137662 0.015144095 0.049863618 -0.04237127 0.00314345 -0.005479723 -0.011987489 -0.021993885 0.040818047 0.03393874 0.034016106 0.010387471 -0.020689564 -0.0045830947 0.050262988 -0.048010584 -0.038778674 0.027116578 -0.044975065 -0.036213025 0.047650665 0.035900965 -0.0024825328 -0.025056379 0.009616999 -0.012662106 0.014879227 0.029760174 -0.00033879446 -0.0044795247 -0.007252643 -0.008132853 0.029996352 0.0034322436 0.00454413 0.00117742 -0.015486478 0.0053018695 0.045381658 0.034128644 -0.028978575 0.037842922 -0.0054457523 -0.035842 -0.027512351 -0.017525643 -0.016413147 0.020508122 -0.021472573 0.026242876 -0.0051405802 0.020367261 0.012902151 -0.050287813 0.02525107 -0.04624037 -0.035319097 -0.0006875606 0.013866825 -0.023622258 -0.0075832168 
-0.009891903 0.02049458 0.020912802 -0.010785124 -0.013979938 -0.011194576 -0.026104603 -0.009051761 -0.040932033 0.0011494695 -0.002652015 -0.011637165 -0.004375337 -0.046599463 -0.011608017 -0.032701652 -0.04521418 0.040618584 -0.0471506 -0.016017733 0.0032700212 -0.038608335 -0.005162012 0.022202574 0.04337286 -0.032481026 -0.03531989 -0.05316277 0.007942296 0.030949833 0.01927782 0.046983067 -0.0040262537 0.060444772 0.030886076 -0.03156145 0.031220164 0.012336492 0.01451686 0.002534648 -0.033948954 -0.034094106 -0.020423308 0.007804254 0.055219088 -0.022406165 -0.033708006 0.010613311 -0.010635003 -0.13149124 -0.09594545 -0.09746857 -0.08760404 -0.115049 -0.048907198 -0.13485871 -0.043205198 -0.10406535 0.007090549 -0.0100109195 -0.036036845 0.00963378 -0.09257455 -0.05629676 -0.053661957 -0.014982785 -0.031608436 -0.084101886 -0.043775804 -0.04425865 0.022970956 0.01912784 -0.0593957 -0.08295396 -0.10749824 0.046603154 -0.057288922 0.081286885 0.06615502 0.08481023 -0.007265596 0.0224188 0.03347996 -0.057092655 -0.010414969 -0.0295371 0.072033145 0.07595082 0.011958931 0.036591165 -0.026229806 0.05571253 0.04545298 0.01846975 0.07951678 0.028700354 0.05231337 0.01880957 -0.06271247 0.009327047 -0.051530205 -0.034164824 0.014503273 -0.020924151 -0.0043744314 0.05244356 0.039562564 -0.000108044966 0.017906046 -0.01802403 -0.022202963 -0.08905659 0.09786143 0.04722296 0.017421925 0.0899665 0.03445979 0.009380698 0.030854212 0.06870167 -0.028716106 -0.0425755 -0.060823318 -0.0730835 -0.01723745 -0.013101896 0.041661184 0.050009288 0.020387292 0.027229685 0.0005726297 -0.035824344 -0.039748494 0.0526974 -0.00030588964 0.03671819 -0.025922135 0.04157039 -0.03171849 -0.045750443 0.020251125 -0.029154828 0.012076969 -0.06785678 0.034561254 -0.042009827 -0.017399635 -0.047636233 -0.078043394 -0.059245847 -0.053713042 -0.051842075 -0.059929024 -0.077073894 -0.06647701 -0.019603973 -0.056712434 -0.011915114 -0.07204298 -0.023174567 -0.055147856 -0.06886647 0.001640172 -0.0030537182 -0.011317559 -0.029116869 -0.027691698 -0.015467686 -0.057961456 0.031049848 -0.045159772 -0.0049153217 0.03303156 -0.02174389 -0.02656533 -0.0075596133 0.021715745 0.04278982 0.013116259 0.006545009 -0.0286211 -0.07151157 -0.005580198 0.030012822 -0.017078772 -0.008187781 -0.06831124 -0.044043843 0.011771397 0.014451396 -0.044780843 -0.017564142 -0.07829378 0.0054854997 0.017994788 0.01732303 -0.041033722 -0.10332532 -0.06915542 -0.0042526736 0.026002754 -0.044865724 0.014431828 -0.013314703 -0.06007839 -0.067804426 -0.05875 0.04978421 0.026420493 -0.02377697 0.024161424 0.03215432 -0.05485248 -0.052129112 -0.0020720607 -0.013723619 -0.026925663 0.04241965 0.0615397 0.06471981 0.11328148 0.052920286 0.044750266 0.049931902 0.026816012 0.013003984 0.019801218 0.04875651 0.05673548 -0.010310018 0.042186502 0.05735074 0.0092936335 -0.0032954728 -0.0267666 -0.04326569 -0.0025685122 0.071890265 0.03121328 0.05272308 0.052582864 0.0036158136 -0.058256958 -0.024693364 0.052462112 -0.12015068 -0.07005404 -0.15544982 -0.12165192 -0.09345616 -0.078546524 -0.08151932 0.031686697 -0.039341103 -0.017358575 -0.02436846 0.003011027 0.057126936 0.0015618722 0.030207042 0.09027658 0.11049216 0.09283112 0.052940194 0.034875147 0.02349841 -0.014414161 -0.0044611148 -0.019023221 -0.036154263 -0.02488938 0.03962394 0.0127897095 -0.040287048 0.04722101 -0.029193109 -0.01819686 -0.08326517 -0.031780206 -0.053507112 0.069724016 0.0140023185 0.019397592 -0.015555895 0.03987572 0.06622684 -0.058262777 0.09854121 0.0453488 0.014228946 0.06883767 -0.025961796 -0.024650354 0.008161368 0.09690511 -0.031243162 -0.050178275 0.02662606 0.06044129 0.118260786 0.061436918 0.13949485 0.043404233 0.025525464 0.038230814 0.005115456 0.061866876 0.01366133 0.008958926 0.018024983 0.02123266 -0.014659949 -0.011414661 0.012569438 -0.0077086845 -0.048723612 -0.017266752 0.041460183 0.010757678 0.038834136 -0.010248031 -0.042340674 -0.09889224 -0.036412124 -0.041646957 -0.09931426 -0.06634653 -0.034925666 -0.025717271 0.054821014 0.096243925 0.080626115 0.021892233 0.06159878 0.07343426 0.05967827 -0.016946157 0.053563397 0.025039542 -0.026312359 -0.011523722 0.002924485 -0.0005439832 -0.03547854 -0.028421707 0.033501543 -0.024217492 0.03368892 -0.03755401 -0.030804923 0.029905763 -0.025916288 -0.04983252 0.03549518 0.017506253 0.0224862 0.02125507 0.021035349 0.056785714 0.03875401 -0.032802697 0.019361127 0.056468725 0.0089327255 -0.032344963 -0.028564584 -0.0033048925 0.061905675 0.040652476 -0.0018437407 0.008403128 -0.039906796 -0.00016573114 -0.025409495 -0.019571869 -0.039744794 -0.041642286 -0.04252851 -0.03787923 -0.0067101447 -0.02282062 -0.04259755 -0.039171916 0.04480219 -0.036643073 0.029717172 -0.0085133 -0.02163612 0.012471935 0.022907808 0.014280694 -0.040774066 
0.004307629 -0.052233454 -0.033558376 0.034579653 0.042143922 -0.008867797 -0.03593128 0.001914888 0.00556056 -0.010446566 -0.02692343 -0.029122854 -0.041432027 -0.0059384285 -0.0054138647 0.04274851 -0.006377668 0.050863676 0.046785068 0.02429741 -0.028095547 0.0168039 0.034911267 0.02371836 -0.0007738111 -0.025958808 -0.034854054 -0.03793542 0.0386942 -0.03212542 0.026013484 0.043461956 -0.040618263 0.006870633 0.014867399 -0.005923943 0.021688092 -0.014736542 -0.005144699 0.029561296 -0.029546183 -0.010601828 -0.0007235614 -0.04743594 0.03937142 0.023054348 -0.04382008 0.010749195 0.04139166 0.012086194 -0.0071623055 0.031758215 0.00050295645 -0.04691839 0.06502389 0.040922876 0.051599767 -0.0099578295 -0.005924991 -0.059241064 -0.052115522 -0.03154052 0.05871971 0.0018656703 -0.00060464407 -0.056510653 -0.06387511 -0.021566749 -0.06378706 0.057956073 -0.02348818 -0.033961054 -0.08200139 -0.005035442 -0.0275374 -0.059824467 0.028577192 -0.011566988 -0.068596855 0.025552178 0.027865283 -0.062116116 -0.058105692 -0.050122783 0.027070947 0.017814219 -0.054372657 0.03487059 -0.016466979 -0.09552093 -0.03946294 0.022305164 -0.059921168 0.021156518 0.029872786 0.03591766 0.039331865 0.024644535 -0.042260353 0.050869428 -0.059052918 -0.085334964 -0.008419213 -0.018219138 -0.07232895 -0.0170316 0.046694763 -0.035743706 -0.06678463 -0.066359065 -0.06661833 -0.061065666 0.05412073 0.072517596 0.008088478 -0.042652693 -0.03721272 -0.017448662 -0.005874122 0.03425619 0.028226888 0.018562159 0.034790747 -0.056028713 -0.0011476959 0.0062902113 -0.015940608 -0.01274402 0.09090292 0.04833985 0.04861052 0.029215815 0.055401362 0.08394613 -0.04467219 0.04387805 -0.03082357 -0.044032685 -0.03282842 0.08625464 0.09266476 -0.0016060924 -0.061501704 -0.09069193 -0.08673522 -0.05685052 0.0151293315 0.07069024 0.022106308 -0.0853438 -0.026395237 0.011291658 0.0212599 0.041588947 -0.0067770393 -0.04387434 0.0008842765 -0.07253739 0.008436919 -0.00727604 0.04885609 0.044877842 -0.00047175796 -0.050580908 -0.03492527 -0.015065322 0.035240736 -0.017379787 0.027128618 -0.0036261342 0.0031104703 -0.015195353 -0.044455208 -0.018017387 -0.017047487 9.125865e-05 -0.038331285 -0.019966431 -0.039008882 -0.063171506 -0.016805239 0.04269485 -0.0030963912 -0.00837526 -0.04050479 0.050780147 0.037586465 -0.011407649 -0.0013600608 -0.026932845 -0.050964553 0.0016691049 0.020373099 0.05820876 0.015552907 -0.03870758 0.040555473 -0.026513567 -0.037853457 0.031075792 -0.029671166 0.044765256 0.020805696 0.052495502 -0.021041995 -0.03658089 -0.026369808 -0.032665204 0.0013250196 0.0059989323 -0.022843502 -0.016678426 0.054464523 -3.9598952e-05 0.035373323 -0.008612916 0.018931812 0.06743556 0.03160233 0.03206128 -0.001415517 -0.0068203257 -0.046160363 0.028852466 0.09778553 0.051368102 -0.010179673 -0.04868038 -0.046964414 0.011790058 -0.02718224 -0.02860659 0.0382381 -0.0026934387 -0.05958321 -0.02436012 -0.06121324 -0.045046106 -0.014633406 -0.017356014 -0.0069958833 0.03630875 0.040800136 -0.007725839 -0.029562451 -0.0016005223 -0.002695583 -0.080961555 -0.11873443 -0.07742726 -0.07176562 -0.060703665 0.054502044 0.10155858 -0.01137585 -0.04895529 -0.10170013 -0.078658886 -0.035663743 0.013166525 0.03512484 0.045356415 0.010345457 -0.101060905 -0.047537997 -0.04079781 -0.0006068522 0.07922754 0.045737002 0.02232994 -0.08073727 0.052652646 0.015257461 0.04991596 0.10846328 0.07603724 0.03837413 -0.078498885 0.0033279941 0.04162984 0.079056844 0.05260693 0.06114397 -0.059279706 -0.07350975 -0.047459166 -0.036108557 0.03504125 0.027340129 0.056820597 -0.058689795 -0.083435744 -0.05398074 -0.07012006 0.11896014 0.046758372 0.034615207 -0.02159625 -0.07736397 0.046399575 0.013970085 0.017953783 -0.03462568 0.034045205 0.04655793 -0.02256482 0.0019706448 0.054682083 -0.037562195 -0.036267933 0.058346774 0.031602 0.061275724 0.065004356 0.08187195 0.044389784 -0.0248097 0.028772503 -0.02298463 0.05419369 0.010399183 0.043853328 0.039158642 -0.01898738 -0.025009004 -0.006105467 0.0065502315 0.022836642 -0.04648998 -0.015564506 -0.051455405 -0.06647176 -0.04117192 -0.015035189 -0.0032034225 0.025596362 -0.004762669 -0.0009680619 0.036031302 -0.0109283505 0.014291583 0.023609258 0.020613762 0.038518604 -0.0076489537 0.00074898027 0.033314224 0.0020097815 0.02896447 0.04140108 -0.030085841 0.0052700457 0.016567701 -0.018383482 0.02058029 0.014675254 -0.016025787 0.017708024 -0.018454889 -0.03297667 -0.041350454 0.03148169 -0.044338115 0.02369203 0.026670834 -0.038192276 -0.03795904 -0.06782482 -0.04286716 0.00709717 0.028867118 0.025542174 -0.0030132853 0.034184236 0.03807664 0.015617661 0.047730472 0.009360202 0.032699235 -0.027052144 0.02108416 0.06172832 0.036691938 -0.024871169 -0.050907377 -0.011060983 -0.0044962713 -0.03732385 -0.023931423 -0.04357807 -0.031439874 -0.046519607 
0.04011926 -0.035317916 -0.041177735 0.04090351 0.010252057 0.0075032734 -0.040893994 -0.008067192 0.019107183 0.007155926 0.0018303508 0.0109497 -0.020626381 0.05159929 -0.007865945 0.021302206 0.011199524 -0.0056335577 0.024955256 -0.037324376 -0.025838431 -0.043042265 -0.026466327 -0.05037497 0.0033153668 0.006242417 0.02781952 -0.042158306 -0.028044313 -0.011253602 -0.022614961 -0.030851023 0.032507937 -0.02102015 -0.026912484 -0.042827792 0.037226427 -0.050549045 0.003383023 0.043366343 0.023285491 -0.012362785 -0.0083439015 -0.0057084123 -0.019430142 0.018379036 -0.010304399 -0.049709346 0.006356513 0.040603407 0.041474197 -0.02798773 0.015945705 0.00060190196 -0.058203235 -0.054055095 -0.01917934 0.024526441 0.032714363 -0.024516793 -0.027770448 -0.036325224 -0.008673789 0.039094716 0.05081999 0.004567417 0.0015306142 -0.03544356 -0.036672905 -0.036914356 0.0026858293 -0.031225884 -0.031320922 0.04169359 -0.05377158 -0.054654602 0.036438547 -0.0032645948 -0.031483606 -0.053970635 -0.040815547 -0.033167545 0.009058546 0.018583916 -0.012943388 0.0109916 0.015389785 0.030403653 -0.027210271 -0.013345099 0.019624561 -0.055390175 0.0041542505 -0.009921684 -0.037222408 -0.011779644 -0.060560793 -0.024499593 0.019421792 -0.021766301 0.03794475 -0.015260484 -0.025702422 -0.018462516 0.015641188 -0.002737787 -0.005739599 -0.0103061795 0.0047143972 0.00212136 -0.012383086 -0.006648908 0.042422626 0.034706917 -0.058845773 0.026281886 -0.0025793365 -0.018575134 -0.043804463 0.023156548 -0.049285598 0.025151327 0.026188498 -0.010109396 -0.008240433 -0.014197991 -0.009165528 -0.0056469985 0.008471927 -0.009543001 0.025837567 -0.025107838 -0.011454511 0.034965005 0.04070569 -0.03794709 0.014234156 -0.049449936 0.02529424 -0.042508643 -0.056391798 0.018010018 -0.051782977 0.010818452 -0.0019383772 -0.0355952 -0.024203332 -0.00955664 -0.013772583 -0.03449582 -0.027514996 -0.042230073 -0.065006554 -0.061447423 0.0022836947 0.015211406 -0.019735832 0.051253393 0.012612733 -0.018476302 -0.023840614 -0.017882938 0.010016046 0.028398713 -0.036519226 0.03640357 0.027505206 0.031057775 -0.031708077 0.057429835 0.05208525 0.027760109 -0.03886239 0.046570424 -0.0050947266 -0.030221747 0.017263534 -0.009008931 -0.014690362 -0.00038724727 -0.047912125 -0.02462699 -0.009390567 0.04613962 -0.026504101 0.06557309 0.028311979 0.0107457265 0.0009581091 -0.012915687 -0.012347358 0.051147357 0.043602385 -0.014295135 0.00069346797 0.013240256 -0.01189752 0.009196036 -0.030033672 -0.009066163 0.022691188 0.02129338 -0.04458417 -0.007579109 -0.049319625 -0.024528537 -0.011977357 0.022263465 -0.049996823 -0.011208933 0.02423255 0.036282733 0.018125253 -0.020110404 0.012444344 0.0048190285 0.041500714 -0.048000064 -0.041951288 -0.05461619 -0.030152205 -0.038832534 0.03567375 -0.008114014 -0.022997208 -0.018023092 -0.008756581 -0.04143271 0.0345831 0.00734587 -0.020184904 0.005552478 0.052713316 0.043694973 0.0048428113 0.0574348 -0.006099269 0.03058939 0.055714082 -0.00040231456 0.0384101 0.032462567 0.056488417 0.021681972 0.03796959 -0.0063186293 -0.005156147 -0.03557336 0.02365039 0.017505262 -0.0008014106 -0.027160497 -0.041039865 -0.012677425 0.008319634 -0.058627397 -0.008220701 0.040171843 -0.043221004 0.0049044867 -0.036019694 -0.019743562 -0.045203336 0.019156236 -0.019483523 0.028898729 -0.03908576 0.00489285 -0.014861777 -0.054770052 -0.035368115 0.01622373 -0.021966876 -0.04193704 -0.001835851 0.033491705 0.013720644 -0.03155932 -0.015580544 0.011754624 0.032999948 -0.022467652 0.02556403 0.002965114 -0.02220712 -0.027547654 -0.044190332 -0.021581918 -0.04522994 -0.025421154 -0.056295462 0.023500048 -0.01594527 -0.012022612 0.042321283 0.009731512 -0.012005864 -0.032510497 0.02595237 -0.03896141 -0.03634787 -0.045701824 0.031776834 -0.026492594 0.012495638 -0.0134880915 0.021715246 -0.017735368 0.042508695 -0.0054471944 -0.03052793 -0.00852611 0.022802439 -0.02690357 -0.010718701 0.019329472 0.012194117 -0.016230484 -0.024695938 0.02014147 -0.030443737 -0.010046805 0.022225952 -0.023812335 -0.040607397 -0.0065085636 -0.02652593 0.015896507 -0.049718037 0.017543945 -0.025481643 -0.007973773 0.026882445 -0.066373974 -0.00499718 -0.0019381657 -0.04515967 0.014503858 -0.04526748 -0.045877807 -0.026472092 0.024875078 -0.02932446 -0.04960889 0.023984414 0.0023586832 -0.0049688728 -0.006487694 0.033779666 -0.03467504 -0.024350492 -0.042790063 0.024586502 -0.008704371 -0.013315062 0.016797014 -0.01789282 0.0187452 -0.02991294 0.019195877 0.0076515847 -0.009513176 0.058001548 -0.017463638 0.044296283 0.027457628 0.018270716 0.018464478 -0.020800138 0.015242485 -0.017175708 0.032021515 0.019108785 -0.026754668 0.012634999 5.6803074e-05 -0.01946125 0.0018026439 -0.0072001447 0.038460214 -0.02500978 0.03770836 0.008681791 0.023709549 -0.03130322 0.054586016 0.0009052061 0.04030521 0.037481256 0.010335933 -0.026478173 0.03717485 
-0.04887732 0.03784119 -0.026617942 -0.04619299 -0.036489524 -0.033247806 0.038622074 0.04642019 0.010794168 0.042259544 -0.024589939 -0.03457128 -0.0149268685 -0.0019410382 0.021121684 -0.02730465 -0.016974661 -0.005808741 -0.04582261 -0.033677563 0.025911625 0.042320423 0.018880371 0.049416427 -0.036011722 0.04403027 -0.045693778 0.036728643 0.013674235 -0.025716277 -0.001910649 0.030776106 -0.013452477 0.042436335 -0.04984837 0.026564136 -0.004054009 0.02356965 -0.03425438 0.036150463 -0.037255 -0.00032598482 0.0082604345 0.019476013 0.04551591 -0.025634175 0.028070286 -0.028101828 -0.044478577 -0.0052570207 0.008937854 0.024312861 0.045163453 0.017186204 -0.0811226 -0.06932222 0.023869034 0.06630179 0.04080592 -0.04200331 -0.004913452 0.010672743 -0.032208778 0.081996985 0.098420076 0.02093067 -0.023740586 -0.02312467 -0.03220621 0.013844981 0.077293776 0.023265596 -0.059734706 -0.031127326 0.024031468 -0.01685269 0.04957195 0.08030596 0.08035914 0.016457653 -0.039947744 0.00032718194 0.007322374 0.08411696 -0.010737427 0.023977784 -0.0074180304 -0.06423216 -0.04484314 -0.043416884 0.042085476 -0.043527387 -0.032407023 -0.07815245 -0.0810367 -0.10977543 -0.09667248 -0.004240473 -0.06095922 0.03588998 0.021549499 0.030681955 0.032961383 -0.010331319 0.009894408 4.669829e-05 0.031721313 -0.040232483 0.03772942 -0.02886364 -0.040457387 -0.04882439 -0.052137353 0.009316381 -0.02236954 -0.010351529 -0.01731085 -0.072832815 -0.009776149 -0.02789994 -0.008588695 0.023371538 0.015476024 0.014894289 -0.028647164 -0.073107116 0.004769052 -0.053302497 -0.007942259 -0.019450547 -0.01665355 0.012327569 -0.033804808 0.043631397 0.005682985 0.011008321 -0.050736662 0.018416263 -0.03105022 -0.039352383 -0.004281065 0.0061876527 -0.0037486209 0.05850182 0.0090560205 0.04608593 -0.0041033984 -0.0021371618 0.028574524 0.016607458 0.021560185 -0.062771484 -0.0038614967 -0.022780553 0.035504878 0.061873898 0.018221647 -0.07557758 -0.016904915 0.03916205 -0.056275487 0.033192728 0.074341886 0.025439363 -0.014637503 0.037267633 -0.050110385 -0.06779263 0.05133306 0.0672562 0.044776693 -0.043572623 0.013437658 0.014903223 -0.058104225 0.051453527 0.05652209 0.004937823 -0.041372977 -0.091838606 0.021981327 -0.004084269 0.011395603 0.03151863 -0.041593064 -0.012987853 0.004540786 0.03854227 0.008171128 -0.015821546 0.028239511 -0.013076509 -0.008829454 -0.076684915 -0.028155774 -0.066543266 0.059808012 0.063438326 0.033628237 -0.042748 -0.040312696 -0.026053585 0.009591504 -0.007236195 0.071680345 -0.030801514 0.0066569676 0.03355361 -0.026550012 0.051840875 -0.019391412 0.06430582 -0.008733791 -0.023794198 0.044304706 -0.042885378 -0.04775305 0.03924616 0.0027114036 0.02797087 0.016528843 -0.03982997 -0.011091414 0.03159051 -0.0031011472 0.010768308 -0.020444734 0.0014540987 0.02569739 -0.03149252 -0.019927349 -0.025111731 -0.05114724 0.017958548 -0.040063325 0.056188475 0.028865188 -0.0027906452 -0.0038627037 0.026103599 -0.020204756 0.0039839977 0.09548758 0.07632559 0.024687292 -0.058388736 -0.04269339 -0.023785805 0.009750335 -0.039279383 -0.010154239 -0.030437235 -0.07550131 -0.0013947489 -0.061919704 -0.03396041 -0.022583218 -0.042180225 -0.05985798 -0.015582398 -0.02200252 -0.088224456 -0.03652757 -0.017907966 0.020981152 0.04702775 -0.027525004 -0.0036422585 -0.05155426 -0.024238762 0.016885204 -0.030209124 -0.034633994 -0.033208717 -0.06590256 -0.066875264 -0.003606956 0.030292021 -0.009418333 -0.026967386 -0.028158875 0.0548862 0.01140618 -0.003111536 0.00986095 0.035347525 -0.0050847568 -0.024455829 0.008844947 0.045872565 0.061749518 0.0026269802 0.077586554 -0.00033678755 -0.00056395686 -0.027433438 -0.012619615 -0.018682718 -0.060794335 0.012489464 -0.04394005 0.018244062 0.0005096387 0.014590957 -0.0031197674 -0.017846096 -0.03488341 -0.01852606 0.024849145 -0.03483677 -0.027179766 -0.03344859 0.027768295 -0.054774452 -0.076695055 0.029429639 -0.09014454 -0.019276597 -0.050341308 -0.012980281 -0.016959557 -0.046220023 0.08263875 0.06467626 0.0021708668 -0.038572524 0.050159846 0.07900115 -0.03474292 0.06359641 0.0958458 0.04978449 0.035070132 0.036249656 0.08218569 0.03290482 0.043976385 -0.058564145 -0.011831973 0.028800968 -0.06912953 -0.021594405 -0.039468486 -0.0068382705 0.037433855 0.0003563588 -0.014309894 0.0029249243 -0.02042649 0.033502378 0.04009694 0.042577833 0.03225579 -0.04791038 0.006228055 -0.04258032 -0.032469656 0.0400718 0.02948125 0.0038591847 -0.025365561 -0.05589538 0.015695019 0.042373486 -0.019435842 0.013974419 0.00899216 -0.02279227 0.005461 -0.03879775 0.039993558 0.05059426 0.033160906 0.03143742 -0.009664521 0.007056359 -2.3780563e-05 -0.01966999 -0.03527098 -0.038804486 -0.049801897 -0.0027693026 0.033043053 -0.030270627 0.023926366 0.028521532 -0.01602891 0.030168658 -0.03790511 -0.0036830183 0.010476739 -0.02880201 
-0.038766377 -0.013869549 0.046861835 0.04916464 0.012351527 -0.02437447 0.0016678071 -0.041981388 -0.019127317 -0.017227208 0.027673177 -0.0141854035 0.05682534 0.05208396 0.0063673635 0.0007408425 0.019574584 0.016030258 -0.03768327 -0.01209215 0.041269314 -0.036720593 -0.0014326719 0.018062642 0.021757564 -0.044569 0.05320245 0.011467838 -0.021256447 -0.024842113 -0.0049288757 -0.024956556 -0.027361864 -0.01860192 -0.02870285 0.017279956 -0.04587693 0.004925379 0.044646773 0.043603335 0.0079258075 -0.015564497 -0.016243517 0.047955833 -0.02972091 0.007164134 0.02364198 -0.00020137377 -0.0015387598 -0.10698488 -0.076396376 -0.06611487 -0.09120331 -0.12747903 -0.10095806 -0.08138218 -0.06958187 0.039442353 -0.053917255 -0.032849953 -0.042305555 -0.04137648 -0.04761671 0.009633442 0.035770897 0.0021943192 0.019951394 0.007995329 -0.113777876 -0.018242428 -0.01276254 -0.019830158 0.005441847 -0.0013715925 0.11058331 0.08285242 0.0077793547 0.0065585906 0.08340611 0.09282492 0.10366366 0.12108002 0.10525223 0.076015614 0.046876386 0.05299171 0.02941134 -0.015507552 0.027219113 0.0885762 0.054603852 0.029772494 -0.023970464 0.0071477033 0.002506803 -0.0067497 0.013769801 0.07593867 -0.021412464 0.042807452 0.062343296 0.001607 0.044724643 0.02898162 -0.03083108 -0.095586166 -0.012200287 0.11051091 0.17638546 0.069312215 0.037865046 -0.10646079 -0.07367558 -0.0057269996 0.15854621 0.18212575 0.11096843 0.010664706 -0.04038963 -0.104418166 -0.0023146833 0.037797254 0.039515562 -0.06748572 0.0072567267 -0.11405741 -0.15117288 -0.0594724 -0.07354037 -0.16351527 -0.13597272 -0.049130812 -0.094363526 -0.09568887 0.005209693 -0.03151417 -0.018886909 -0.0019892626 0.01240307 -0.112002775 -0.11209829 -0.022023827 0.018755043 -0.043961573 -0.029077437 0.0026098052 -0.09147852 0.032640588 0.06090422 0.012502812 0.021724572 0.011862138 0.03922923 -0.043951456 0.03046435 0.03365052 -0.06314991 -0.05844274 -0.07372938 0.019860605 -0.038212385 0.02440753 -0.01569975 0.017263437 -0.06680889 -0.10205652 -0.007171527 -0.032051288 -0.057341702 -0.03557745 0.029682249 0.07583202 0.009002865 0.08447318 0.028688606 -0.01837182 -0.037592474 0.005518843 0.04228996 0.05236713 0.01865702 0.024163624 -0.02283115 0.062182646 -0.014322736 0.0040850984 0.02744525 -0.0116314525 -0.059382387 0.028181031 0.045611735 -0.01152043 -0.008382386 -0.015779695 0.043970495 0.033246268 -0.01934795 -0.05496739 -0.11011352 -0.04604248 -0.010741413 -0.06165501 -0.011976376 -0.07530357 -0.04819706 -0.08011265 -0.014953995 0.00385598 0.04068945 -0.046651945 -0.018801766 -0.006871745 0.030586405 -0.016813451 -0.026511667 -0.03851345 -0.030583257 0.046088953 -0.03437609 0.08166949 0.04820653 0.014527541 -0.03141815 -0.045252837 -0.060712103 -0.03734745 -0.017108094 -0.04100398 0.02398714 -0.061485738 -0.101504505 -0.052280735 -0.07428095 -0.117534555 -0.014010609 -0.035223812 -0.023093969 -0.039027814 0.037330754 -0.054374143 -0.08285166 0.008511762 0.017814377 -0.015939957 0.002091477 -0.012012694 -0.026157856 -0.046136897 -0.010481767 -0.068723604 -0.010864392 -0.013376698 0.08544461 -0.0072568697 -0.02621684 -0.028913232 0.03305157 0.010067512 -0.08319132 -0.021891262 0.03539112 0.06815677 0.16941655 0.08842616 0.039832093 -0.00485671 -0.07135907 -0.021037662 -0.03342607 -0.06449688 -0.030985188 0.008875973 -0.0698149 -0.05531253 -0.00438235 -0.0977431 -0.14811881 -0.14977862 -0.009135261 -0.012437229 -0.0023975784 -0.06855662 -0.07879097 -0.09632662 -0.12671301 -0.03436574 -0.043867428 0.038287316 -0.0036726661 -0.019326719 -0.060434073 -0.0162887 -0.012914334 0.0073896702 0.03753376 -0.026035773 -0.009085071 -0.022154538 0.030780796 0.021613255 -0.017065331 0.034092676 0.019298041 0.04369073 0.003873093 -0.045623463 -0.083224304 -0.005099189 0.0056525515 0.0040608053 0.028174933 0.0074754506 -0.02206766 -0.0337797 0.0086337095 0.042046063 0.011090551 0.07390505 0.026999442 0.0430832 -0.00019795948 0.12045589 0.059130535 0.105303705 0.07298882 0.04326723 0.08337613 0.04265199 0.026812302 0.043804877 0.074400775 0.104796365 0.10860995 0.002272963 0.021777425 0.051302496 -0.025078544 -0.01152662 -0.00875424 -0.03925342 0.024903104 0.010974625 0.008034753 0.032023434 -0.055864617 -0.020460466 -0.032498673 0.028862642 -0.04186435 0.027966002 0.029998368 0.03496019 0.011281617 0.03223616 -0.013966395 -0.018218737 0.01716268 -0.06951244 0.03195558 -0.00886345 0.020014353 -0.032065023 0.0106797265 -0.039197743 -0.06711103 0.01509454 0.046991765 0.02808255 0.009785668 -0.021250676 -0.01679472 -0.0024231172 -0.0065095844 -0.01728789 -0.0624505 -0.019271804 -0.0033563704 -0.070343316 -0.055445846 -0.023596477 0.02154689 -0.012076431 0.020731818 -0.040075466 0.025705853 -0.010763133 0.017608378 -0.03865773 0.016951328 -0.02974832 -0.06343926 -0.06571433 
0.00816044 -0.017690146 0.0020815718 0.033167955 -0.013936499 -0.0011359414 -0.0019969433 -0.027457189 -0.023789166 -0.0039400766 0.04878628 0.02401594 -0.043822836 0.03681075 0.03460697 0.051176872 -0.04771477 -0.03200574 0.031977084 0.02366002 0.05272073 0.0315961 -0.028777335 0.009972628 -0.04456712 0.010819915 -0.009801607 0.034814775 0.046156853 -0.026191115 0.0038449848 0.0010042157 0.024849722 -0.0450909 -0.040287625 0.005281425 0.031996567 -0.044239186 0.000273134 -0.0116472235 -0.037981015 0.06445393 -0.0417365 -0.00025855066 0.0200947 -0.007516564 0.022444366 -0.03522246 -0.049026582 0.04782942 0.016228892 -0.015922565 0.027281057 -0.055700254 0.04576291 -0.011753818 -0.010517341 -0.054254644 -0.071221285 0.010678038 0.0043231207 -0.012643627 0.06453306 -0.007429623 -0.011321986 -0.013632957 0.022821523 -0.003536801 0.017874278 0.0015333035 -0.084275104 0.053145744 0.10773599 0.13586782 0.1229291 0.11389296 0.060367033 -0.08343282 -0.074069865 -0.044029124 -0.0042735194 -0.031829387 0.042855475 -0.07776161 0.045990597 -0.13418743 -0.08399734 -0.07770553 -0.08182489 -0.18366522 -0.0676231 0.17429176 0.04909755 -0.062192224 -0.114867136 -0.08633838 -0.024291301 0.012190852 0.0064391647 0.03779145 0.0036645534 0.04689952 -0.049383085 -0.0041466667 0.019818883 -0.08963416 -0.011717569 0.014449541 0.061007693 0.026659986 0.003288437 -0.057279173 -0.0049884412 -0.032466065 -0.045706782 0.039822984 0.02446173 -0.009460068 0.03631958 -0.009513548 0.06716914 0.010472351 0.010020748 0.0038962765 -0.013859476 0.048174247 -0.0642215 0.0725333 -0.059651386 -0.00066265534 -0.019731814 0.057587143 -0.05576663 -0.047312442 -0.043320317 0.015237551 -0.0032975562 0.020373756 -0.024242384 -0.004043827 0.037457816 -0.07096057 -0.06702934 -0.03054562 -0.06409466 -0.044476066 0.08030077 -0.021955645 -0.054545358 -0.0010937335 -0.0075234463 -0.008228051 -0.006356699 -0.036274914 -0.043205876 -0.009271361 -0.082622044 0.008845571 0.0457373 -0.038707282 0.008138948 -0.013279487 -0.07992111 -0.08227168 -0.082726054 -0.078988045 0.0023359945 0.004958697 -0.008668896 0.002734823 -0.10091936 -0.041500553 -0.024012094 0.009506374 -0.035401132 0.019984912 0.031824913 -0.008921619 -0.028060313 0.026336983 0.00203568 -0.035268825 0.0191823 -0.07379221 -0.07308237 -0.02532531 -0.021148268 0.0029211557 0.030804975 -0.012123612 0.018720547 0.042259354 -0.050770726 -0.0063879937 0.0047392906 0.0639281 0.00962598 0.015742566 -0.0108651705 0.035780612 0.037874397 0.01797099 -0.019844007 -0.0004761855 0.019078435 -0.03122704 -0.014026823 0.010740219 -0.010697796 -0.02592701 0.06548328 -0.082112916 -0.032934573 -0.0500242 -0.03817457 -0.018115917 -0.045290533 -0.0002891598 -0.032928985 0.0008843383 -0.023745276 -0.032075718 0.006362419 -0.007883266 -0.012650612 0.027301434 0.06209955 0.047076877 0.009350127 -0.0048613097 -0.040188603 0.04799441 0.017544176 -0.014401334 0.0009321454 0.042233203 0.050548375 0.05471074 -0.018340642 0.0018788594 -0.049346186 -0.032235228 -0.077497914 -0.00074091944 0.1153249 0.0394 0.06783951 0.03582377 0.05160108 -0.03862315 0.019793907 0.05182723 0.10148831 0.03591315 -0.028320324 0.013323609 -0.044326745 -0.030625926 -0.03482124 0.03808804 -0.06322672 -0.037932716 -0.033368047 -0.034529608 -0.008237517 0.031004451 -0.04917804 -0.039631184 0.04749905 0.009891489 0.07603116 0.13826369 0.059641495 -0.14718613 -0.053803243 -0.088522084 0.05011302 -0.028292164 0.05520608 0.0038966667 -0.100368075 -0.20050895 -0.121312425 -0.09416631 -0.07529249 -0.002354339 0.020849155 0.17226039 -0.048613805 -0.14691615 -0.061615217 0.022965046 0.014518152 0.113960296 0.038328536 0.035155796 0.07821587 0.03239168 -0.039315775 -0.047957376 -0.001352081 0.0337091 -0.025297932 -0.057444904 -0.010927236 0.015569877 0.014978665 0.07232019 -0.042971015 0.030693382 0.015818622 -0.023932537 0.005370386 0.093472645 0.071096376 -0.03656345 0.024697812 -0.017811617 0.03662797 0.054289345 0.09187239 0.018212993 -0.14730492 -0.05596241 -0.11173066 -0.018084407 0.022181544 -0.021812715 -0.038711112 -0.035663094 -0.038945924 -0.15418057 -0.058658447 0.01916976 0.06602828 0.06548234 0.049976822 0.14287516 0.04096283 0.0834263 0.045104016 -0.06753872 -0.012013138 -0.002630139 0.029159375 -0.0046720603 -0.021226127 -0.0078098937 -0.007156181 -0.044485923 -0.020678306 -0.02984166 -1.5855674e-05 0.009272503 0.037380844 0.044295516 0.05416714 0.032876812 0.029122721 0.04156387 -0.032947473 0.029583136 0.020846715 -0.020324955 -0.03288532 0.025826566 0.009446825 0.05854156 0.055729154 0.010734996 -0.0020371734 -0.0051744333 0.0666063 0.07061388 -0.0026577897 -0.01530982 -0.036724884 -0.008761258 -0.032988284 0.004803708 -0.036299787 0.009172173 -0.029198077 -0.023492703 0.017080935 -0.03736252 -0.031372003 -0.022589184 -0.02443699 -0.03560116 -0.018365618 -0.041782763 
-0.010331405 0.024249926 -0.055555087 -0.040426653 0.02720971 0.022066023 0.038278207 -0.0088480115 -0.029990057 0.023735147 -0.037630547 -0.03984414 -0.026823265 -0.015043141 0.0005639815 0.01925199 -0.016479934 -0.026861632 0.03835445 -0.032096665 0.007800118 0.029765394 0.031611156 0.030013433 0.032574702 0.04352518 0.02791555 -0.021419153 -0.02629985 0.001970518 -0.04054932 -0.030107517 0.039486997 -0.044902284 0.014991139 0.017451249 -0.009235694 -0.025903195 -0.05284736 -0.039404582 0.025563212 0.037445724 0.04672818 -0.029047834 0.03926145 -0.04806044 0.022215504 0.011779202 0.050776288 -0.08087747 0.054344933 0.0035712647 0.008588998 0.024126811 0.007206296 0.03226662 0.015121866 0.015377598 0.0020374444 0.024976019 0.0595101 -0.02928488 -0.073839456 0.004751977 -0.013879997 -0.02652869 -0.025107795 -0.051783573 -0.018987803 -0.027559498 0.088304296 0.012138672 -0.15756601 -0.15552884 -0.109043024 -0.033052415 0.02497949 0.092914104 0.049477927 -0.035405237 -0.08516675 -0.07530751 -0.015424304 0.10846817 0.03679628 0.03871406 0.1283518 -0.025966536 0.08884348 0.0027195462 0.06706561 -0.0078011774 0.113942996 0.10205574 0.042643886 0.08172196 0.14441058 0.09872445 -0.08777005 0.03747117 -0.04666953 -0.06357561 0.013832545 0.013622899 -0.10756769 -0.051536508 -0.018815218 0.11224627 0.11787005 0.026522657 0.003688436 -0.08601455 -0.0020492761 -0.017147208 0.07304401 0.17807779 0.13260113 -0.030641591 -0.07962674 -0.034614917 -0.07266633 0.004512318 0.111043125 0.10757093 0.111376226 0.0006036652 -0.04402618 -0.024234517 -0.030534651 -0.121562764 -0.03691859 0.045471508 -0.0023263386 -0.02946027 -0.023292623 -0.021383597 -0.13184406 -0.11039447 0.037275184 -0.07767757 -0.23009686 -0.074881166 -0.030879034 -0.07911195 -0.09360486 -0.06232443 -0.14686202 0.029071784 0.060137905 -0.005733934 -0.035671588 0.006983584 0.039891854 -0.026142359 0.0036038135 0.008111243 0.050782736 0.03874799 0.032011297 0.03300001 0.03390435 -0.027000288 0.04516582 0.018648176 0.032691754 0.00067996036 0.015808158 0.0201708 0.02234522 -0.03326631 -0.04282522 0.0038798586 -0.048932757 0.0059455642 0.0035502037 -0.0073355185 -0.058686107 0.016558709 0.017810263 0.005252634 0.0499119 -0.040703766 -0.013438973 0.030592225 0.023869138 -0.04217403 0.031323276 -0.03082551 -0.04574657 0.016851608 0.023414996 -0.023437314 -0.013157964 0.003635179 -0.014769109 -0.009035434 0.018938964 -0.044592142 -0.07319748 0.029463992 0.03435931 -0.054948285 -0.038643353 -0.015197277 0.02590997 -0.025927905 0.037676346 0.02228147 0.035356864 -0.008360295 0.02860826 -0.0039773895 -0.043719422 -0.034968764 -0.031982362 0.02276905 0.03173269 0.0034376609 0.07156932 0.08046219 0.06783287 -0.008840666 0.034355212 -0.018986965 -0.018948464 0.042201173 0.09516405 0.082700714 0.04944153 0.061616328 -0.031575847 -0.0072449045 0.011514689 -0.01934751 -0.011807243 0.02036832 -0.039495356 0.009573957 0.012012311 -0.018718269 -0.011108958 0.019721186 0.042294975 -0.022833042 0.006074783 -0.11235281 -0.015038729 -0.027677614 -0.037642132 -0.013867056 -0.032117072 -0.09750578 -0.0045814742 0.024494845 0.02853299 0.016122298 0.084755495 -0.066926874 -0.05220673 -0.0632706 0.00033651013 0.10464016 0.04397007 0.09092039 0.007694347 -0.060775764 0.04966757 -0.021759914 -0.015212319 -0.019332923 -0.037119377 0.052618243 0.042529065 0.080779895 0.0487308 0.06691757 -0.08546916 -0.05707487 -0.025609704 0.071736194 -0.026348045 0.0233757 0.006077045 -0.015717091 -0.058431208 0.046954747 0.01953989 -0.11843126 0.04159911 0.06394957 -0.06621413 0.009342647 0.0607337 -0.09699876 0.010257527 0.068770744 -0.05260754 0.0044374806 -0.012328454 0.03557054 0.026064482 0.029773558 -0.0569715 -0.047127713 -0.0411372 -0.057414345 -0.037752613 0.0062757977 0.04050252 -0.04927181 -0.01195191 -0.056413695 -0.089147076 -0.098291785 0.041310884 -0.0009844508 0.113796145 0.04480286 0.024989026 -0.02782851 -0.031383235 0.06701176 0.035614684 0.040054083 -0.08149857 -0.02878325 -0.019940296 0.0042141667 0.055865787 -0.003174662 0.04519231 -0.008968013 0.012129691 -0.05409327 -0.019346068 0.05932915 0.01718069 0.0049277944 0.011394384 0.032939233 0.061588448 -0.05687873 0.030280488 -0.03790574 -0.013925534 0.05461479 0.04119817 -0.015500082 0.017300708 -0.0041451515 0.016192291 0.0105282655 0.032322332 0.057709135 -0.012302474 0.00087195524 0.01643073 -0.05133588 0.03150819 0.0329942 0.0036551652 -0.01755571 0.04839116 -0.058058582 -0.039159253 0.0038137042 -0.04482299 0.010660132 -0.041814834 -0.020324819 0.03448765 -0.038653355 0.030463846 -0.03393541 -0.025203815 -0.024063885 0.0108942725 -0.03275228 0.018680248 -0.05790392 0.012044595 -0.011660629 -0.058199625 0.026027918 -0.04302998 -0.019576369 -0.039784 -0.045503948 -0.019410199 0.011081905 -0.00770038 -0.046152946 
-0.0005492189 -0.044329822 -0.017447557 0.013230532 0.0156179285 -0.020009678 -0.032956313 0.023392007 0.018552015 -0.0029390547 0.037675522 0.011895882 0.04562487 0.013504276 0.045849815 0.04597111 0.05051451 0.011216362 0.0013757868 0.047489237 -0.05713562 -0.0042428817 0.008106899 0.049179323 0.014911007 -0.023267083 0.0055112205 0.022388982 0.026750287 0.017473869 -0.025095731 0.011516643 -0.046888776 0.010542377 -0.038492437 0.033784203 0.04021656 0.027609035 0.020513736 0.03202045 -0.011199082 0.042404536 -0.0065617673 -0.024865476 -0.024580821 -0.040348362 0.010500815 -0.01749652 -0.039676026 -0.03839408 -0.004153972 -0.053442046 0.0952366 0.06410463 -0.06453671 -0.08603528 0.017917378 -0.08348177 -0.046715803 -0.023406046 0.053096365 -0.026998388 -0.01926245 0.005725401 -0.04388557 -0.0136892535 -0.062011164 -0.020717004 -0.035222176 -0.0013106259 -0.022037527 0.046435907 -0.025974035 0.00571215 -0.035990134 0.011783489 -0.020910649 0.08345991 0.094399914 -0.032815095 -0.05785751 0.011635029 -0.03589054 0.04003709 0.11016816 0.08129743 0.0044730273 -0.056681458 0.0018588159 0.01703761 -0.019846203 0.027468482 0.010258383 -0.02894266 0.005317064 0.016727336 -0.009025506 0.05363338 0.034454238 0.03578296 0.001291164 0.027631132 -0.039075945 0.016914856 -0.05253821 0.020708075 -0.03059822 -0.03209447 0.010358099 -0.013778429 -0.045877047 0.020150328 0.04102679 0.06303097 -0.04652542 -0.017090855 -0.0075175585 0.011374334 -0.017217897 0.09604029 -0.03902127 -0.11572582 -0.028877987 0.03731117 -0.019030914 0.050696354 0.10255161 -0.020623643 -0.115078874 -0.068212636 -0.04143684 -0.05469134 0.053103738 0.08901349 0.025136003 -0.036556397 -0.048557814 -0.022156296 -0.0042482326 -0.018280922 0.03874236 -0.0385854 -0.1163598 -0.09509288 0.01921011 -0.074485116 -0.040188555 0.015583068 0.008623177 0.06626544 0.02427004 0.013146835 0.0748522 -0.010187902 -0.015101559 0.033273254 0.0536934 0.020512193 0.04491147 0.015052134 0.035331827 0.00068897026 0.010993349 -0.003837231 0.016460083 0.00017407935 0.007608997 -0.0005712241 0.01247345 -0.006971188 0.08492808 0.00908188 -0.0062241773 0.05055087 0.021198513 -0.062333457 -0.06432644 -0.0378267 0.040034167 -0.006892566 0.0046367375 -0.059469566 -0.005818559 -0.042945527 -0.003444147 0.015238348 -0.04680081 -0.0783282 0.011322598 0.010700299 -0.025144968 -0.030500002 0.015955271 0.02644083 -0.022285497 -0.082433105 -0.021856686 0.026285326 0.033111945 0.049430978 0.024803715 0.065238796 0.045267206 0.02446254 0.007974448 0.01722821 0.006708826 -0.00969564 -0.023320531 -0.0013663444 0.001162028 -0.014366381 0.017300846 -0.04148423 0.026544923 -0.0023891756 -0.023957333 -0.055357948 0.015341644 0.041311517 -0.056686345 -0.008288891 0.042159613 0.017092822 -0.03918087 0.014993394 0.0070473524 -0.030788075 0.018021446 -0.011116411 0.03051506 -0.040488757 -0.004767046 0.0040466078 -0.043485798 -0.0671655 0.04860747 0.047732677 -0.058200445 -0.048379607 0.007622169 0.0049665915 -0.029965714 -0.0005959465 -0.025568418 0.011105631 -0.00097538374 0.035577152 0.012755855 0.02955701 -0.008977566 -0.015964817 -0.014579287 -0.02131443 0.0608423 0.009997081 0.06703734 -0.006488798 0.021646056 0.041339554 0.071314976 -0.041670725 0.05107705 0.0646033 -0.03688496 -0.02378252 0.08560195 0.0062158313 -0.0066150087 0.07360317 0.03240544 -0.028639266 0.015721321 0.1397351 -0.05383195 -0.031905115 -0.0070651593 0.003953635 -0.052198797 0.06483606 0.120076835 -0.06314341 -0.08325034 0.01502046 0.012693191 -0.02551285 -0.02622479 0.025174694 -0.0048038615 -0.0575274 -0.03892305 0.041954137 0.023102222 -0.037225198 -0.024710916 -0.052129187 -0.012540438 -0.036828727 -0.046987914 0.06923323 0.061393287 -0.027230382 0.028664602 -0.05677557 0.036484677 0.037316915 -0.029333565 -0.019512787 0.12671882 -0.09199577 -0.03670845 0.014488909 -0.04185229 0.012791928 0.006512189 0.07011538 -0.066151544 -0.11900623 0.022568861 0.010162448 -0.07434601 0.025270604 -0.058462843 -0.14625458 -0.017621016 0.05820743 -0.009822316 -0.15192749 -0.06429457 -0.05384991 -0.116466016 -0.052420314 -0.022192024 -0.03535276 -0.10089274 -0.06942598 0.05294476 0.017453432 0.05897076 0.0061135204 0.052458603 -0.047769405 -0.052075747 0.046186864 0.04733125 0.039277673 -0.03752734 0.018775167 0.014799652 0.023348715 0.011262032 -0.031128991 -0.030599056 -0.039020866 -0.05053926 -0.040577777 0.03068272 -0.049078695 0.030438993 -0.06712007 0.0037409482 0.017553683 0.02113816 -0.024374409 0.025678217 0.004188851 -0.010729164 -0.050300688 -0.01237062 0.021572428 -0.02212658 -0.007193261 -0.014861348 0.013371411 0.030252062 -0.058721054 0.026314892 0.008250929 -0.0090430025 -0.041974224 -0.0060815527 -0.053536218 -0.019925412 -0.003054813 -0.011362284 -0.003980387 0.050741587 -0.00958223 -0.018553345 0.032649174 -0.044399634 0.01506985 
-0.018299656 0.030546742 -0.0051451325 0.034849517 0.011714873 0.0066835233 0.023527507 0.049406387 0.008643964 -0.030280607 0.009669256 0.0614745 -0.017687785 0.05750587 -0.018116117 -0.029274922 0.0053155245 -0.027232734 -0.034801606 0.017438596 0.01857794 -0.022821276 -0.0075885793 -0.023396252 0.006518782 0.028104914 0.042987272 -0.028675774 0.0108065875 0.020812418 -0.0089356415 0.042572178 0.027978852 0.03594722 0.020580385 -0.04212547 0.021229161 0.02049217 -0.04642853 -0.017894117 -0.048902966 -0.03187369 -0.038826507 -0.0085104285 -0.021586237 -0.0052086157 -0.048563197 -0.024691723 0.010106682 -0.01291381 0.048138652 0.040411063 0.0012522313 -0.010748295 -0.0024620132 0.028514938 0.021987747 0.08226439 -0.028477725 -0.050402075 0.034921814 -0.00056000234 -0.013473997 0.036949363 0.054835115 -0.01679323 0.030375639 0.0038533858 0.039568916 0.0040720687 0.011071648 0.040900543 -0.016505376 0.04533659 0.052509885 -0.0163452 -0.057909194 -0.017667616 0.074083164 0.05019085 0.05631209 -0.019196913 -0.0921258 -0.06989356 -0.024965601 0.08153134 0.051600784 0.0125836795 0.037189107 0.008270603 0.0023640078 -0.03521608 0.030352054 -0.02020026 0.018031651 0.017498737 0.006025834 -0.032772735 0.046108253 0.043109633 -0.008169083 0.04621142 -0.02192897 0.039735097 0.017849412 0.045693383 0.014082827 -0.02370411 -0.06535046 -0.044265393 0.010475357 -0.013506411 0.11350927 0.01452904 -0.0010764018 -0.053293686 -0.05461859 -0.03351871 0.047620818 0.056610942 -0.014065082 0.02477931 -0.031484954 -0.059081472 -0.012365083 0.06803104 0.029889677 0.0021336775 -0.030134937 0.0010007477 0.00513418 -0.059810083 0.02427716 0.094971135 -0.048405938 -0.11624229 -0.008740798 -0.08515867 -0.024673657 0.09258347 0.14575116 -0.0043439395 -0.07601781 0.02846735 -0.030416261 -0.029000284 0.18579015 -0.016552556 -0.027840966 0.048857305 -0.049612112 0.038504526 -0.0034970865 0.026657721 -0.025368221 0.030175272 -0.011340739 -0.038981248 0.0052545313 0.052935287 -0.02917817 0.035708576 -0.005570422 -0.034934036 -0.027345609 -0.012112857 0.024654172 0.056123085 -0.010338445 0.025476135 -0.09845143 -0.062719434 -0.0016905518 0.008897091 0.032138646 0.030457236 -0.020416483 -0.06828053 -0.05905873 -0.0065788724 -0.02668738 0.04818573 0.002364755 0.0026267797 0.075673126 0.0049780253 0.042752657 0.042008486 0.033816252 0.023707932 0.032991666 0.078589104 0.048508313 0.014234402 0.0050926413 0.0056115096 -0.05976811 -0.019721238 -0.009938651 -0.02309689 -0.07503622 -0.0667695 0.008701081 8.611417e-05 -0.010531584 -0.0362719 -0.074567735 -0.028887892 0.03424949 0.001057016 0.017351013 -0.009048801 -0.07402285 -0.027350271 -0.0092506055 0.01985275 -0.022500504 -0.03932586 -0.00536665 -0.08149085 -0.030868689 -0.098637 -0.059068684 -0.034508273 0.053120732 -0.045672655 -0.05848884 -0.07965308 -0.0342637 -0.048454113 0.021584107 0.012616749 -0.069108024 0.02792459 -0.014086064 -0.04784467 -0.031587467 -0.094097935 -0.0070792125 0.0500828 -0.03429712 -0.00801204 -0.022027064 -0.03298875 -0.0799642 -0.020642726 -0.01885564 0.01091849 0.01584219 -0.02897182 -0.03611777 0.01506749 0.06658689 0.053522076 -0.062619306 0.01779763 0.02525397 0.07623043 0.0046933386 0.07230904 0.0020478065 -0.0486722 -0.07372872 -0.043265875 0.012448661 0.054746605 0.071385436 0.033301145 -0.039935358 0.027893644 0.00039129393 0.05714206 -0.003839771 -0.01795941 -0.012986736 0.03841012 0.0075521325 -0.016990408 -0.037513483 -0.002377834 -0.01597397 0.062298995 -0.010747847 -0.049425323 -0.08803305 -0.06511876 -0.017955747 -0.048411056 -0.0012979581 -0.045123033 -0.033880733 -0.068003915 -0.09227865 -0.028828803 -0.0745351 -0.032559827 -0.12599753 -0.11892643 -0.043075427 -0.061389692 -0.07733221 -0.013979898 -0.051955108 0.042503685 0.047570884 -0.038702592 0.04333287 -0.01752167 -0.0027811811 0.016496012 0.041767124 0.12635913 0.04338143 0.025673628 -0.02507765 -0.095904544 0.030705037 0.004156337 0.05198154 0.01688342 0.013032851 -0.09313981 -0.050763614 0.0035048572 0.098892085 0.046599273 0.07560643 0.044851698 -0.031752005 -0.073007174 0.024996627 0.09286908 0.039181393 0.05358259 -0.015589797 -0.12541741 0.040245097 -0.09641462 -0.02596769 0.050782938 0.05781632 0.02501788 -0.031160511 0.006119117 -0.015279908 -0.054365635 -0.00699923 -0.024366925 -0.017608661 0.013466314 -0.009400455 -0.024489189 0.027947249 0.035750464 0.008612377 -0.047425535 0.032036666 0.031807646 0.006660573 0.014212391 -0.041080732 -0.04850866 -0.017194826 -0.0019294921 -0.0018966203 -0.014344579 0.016737727 -0.0043382314 0.031203417 -0.025551122 0.020578204 -0.02059612 0.015282721 0.024141055 -0.036154296 -0.04474518 -0.056684706 -0.027078038 0.010438994 0.019246021 0.05362277 0.007986222 0.025053961 0.016694846 0.012970411 0.002123241 -0.036072675 0.03865541 -0.006017252 0.0033613034 -0.04732614 0.009305703 
-0.026685478 0.008017372 0.06840983 0.025054423 -0.015212231 0.03146084 -0.0037472346 0.0042352644 -0.012346553 -0.044265356 -0.031811025 -0.03789696 0.05363487 0.041878022 0.046859033 -0.03548903 -0.008784854 -0.008071761 0.0088538965 -0.029481642 -0.005894294 0.04419091 0.001199683 -0.00908694 -0.032211717 -0.020710537 -0.018296866 0.02719984 0.028095147 -0.01747173 0.03178269 -0.0024247528 0.040293768 -0.0025334312 0.011162979 -0.044023003 -0.00049661135 0.034477253 -0.022486215 -0.0077215866 0.034052137 -0.003419259 0.022081276 -0.053562623 0.002552747 -0.046349306 -0.04039011 -0.005212413 -0.008063578 -0.007892286 -0.036873717 0.014742906 -0.022973023 -0.0752893 -0.003737398 -0.032224532 -0.015752137 0.026968028 0.0111808935 -0.04978938 -0.10115068 -0.06847094 -0.06474495 0.0017631751 0.041473858 0.023786098 -0.11291586 0.0010382659 0.033733804 -0.0017860961 -0.046139434 -0.044705614 -0.06612946 -0.07850386 0.026971394 -0.019784141 0.002372803 0.013039546 0.025904283 -0.0074546738 -0.036977775 0.06025563 -0.0058194622 -0.043687016 0.034603022 0.039472863 0.03509989 -0.05579659 0.013817745 -0.017437218 0.03139625 0.09396162 0.15120737 0.12597539 0.04180924 -0.0029420487 0.025964204 0.1398967 0.021782765 -0.035189454 0.017975928 -0.13359223 -0.013101423 -0.030195192 0.009141103 -0.00020187313 0.01411819 0.011173991 -0.117363185 -0.079103306 -0.028319249 -0.004369731 -0.056099243 0.07453215 0.020539587 -0.021669675 -0.05261316 -0.0227316 0.053950727 0.030363724 0.03221256 -0.037599176 -0.019224253 -0.034275316 -0.027552456 0.12490968 0.08547316 0.045055047 0.0027913586 -0.016690264 0.077387705 -0.046073012 0.08126773 0.049976222 -0.0065628737 0.02055293 0.02282512 -0.033671528 0.016083818 0.03833934 -0.045872595 0.012002649 -0.110160634 -0.1060395 -0.04935028 0.021585843 0.08099939 -0.058542915 -0.055955272 -0.017997364 0.017390719 -0.061101176 -0.014293984 -0.0812829 -0.0535561 0.018712156 -0.010975207 0.05237683 -0.056362 -0.027644033 -0.055702917 -0.023849718 -0.069993146 -0.00541238 0.044086426 -0.036686625 -0.043349504 -0.0896493 -0.078962736 -0.017937927 -0.042639054 -0.06452947 -0.03180813 -0.0151186315 -0.027588384 -0.06388165 -0.041508574 -0.03486791 -0.05592528 -0.03598278 0.01546518 0.0047398983 0.022979608 0.036993347 0.06366101 0.011459769 -0.04185866 0.06755028 -0.019469433 0.07290508 0.011019676 0.013842928 -0.027274776 0.041767135 0.0023125443 0.06149941 -0.04940484 -0.055766683 -0.044829573 0.01096857 -0.0036434713 -0.027565634 -0.027610999 -0.043333728 -0.03824254 0.00200483 0.11420106 0.12654321 0.03125333 -0.053672787 -0.01491775 -0.019615343 0.057480533 0.07708411 0.006661577 0.0030804968 0.0018495567 -0.01950195 -0.025518522 -0.021946665 0.028033327 -0.031286802 0.043815006 0.042137187 -0.00079999317 -0.011558262 0.022067927 -0.058618087 -0.003776483 0.041828953 -0.018585961 0.028118938 0.05467246 0.06437074 0.0030341668 0.0076813637 0.12595035 -0.03920222 0.046477333 0.026029317 0.045981828 0.002434317 0.07712381 0.10938527 -0.012329101 0.04310183 0.05232361 -0.0039193253 -0.1062786 0.010317113 0.041370407 0.13489157 -0.036139917 0.012149776 -0.0509796 -0.1573728 -0.05672408 -0.034229163 0.04793831 0.03132648 0.13123132 0.03243538 -0.08300454 -0.03736909 -0.077854 0.039662562 0.064576596 0.08772597 -0.027694449 0.016250711 0.013151563 -0.07174062 0.116672024 0.051017683 -0.03887061 -0.022102144 0.0052252496 0.112499274 0.01908094 0.06307337 0.043509856 -0.04639727 -0.093679674 -0.041501213 -0.0064321198 0.00322035 0.10428325 -0.0022044443 -0.04510078 -0.14005658 -0.07085441 -0.065622866 -0.025803352 0.055487674 0.020377971 0.08030845 0.048763834 0.06416104 0.05934337 0.067113504 0.02005125 -0.042549472 0.0697997 0.013773169 0.02882956 0.084897086 -0.038398575 0.04595757 0.032380078 -0.046480622 0.026900768 0.051374197 -0.08114758 -0.091634005 0.026612295 0.03812715 -0.034029137 0.031063465 0.05498064 0.060011774 -0.04662531 0.0059083365 0.009653001 -0.05377228 -0.049021162 0.077661 0.004318406 -0.00876981 -0.019123845 -0.058688305 -0.066507824 -0.09015323 -0.0045892326 0.009619428 -0.049437195 0.010263843 -0.07000603 -0.08943566 -0.099191144 -0.08456817 -0.09071716 -0.049068555 0.030177439 -0.044890992 0.048567872 0.0021331974 -0.032547485 -0.051204737 0.02860555 0.03549215 -0.022752183 -0.026351357 0.019440455 -0.00078587956 0.019570565 -0.03592088 -0.061985128 -0.05138124 -0.0464698 -0.025376957 -0.019113168 -0.014237046 -0.04810475 0.009804395 -0.0032356565 -0.04840668 -0.0048077526 0.006371182 -0.056875538 -0.03352942 -0.015224661 -0.03958295 -0.0034364935 -0.029838588 -0.039398566 0.043029334 0.056276213 -0.014262512 -0.019873666 0.030291779 0.015624961 0.05497219 0.039278075 0.044260506 0.016004002 0.046666738 0.02009142 -0.011094362 0.021705082 0.04395359 0.06098084 -0.032602727 
0.059701845 0.08816098 -0.017260522 0.09197226 -0.0127618695 -0.009738821 0.08321696 0.025188653 0.033571627 0.010251642 0.035813756 -0.023138257 -0.032756638 0.01995804 0.033870596 0.028869057 -0.04200185 -0.012325276 0.043824073 -0.040942315 -0.030115535 -0.0063262214 0.033257112 0.0326112 -0.027946709 -0.028401874 -0.044603612 -0.052733082 0.017276626 -0.0063909777 -0.034264993 0.0022449212 -0.012042088 0.026559368 -0.029059043 0.023069542 -0.020979276 -0.008212729 0.021008678 0.045179173 0.03242518 0.033882003 -0.02395296 -0.035066616 0.030570937 0.012407381 -0.031422697 -0.043668903 -0.021069823 -0.060184527 0.04374791 -0.015465485 -0.06998144 -0.028645562 -0.0821247 -0.08323884 -0.03451097 0.024480304 0.004451468 -0.033249866 -0.041588385 -0.0152105875 -0.070849314 -0.019768627 0.091211185 0.113187306 0.21056898 0.111486845 0.07213613 -0.004825418 0.008394358 -0.036510695 0.10747672 0.13246885 0.051683784 0.041939173 0.07194159 -0.05594307 -0.08803303 -0.01769648 0.005609626 -0.06318292 -0.0972052 -0.04996804 -0.05735425 -0.109576516 -0.04100869 0.03151706 -0.019926187 -0.13230023 -0.043475505 -0.0046398835 -0.034884788 0.039467916 0.1229873 0.09642939 0.0018204725 -0.03346168 0.17101806 0.062881626 0.09369313 0.06294967 0.029786134 0.03712186 0.21794456 -0.064805046 -0.016648434 -0.007078056 0.045547333 -0.01568785 0.071959935 0.060296465 -0.027177135 -0.022766728 -0.009373677 -0.006757697 0.00028321703 0.011631306 -0.038073283 0.0079951985 0.05209944 -0.030485617 -0.032091565 0.022987094 0.0332724 0.0031379405 -0.070438705 -0.025634762 0.03070544 0.00015093839 -0.08997222 -0.08722718 -0.07752562 -0.056418538 -0.08476518 -0.059324376 0.02420896 0.024046995 -0.04114862 -0.100099005 -0.11988364 -0.10072886 0.0836916 0.048461325 0.014568308 -0.0856373 -0.2285499 -0.0075818254 -0.04549891 0.0056565623 -0.04434796 -0.020675646 0.043296073 0.01299094 -0.022221087 0.03815143 0.008610829 -0.008913771 -0.014953068 -0.00097372796 -0.072250165 -0.05788291 -0.058433946 -0.073963985 -0.012912265 -0.13028775 -0.08006623 0.040116504 -0.049353145 -0.11298354 0.021757023 0.053917672 -0.020511778 0.02527039 0.06102283 0.04726607 0.0022760583 -0.0040528723 -0.005111026 -0.017316395 -0.07494261 0.016003868 0.024115635 -0.006017412 -0.087319136 -0.05570276 -0.12702355 -0.063927874 -0.040611558 0.041557886 0.01589857 -0.029328993 -0.0052589257 -0.013622766 -0.044086922 0.047968928 -0.055081256 -0.08685996 -0.0014242241 -0.05332913 0.042061232 0.014398974 -0.036776565 0.0655453 0.09823898 0.039573047 0.068298645 0.06045933 0.07383158 0.0111034205 -0.04173652 0.044688627 -0.06026615 -0.004693475 0.035635356 0.010965217 -0.06636594 -0.009678226 0.018440954 -0.028054096 0.044295646 0.1149327 0.047172613 0.03687007 -0.017932072 0.011206315 0.07624812 -0.00527406 0.05075192 0.044626404 -0.073784254 0.048303615 0.10046911 0.028988017 0.054379776 -0.0010790463 0.032445863 -0.020401381 -0.043846045 -0.01166171 0.06009588 -0.014978018 -0.036601137 -0.018183244 -0.10607206 0.09980363 0.09137126 -0.028070932 0.023608943 -0.049672727 0.10417518 0.095230624 -0.12648162 0.03802676 -0.02631379 0.060505446 -0.03033369 0.04335127 -0.059105244 0.030003482 -0.10641462 -0.0542969 0.041151863 0.0624313 0.10426956 -0.080510244 0.077114806 0.001865454 0.013166415 0.040071137 0.050383035 0.018772392 0.066413686 0.06385182 -0.0312206 -0.07923451 0.013554793 -0.066859946 -0.0470171 0.04379172 0.04101346 -0.12244675 -0.03925387 -0.027552268 -0.081926726 -0.10891724 0.0038432914 -0.028595189 -0.04809163 0.058184445 0.16361925 0.07564099 -0.040609807 -0.06795077 -0.06815914 0.0794201 -0.026849352 -0.018496023 0.049001284 -0.03941802 -0.07715366 -0.006552461 -0.054107957 -0.07086247 -0.07163022 -0.029172873 0.15070753 0.02217207 -0.0465055 -0.0655545 -0.09308228 -0.086208075 -0.019350115 0.08957621 0.07814027 0.1179714 0.09391806 0.060390156 -0.048888154 -0.04271351 0.07714185 0.10577164 0.11327146 0.060451116 0.03625094 -0.06620886 -0.02072795 0.004071273 0.10391423 0.06799516 -0.075659916 0.0146245295 0.0040529226 -0.0069197607 0.0070851534 0.11229321 0.06772791 0.00135144 0.03128865 -0.061994728 0.044048075 -0.04316622 0.07943503 -0.039699305 -0.021892171 -0.0015807102 0.006138987 0.0021093918 0.017719079 -0.019437771 -0.03898002 0.016070718 0.037716206 -0.008186555 0.044345506 -0.01201995 0.024838788 -0.03819784 -0.01584136 -0.014246285 0.024405083 -0.005762436 -0.038010087 0.018977351 -0.0041242535 -0.008282102 0.0019278876 0.08771543 -0.01993092 -0.03029944 -0.02068117 0.017543394 -0.058463152 -0.023330666 0.040918805 -0.0007286826 0.022552399 0.016510375 -0.03269586 0.030810077 0.012521626 -0.0054601794 0.0064777564 -0.03900836 0.024880338 -0.03864845 -0.059666198 0.019881058 -0.0150213735 -0.07179431 -0.0599933 -0.029154366 
0.016338931 0.0024950474 -0.0005885419 0.023737978 -0.020970033 0.016479371 0.018054768 -0.0046109916 -0.050130017 0.017849237 -0.025781892 0.004650316 -0.0058622905 0.037733257 -0.0026665046 -0.0033114315 0.017269423 0.008863394 -0.03141343 8.8913934e-05 0.01709567 0.011194261 -0.024838768 0.010494313 -0.008533287 -0.048883747 0.008274166 0.043086976 -0.031699363 0.012077675 -0.035488833 -0.043786343 -0.04944178 0.041613594 -0.04169879 0.011904629 0.009683399 0.0016245885 -0.008577677 -0.035020497 -0.02170111 0.025593411 -0.032874092 0.022938197 0.04466065 0.0037175743 0.04500316 0.03416025 -0.026922505 0.031691324 0.031580154 0.028242256 -0.020453302 0.03780156 0.031113835 -0.0018019326 -0.049402457 -0.010474063 -0.008134078 -0.05102141 -0.019767376 -0.023226492 -0.03551326 0.025535922 -0.0358821 -0.005095843 -0.02802571 -0.0061847307 -0.008222246 -0.038526244 -0.04171816 -0.021186974 -0.018315848 -0.05037713 0.0011834146 -0.045277316 -0.020903388 -0.016626453 -0.035002448 -0.03751791 -0.02181521 -0.029755594 -0.035107445 0.011075801 0.011747675 -0.0013471048 0.010713088 -0.04785394 0.035286557 -0.040907152 0.025205988 0.013589634 -0.03251274 -0.047224402 -0.011758215 -0.033303443 -0.03882122 0.045027383 0.012166051 0.0043246257 -0.0054458356 -0.039626647 -0.00688266 -0.037527833 -0.0020226762 -0.022362966 -0.028789246 -0.026859898 0.048787247 -0.016498148 -0.044638544 -0.00553296 0.047727533 -0.008064305 0.024214556 -0.047169887 -0.051450796 -0.017572993 -0.02332875 -0.011376797 -0.0036376298 0.052633137 -0.012030484 -0.010945407 -0.03785013 -0.006000612 0.01638815 -0.019608766 0.006922539 0.013861992 0.011978336 -0.01294309 0.01369469 0.0038549867 -0.049667895 0.021896675 0.026365492 -0.037990462 0.009828588 0.008864563 -0.030978443 -0.039264 -0.023550866 -0.01765839 -0.00029911115 0.049772784 -0.041718155 -0.037051994 0.032102734 -0.052430745 0.027571624 0.00017391278 0.013958641 0.04250233 0.008370852 -0.0017166233 0.0108876275 -0.026820818 0.011908199 -0.035086222 -0.043135446 0.022586863 -0.008623803 0.0049945978 -0.019077064 0.017050738 -0.049809545 0.013013482 0.034258336 0.023939036 -0.0031376386 -0.010317024 0.018541751 0.045625016 -0.023201 0.014733802 -0.008866923 0.03365868 -0.030633148 -0.008006468 -0.008575312 -0.014695277 0.00012787561 -0.015112558 0.006749485 0.023170622 -0.010509751 0.04275435 -0.0062227873 0.020380275 0.03835214 -0.010154251 0.023160812 -0.045704454 0.0014023881 0.0059209433 0.045969635 -0.029614678 0.034977235 -0.020892378 -0.006107673 -0.021903396 -0.030678183 0.0056126076 0.002490612 0.036821686 -0.03342207 -0.0056735915 0.03392981 -0.021361927 0.03243707 0.030635366 0.0029606128 -0.041537367 -0.046696283 -0.03706972 -0.009273363 0.024754828 0.000865108 0.015808508 -0.034234837 -0.04937899 0.014530241 0.018198028 -0.007606233 -0.025197325 0.0048578708 0.045732837 0.02499951 -0.011900753 0.024149206 0.013251064 0.029163947 -0.04355126 0.018253952 0.035164643 -0.030804384 0.041916747 0.03576888 -0.044503488 0.019393848 -0.0025496366 0.0007905547 -0.05352337 0.031180596 -0.022552794 -0.025148511 0.01074076 0.043727532 -0.024714904 0.005358497 -0.016436595 0.04372923 0.008583653 -0.01793725 -0.054598484 0.021742975 -0.025625052 -0.044784565 -0.005731326 0.0431505 -0.043626014 -0.03159527 -0.018779192 0.0014218821 -0.033127688 -0.0019588962 -0.0011627914 0.0079922285 -0.0069605666 -0.006307729 -0.022656638 0.04558971 0.03940488 -0.008333727 0.02945247 0.005123516 -0.0146358395 -0.023787376 -0.04497517 0.0028225018 -0.045232497 0.012276101 -0.04070885 -0.012298344 -0.0067300857 -0.04386244 -0.03460784 0.008992968 -0.01567396 0.04469848 0.02616288 0.0014330078 0.026450146 0.018958805 0.039170172 0.044647593 -0.015501503 0.020508515 -0.02030035 -0.038265754 -0.049055044 0.024900135 -0.040789805 -0.041545372 0.0019758106 0.01895775 -0.0060518696 -0.020897396 0.008653071 -0.023418568 -0.000645335 -0.04594984 -0.030263878 0.04082785 0.004968368 0.0060131527 -0.03721081 -0.038480192 -0.04607139 -0.009066305 -0.049148846 0.047601044 0.030710846 0.039817594 0.019479979 0.0344156 -0.053278714 0.0015070275 -0.004792258 -0.037111185 0.033884056 0.016986366 0.004776817 -0.035892077 -0.007941071 -0.0009667558 -0.01470757 -0.05014851 -0.02820635 -0.043662813 0.045167584 -0.005942362 -0.038377307 -0.026901828 0.0448161 -0.019818703 0.041693334 -0.015631301 -0.0478728 -0.040187243 0.045014374 -0.008114033 0.03237452 0.035947856 -0.02998579 0.027168099 0.010836817 -0.023558848 0.015156426 0.0109934015 -0.016139733 0.031234648 -0.024264468 0.03957487 0.022479063 -0.008060433 -0.004727128 0.0022031101 0.0027804151 0.008536631 -0.0075603025 -0.007042882 -0.031066393 -0.025807183 0.00979122 -0.030616157 -0.009055538 -0.03602347 0.023717003 -0.0067302105 -0.013250336 0.004890867 -0.03964261 0.047653697 -0.03835124 -0.0106871305 -0.042998437 0.037494913 -0.018555181 -0.03914049 0.00092093647 
0.03464655 0.034075614 -0.039775006 0.0044916836 -0.013826001 0.024739947 0.047334354 0.012697938 0.030619146 6.0674935e-05 0.046562195 -0.04196988 -0.031032268 0.0024997944 -0.0069230623 -0.01481847 -0.029835202 -0.04802603 -0.013722853 -0.022395814 0.007703015 0.013909855 -0.02754377 -0.050615534 -0.037703082 -0.023741093 0.032472607 0.014312535 0.024992932 -0.014246272 0.05064834 0.004914333 -0.046552908 0.020540277 0.04018907 -0.023182895 -0.006408551 -0.028839929 -0.051709007 -0.0067396597 0.015810004 0.05678925 -0.033605825 0.03240271 -0.0077767354 -0.040808637 0.011812459 -0.03418555 -0.005202306 0.0043922374 0.004540312 0.049352665 -0.019101312 -0.00069388293 -0.010493637 0.0012250482 -0.01642659 -0.03588172 -0.016444389 0.019297916 -0.046779733 0.059861816 0.020427873 -0.05680655 -0.034754604 -0.057687066 -0.05249659 -0.08957946 -0.059135 -0.049502105 0.0044621197 -0.042563997 -0.09318632 -0.13084522 -0.08246841 -0.039257403 -0.016684184 0.08293717 -0.024516141 -0.07991073 -0.026786108 -0.07308299 -0.04969787 -0.08615321 0.08322794 0.08402706 -0.056867804 -0.009118258 -0.04837334 -0.09535336 -0.05267371 0.026049096 0.10003929 0.07891153 -0.015626337 -0.019468999 -0.08598584 -0.015176956 -0.043527167 0.039866593 0.043675154 0.07850449 0.013220649 0.0016633469 0.0040224893 -0.032540623 0.0691286 0.031252246 0.010260403 0.012714804 0.0052121407 -0.019939624 -0.0321171 -0.011185874 0.027242325 0.07190192 0.02243543 -0.028076746 -0.041058894 0.0083972905 0.00617954 0.026174512 -0.03893528 -0.044515524 0.015695062 0.024147823 -0.03712877 -0.007010456 -0.06787022 -0.005572172 0.020348258 0.04176839 0.016741568 -0.039254252 0.028212389 0.016718475 -0.017463837 -0.039910473 0.05933812 0.021723235 -0.027181301 0.018651795 0.025783023 0.020761352 -0.03632075 0.05347902 0.012584768 0.025781428 -0.049923517 -0.06918822 -0.008601217 0.024749126 -0.008699692 -0.055583406 -0.009758992 -0.0493722 -0.070580125 -0.051825766 -0.0113815805 0.004838817 -0.028579399 0.025699703 -0.04718247 -0.045720156 -0.021501387 0.031076536 -0.0057952753 -0.005646387 0.0008205861 0.048560344 -0.02863298 0.054405484 0.0008653432 0.060373478 -0.00021985723 -0.066718474 0.015374419 -0.031122945 0.0045100637 -0.034011953 0.015923243 -0.03986376 -0.04587182 -0.025645882 -0.006145466 -0.026024597 -0.012735297 -0.032621652 -0.055479303 -0.07179791 0.023961786 -0.004832603 -0.062187336 -0.059190426 -0.028375758 -0.02504013 0.04463957 0.060414482 0.025990667 0.03423042 -0.06411492 0.027438309 -0.011680843 0.028373027 0.05442558 0.011700195 -0.04360961 -0.020297926 -0.005763654 0.05078515 0.022591995 0.030611236 0.058845416 0.061887946 0.058209874 -0.010861962 0.011554862 -0.0021540418 -0.009687309 0.067161724 0.15197814 0.1287827 0.0944014 0.058103375 -0.07212294 -0.075667396 0.07915983 0.033136684 0.10044913 0.010144674 -0.04997523 -0.013493208 -0.054711144 0.024197511 0.022825826 0.046959553 0.008575062 0.003399956 0.031630322 -0.06549411 -0.031827074 -0.032450214 -0.020777943 0.027045848 0.016601205 -0.0035782927 -0.03878869 0.01809654 0.044663813 -0.029331474 -0.003144915 -0.034828793 -0.009892428 -0.006445927 -0.057745926 -0.009788305 0.0054387604 -0.042327598 -0.013958438 -0.0880252 -0.051187105 0.021415716 -0.011009939 -0.008290441 -0.00734663 -0.033970848 -0.02313155 -0.050543834 -0.07946281 0.050045397 0.040372893 -0.0001093644 -0.038604084 0.066588305 0.0036946686 -0.004896701 -0.06314677 -0.031857014 0.007961106 0.00546124 0.006655762 0.040449478 -0.072069496 -0.057729833 -0.075973995 0.0043347874 0.023885243 0.042121444 0.018493367 0.00650308 -0.03458866 -0.062458955 -0.031170288 -0.018827103 0.007329043 0.0007924289 0.018902574 0.030544583 0.0026784453 -0.042758558 0.07398817 0.059744798 0.03877406 -0.039159868 0.010840653 -0.005846612 0.0032245 0.034657042 -0.010748992 -0.0087361 -0.07210612 -0.039452318 -0.09276591 0.029813102 0.010361283 -0.0069725127 0.014087889 -0.037945304 -0.050734233 0.02466364 0.033172846 -0.038379423 -0.04168231 0.03318516 -0.07671599 -0.11406045 -0.08966052 -0.04090326 0.07268578 0.037460413 0.081778616 0.029612567 -0.009013567 -0.027169032 0.035315596 -0.019653475 -0.07424465 -0.0053350152 -0.063258804 -0.027349053 0.050041474 0.1502424 0.082336076 0.023619939 0.023081176 -0.023809997 -0.03175052 -0.029164342 -0.0092857685 0.017925952 -0.025979722 0.053794052 0.001188267 -0.005668131 -0.013440219 -0.03127801 0.0062202527 -0.039309032 0.048865892 0.024851523 0.019491896 0.009386716 0.034846835 0.060020458 0.024643797 0.02163019 0.07112835 0.055712942 0.059370946 0.05758198 0.0532374 -0.005228634 0.032645248 0.044017423 -0.008649468 0.057121117 -0.020673577 0.033677403 -0.023327094 0.018012468 0.04563497 0.048003078 -0.03567125 -0.012840278 -0.003607479 0.01789834 -0.05221983 -0.045872897 0.048887264 0.033282205 -0.04475506 0.017339658 
-0.027297253 0.028929763 0.017472861 -0.024049005 -0.05140708 -0.029411122 0.013774893 0.024470158 0.023940576 0.031067004 0.01761881 0.0542585 0.05382192 -0.027058734 0.017667916 -0.007231242 0.028345784 0.04145976 0.0073846085 -0.021116246 0.0027743701 0.027569445 -0.0154102165 -0.0034106716 0.05354688 0.021385537 0.015835375 -0.023942204 -0.043011684 0.024952998 0.0027549148 -0.041257497 -0.064727835 0.010658162 0.04290891 -0.041440062 0.010102154 0.03386821 -0.0024741488 -0.039789427 -0.033012494 0.04324597 0.005194845 0.014921908 0.03495429 -0.0035731415 -0.008241059 0.0400591 -0.051211324 0.1795298 0.098929964 0.08637299 0.040157545 -0.009121863 0.007146377 0.0895794 0.08207421 0.07780122 -0.017054126 -0.09984971 -0.1091892 -0.009141766 0.08555132 0.14490147 -0.056476295 -0.12585624 -0.11636741 -0.18908073 -0.09181819 0.0016266266 0.030979352 -0.020193845 -0.111981966 -0.040741526 -0.10574592 -0.08237208 -0.05151114 -0.008692871 -0.015702982 0.036177788 -0.04333833 0.0020172317 -0.06252426 -0.02263645 0.10005545 -0.07734433 -0.12067745 -0.118847124 -0.07387828 -0.073556446 0.07534563 0.1443421 0.043750264 -0.05434139 -0.012085778 -0.032275334 0.113230325 0.21241221 -0.11571678 -0.06637105 -0.016646642 0.03259908 0.050084155 0.028454572 -0.13403893 -0.0649276 0.01962801 0.04805322 0.11951395 0.1050012 0.055477444 -0.054309003 -0.052393474 0.09677374 0.041850533 0.09777133 0.09549173 0.119362034 0.017810395 -0.123384446 0.012888296 0.002034598 0.006451615 0.016511979 0.07388821 -0.06429596 -0.10493614 0.05082253 0.019273536 -0.042746834 -0.082701385 -0.038666084 -0.11434998 -0.11693272 -0.036910415 -0.0052010673 -0.041803636 0.005640527 -0.022889199 -0.07979252 -0.03629968 0.016401526 0.012001252 0.004033735 -0.011088101 0.043162894 -0.063820265 -0.018833965 0.0063465997 0.031532116 -0.011298022 0.024669848 0.024884278 -0.02514544 -0.003456572 -0.04443962 0.045049746 -0.041888326 -0.024759175 -0.019526195 0.04473791 -0.0022324931 -0.03031312 0.024465755 -0.030114993 -0.02477507 -0.082709916 -0.030231418 -0.020035109 0.060698316 0.0024370812 -0.031139016 0.008946461 -0.024114298 -0.05337756 -0.0014755545 0.0264366 0.03864944 -0.0054555386 -0.013697737 0.039015383 -0.060871158 0.014410277 0.049693268 -0.029335255 -0.03130012 -0.04735694 0.015623248 0.04803516 -0.06401451 -0.041888714 -0.025277724 0.051442664 -0.01171415 0.01073406 0.032689556 -0.0073079877 0.015210219 -0.019321214 -0.017756317 -0.013560044 -0.00930594 0.08182424 -0.0031728032 -0.01617696 -0.14141212 -0.12896995 -0.10414466 -0.105328 0.012042237 -0.018879663 -0.086700805 0.025145601 0.026376463 -0.0095519805 -0.03565555 0.011635879 0.013626818 0.011849994 0.046482537 0.13391049 0.101520605 0.0052498668 -0.012737485 -0.008106088 0.020501317 0.08142174 0.13185422 0.041525505 -0.0631099 0.025553325 -0.039181776 -0.052274056 0.0291237 0.09251085 -0.09406389 -0.005290911 -0.019626915 -0.010697881 -0.031993534 0.021590346 0.042533625 0.012153897 -0.0063332873 -0.0026350487 -0.015515021 -0.008541301 0.03156087 -0.01430011 -0.022190124 -0.016351081 0.028347354 0.04135413 3.2317508e-05 -0.048834186 -0.03232735 -0.042340394 -0.06183352 0.040488433 -0.019979803 -0.045397438 0.011054121 0.009196933 0.0030258305 -0.0414534 0.00069817406 -0.05240969 0.03939876 0.020832758 -0.028798074 -0.061743967 -0.060215034 -0.09165907 -0.06420944 0.011849964 0.06206241 -0.020088987 0.0217968 -0.0704998 -0.12233696 -0.059361335 0.0103335455 -0.027077645 0.033989143 -0.025145251 -0.044393077 -0.036436044 -0.041808326 0.039864104 0.010943398 -0.05834905 0.035775438 0.013206137 0.019385064 0.037262548 0.020164963 0.047832236 0.08000866 0.047131862 0.010157846 0.014687475 0.05475755 -0.02014387 -0.058860607 0.004061874 -0.097626165 -0.036080524 0.12845999 0.035194602 0.025611442 0.015397061 0.020728061 -0.011361322 0.00043652992 0.014131933 -0.042855937 -0.06342418 0.0121250795 -0.015797952 -0.06668317 -0.09229537 -0.017616473 -0.11054486 -0.07528403 -0.12310707 -0.1378679 -0.11982838 -0.08223493 0.12634964 0.019022917 0.06460144 -0.13088828 -0.098621905 -0.113009006 0.02333548 0.010150523 -0.04648364 0.06601013 0.031811263 0.008198967 0.0394849 0.09116047 0.011090065 -0.022001721 0.02465738 -0.027161038 0.011121478 0.012685593 0.019176302 0.034828752 0.0050139516 -0.0025406945 0.040229805 -0.04025313 0.045407966 -0.012085169 0.027889017 -0.008847888 0.0015196844 0.0009452508 0.06182812 0.07280662 0.05608452 -0.03597029 0.0068883062 0.069973804 0.056979872 0.015194158 0.06708257 0.034750707 0.01981653 0.0017312758 0.037042063 0.08858625 0.025094938 -0.019165974 0.07450991 0.0435834 0.034456834 0.017857451 0.028357621 0.0056867795 0.028231854 0.03163533 0.040698443 0.00043449993 0.009787025 0.026678981 0.05010536 0.052820303 0.028638938 0.01311215 
-0.0105884075 0.015554592 -0.018181957 -0.016765898 -0.03856773 -0.036353316 0.0031442794 -0.012775243 -0.026974998 0.030753165 -0.029124487 -0.041766122 0.01562973 0.04496765 -0.021648664 -0.029254286 0.00024258657 0.03066794 0.002099206 -0.038895063 0.004894546 -0.013176549 0.037732046 -0.041037317 0.024358872 -0.004149057 -0.010331449 -0.015124265 0.046359323 0.03270842 0.029427161 -0.04335358 -0.006033786 0.039472412 -0.018542543 -0.04570549 0.034885593 0.03877716 0.021426069 -0.015611056 -0.03184207 -0.0066847177 -0.0134525895 0.019843362 0.046176698 0.010325795 -0.04677554 0.024242342 -0.038778096 -0.0053045885 0.036517605 0.02261165 0.03200159 0.049347 -0.03980391 0.013837786 0.01030741 -0.04707668 0.02763706 0.015939929 0.037362125 0.011133896 -0.007096557 -0.01604108 -0.014019363 0.025682705 0.009718441 -0.05243853 0.012615907 -0.042707812 -0.047936227 -0.023740144 0.026267495 -0.009492184 -0.017813906 -0.064403564 -0.057461694 0.03203279 0.0494053 0.022376677 -0.020824216 0.001218323 -0.04039342 -0.0471596 -0.025983041 -0.045793463 -0.03365095 -0.010334439 -0.0021132345 -0.04117516 -0.0534576 0.014694039 -0.04473315 -0.054736864 0.02259856 0.030972742 0.0017016004 -0.017783634 -0.028070332 -0.023224883 -0.00030912555 0.009074265 -0.03421479 0.043705355 0.011936481 -0.031257328 -0.020819308 0.012780949 0.023197822 0.0057855225 -0.023440357 -0.027873334 0.02369208 0.024199244 -0.00041695422 -0.021734117 -0.043182995 0.020834843 0.020141443 -0.05262363 -0.021714825 -0.030196609 -0.05267295 -0.022266157 0.03097017 -0.005420021 -0.02349147 -0.044196907 0.009772864 -0.02725849 -0.0044432012 0.01496533 -0.054252807 -0.037887055 -0.016832866 -0.006565104 -0.028125552 -0.042489666 0.027370512 -0.037622705 0.023717318 -0.011883319 -0.017279766 -0.0006537619 0.010772021 0.03890474 -0.030565454 0.030653426 -0.022706743 -0.018323937 0.019533047 -0.033254366 0.030448431 0.018301181 -0.03250943 -0.027650014 0.0005295817 -0.025009282 -0.040745344 0.001960343 0.034554772 -0.01689992 -0.009963596 -0.029328978 0.038436588 0.044231143 -0.025439836 -0.054437198 -0.013936877 0.020629345 -0.018662743 -0.05904533 0.03273162 0.004631326 -0.02185527 -0.002915241 0.031363666 0.05272691 0.04121898 0.03125746 0.0040776543 0.029809127 0.015310865 0.03238735 -0.011670264 0.026797542 0.011292772 0.0506332 0.019789567 -0.04240021 -0.0042077783 -0.04453568 -0.014514123 0.007382655 -0.032287456 -0.028580923 -0.0037803084 -0.05749729 -0.01253751 -0.018716088 -0.045409814 -0.029428476 -0.029074922 -0.04815732 -0.009453389 -0.03725265 -0.05406223 0.0034451014 0.05258042 0.03271241 0.0010243336 0.025940565 0.053913772 0.013518639 0.026955668 0.007048245 -0.025651734 -0.027142642 0.029268587 0.019290589 0.005213424 0.048000243 -0.030012107 0.045544874 0.05481088 0.0050426726 0.066498555 0.030380502 -0.009452716 0.071674995 -0.0018785611 0.06897198 0.06614489 -0.038392056 -0.0036821426 0.051587775 0.01099277 -0.044306103 -0.015775716 -0.005936799 -0.022631703 -0.046697915 -0.017904874 -0.022777237 -0.0054424405 -0.0072269132 -0.00084453344 -0.011049685 -0.0037089349 0.03131689 -0.00583648 0.028280638 0.029415932 -0.020037824 0.02985926 -0.02596819 0.012298078 -0.02454052 -0.024269925 0.014775581 -0.008204207 -0.013011246 -0.027103806 -0.045113686 0.0584714 -0.012088596 -0.025829012 0.022067204 0.020784654 -0.01377073 0.032001227 0.06626928 0.06484702 -0.024030538 0.016159123 -0.026519861 0.020208536 -0.011905774 -0.015689624 -0.029529493 0.025699843 -0.047988445 -0.01252948 -0.046322424 -0.022208083 -0.05944407 -0.029313035 -0.036786877 -0.0017905348 0.03764234 -0.014506796 -0.030116396 0.03714565 0.014165361 -0.028729204 0.006954593 0.018393423 -0.029857963 -0.049183358 0.060365036 -0.036851637 -0.027068377 -0.01711682 -0.06357164 -0.032851085 0.0064209285 -0.02721426 -0.053742968 0.017749248 -0.05857336 0.0023339412 -0.016402295 -0.033410624 -0.038248282 -0.030700102 -0.015129287 -0.010032514 -0.011529502 -0.01215217 0.026377017 0.02908964 0.0048407917 0.026392717 0.0030299914 0.0016531282 -0.025345786 0.01665847 0.02111825 -0.01993652 0.027150156 -0.03410999 -0.046519764 0.0031419054 -0.05648142 -0.024698816 -0.06388544 0.038473155 -0.0012934718 0.04070365 0.04120348 -0.009330452 -0.00698622 0.0033385672 0.048114106 0.008859159 0.045322556 0.03055132 0.009498548 -0.0064950245 -0.02614244 -0.009919392 0.010560353 0.034293655 0.038057774 0.056376815 -0.030852703 0.030510575 0.034539588 -0.010317543 -0.025723543 -0.035421375 -0.01398313 -0.016931562 0.002449656 0.03298278 -0.010323093 0.049517833 0.05123385 -0.026511624 -0.02465253 0.008873062 -0.011680162 0.04374247 0.015415561 0.01685146 0.016381124 0.05138172 -0.026546087 -0.030220075 0.010756357 -0.016661013 0.017065648 0.016949842 -0.033335093 -0.028449584 -0.0152963055 0.051245797 0.019570673 0.0052540223 0.05290199 0.054144405 0.033269074 
-0.050538722 0.027054887 0.032178126 -0.02884329 -0.03689764 -0.055051323 -0.012246725 -0.017878892 0.004298339 -0.021627363 0.032176416 0.0036123868 0.002190292 -0.015428047 -0.044799138 -0.027343558 0.035727702 0.034127418 0.0032350703 0.035975542 -0.0052704853 0.025102755 0.03945202 -0.04019761 -0.010887215 -0.028129825 -0.021228094 -0.036860652 0.00029323198 0.04270867 0.031536207 0.015998293 -0.035763938 -0.052749645 0.0059519615 -0.048180796 -0.010076647 -0.026710942 0.038147956 -0.011599222 0.04316449 -0.018764561 0.002552512 0.023424279 0.00044459774 -0.032374233 -0.026669739 -0.018578475 0.013858887 -0.0052122893 -0.020293888 0.008277317 0.088903524 0.05331878 0.076780915 0.05959967 -0.0425683 -0.06398253 -0.04619833 0.05701462 -0.027055515 0.10554286 0.11724539 -0.07466357 -0.02572249 -0.073465504 -0.0071223155 -0.045512933 0.031094726 0.05106586 -0.09619276 -0.053999335 0.05112019 -0.022474252 0.0024129897 -0.022063877 -0.024813721 0.0014501897 0.037449505 0.008681893 0.062066615 0.034410898 0.054830674 0.029900068 0.05854553 -0.009948085 0.06491883 -0.014353332 -0.0354053 -0.050917488 -0.020634208 0.062372617 -0.030755447 0.064657524 0.058644947 0.051730145 0.02968764 0.04754287 -0.037557073 0.013973093 0.030981457 0.055521093 0.050020907 -0.011517779 0.06270937 -0.012833434 -0.013513633 -0.01101413 0.059033196 0.01762658 0.016709134 0.08530295 0.049600985 0.06386966 -0.06604619 0.0395463 -0.023411376 -0.013365043 0.066792175 0.07386394 0.0006545244 -0.04574963 -0.09333315 -0.04200222 -0.06408029 -0.017980276 0.014325605 0.031030763 0.036896873 -0.038237873 -0.03951314 -0.049206894 -0.035123885 -0.042008866 -0.046449643 0.00019952917 -0.04968327 -0.027246153 -0.09215014 -0.008353636 -0.0105766365 -0.04312095 -0.050137755 -0.027085003 -0.014978338 -0.011278702 0.07718356 -0.054281227 -0.07808499 -0.040306516 0.04199415 0.005324856 -0.052551262 -0.06494267 -0.062063765 -0.021148555 0.03736522 0.09288932 0.0010567048 -0.036135368 -0.101546034 -0.011388376 -0.057927147 0.05895651 0.08154955 0.04355121 -0.0009543192 -0.0799228 0.009590617 0.03019473 0.06428152 0.025256403 -0.008184761 0.013278525 -0.010300771 -0.0085729845 0.07003903 0.070211604 0.062470704 0.009357427 -0.014966888 -0.06404637 -0.0344274 -0.023748389 -0.054530457 -0.008901579 0.01968084 0.023878185 -0.04831791 -0.009282449 -0.022523476 0.021695195 -0.048238758 -0.017179783 -0.049740076 -0.09014641 0.042433724 -0.03578225 -0.043704327 -0.010748338 -0.0505929 -0.019528978 0.0020793688 0.020538704 -0.020947222 0.02960786 0.046567902 0.022389201 0.007068871 -0.03901237 -0.001337855 0.034237996 0.0031148726 0.010632178 0.032804936 0.02457985 -0.01989115 -0.04103911 -0.059365287 0.021270314 -0.016218135 0.035769984 0.06913452 0.04408437 0.029335998 0.054866124 0.056723177 -0.0026874465 -0.007886367 -0.0016938545 0.04761801 0.02112347 0.055296298 0.041460868 0.089259036 0.022896605 0.050653495 0.023090653 -0.010845923 -0.016344376 -0.01168588 -0.062246922 -0.04811996 0.016678205 0.024253694 -0.13321707 0.009218472 -0.022532215 0.030803448 0.002395084 0.023362445 -0.02654642 -0.14457458 -0.07316186 -0.05223366 0.0027793068 0.026941914 0.03350626 0.03554898 -0.04627751 -0.05732111 -0.061329465 -0.05170303 0.0108487755 0.053798098 0.13321441 -0.047786374 -0.041411437 -0.015083469 -0.07396863 -0.071183935 -0.036147412 0.06605022 -0.076767564 -0.060055822 0.010413331 -0.05490544 -0.013594775 0.0018243479 0.040139325 -0.08969463 0.044618804 0.044761777 0.005878862 -0.022668704 -0.058302823 0.096357435 -0.033240657 -0.046948098 -0.050422516 0.04687112 0.011162745 -0.0513028 0.115361415 0.085864514 0.064282 0.011894662 0.07540888 0.0053882506 0.05615199 0.015031439 0.07135565 0.0002863441 -0.10625014 -0.02719081 -0.010601099 0.08874458 0.055517834 0.09684829 -0.008788125 -0.09577505 -0.03802654 -0.0061446745 -0.026759973 0.06449855 0.0822406 0.04473073 -0.06328412 -0.061154824 -0.09953115 -0.026656667 0.0011900369 0.062102605 -0.016102977 -0.11456869 -0.03320508 -0.042714924 -0.083493695 0.002757554 0.08220237 -0.043846127 -0.08947551 0.0016084402 -0.047135036 -0.016267944 0.048625343 0.109273285 0.011520084 -0.07910677 0.020788113 0.034421094 0.03599166 -0.029592924 -0.03418846 -0.034249924 -0.02207938 0.001409673 0.047477268 -0.012120672 0.048686247 0.04304774 -0.004472196 -0.017296845 0.048880212 -0.028941184 0.045153555 -0.04016605 -0.015266561 -0.02366361 -0.0065767094 -0.018214688 -0.029034825 0.024446484 -0.00024385589 -0.038714696 0.027850134 -0.023376731 0.008827968 -0.01108853 -0.023288693 -0.06588137 -0.0040348996 0.025355857 -0.03202015 0.049194865 -0.03254033 -0.0057826643 0.0371154 0.057456713 -0.032079156 0.025583731 0.047870144 0.01612915 -0.018953966 -0.02768719 0.029666897 0.032187093 -0.030387351 -0.019507876 0.033840444 0.04888872 -0.0041093593 
-0.056047577 -0.004808969 0.016437922 0.012919944 -0.041448396 -0.004094058 0.035947774 -0.002737483 -0.035974994 -0.043750178 -0.033407893 -0.046027455 0.037689265 -0.013424914 0.035250124 -0.01897924 0.039212275 0.023617076 -0.011808127 -0.023742566 -0.034620162 -0.009833075 -0.002391187 -0.038074195 0.023293536 0.044642 0.007323352 0.002997413 0.008018591 0.0013606953 0.04647789 -0.004376103 0.0330589 -0.009880965 -0.046891276 -0.006161725 0.00857936 0.017789967 0.03115108 -0.0063747256 -0.0010246417 0.030676993 0.031479813 -0.043200094 0.0077037164 0.008618247 0.014744097 0.040596537 -0.013312651 0.036571823 0.068171635 0.015839295 0.03727808 -0.007305472 -0.0061720274 0.031969078 -0.035642166 -0.032671332 0.0738699 0.048652444 -0.019897658 -0.010688559 -0.03136189 -0.010037404 0.012644991 -0.05542233 0.03997437 -0.00091111317 -0.060910717 -0.078271225 0.03816318 -0.041775748 -0.04721788 -0.05412813 0.029850813 -0.06186017 -0.0002125245 -0.024479698 0.0011714797 -0.0024348446 -0.016565667 -0.03375947 -0.022714471 0.046426106 0.0384134 0.065712936 0.0032170806 -0.016030805 -0.06315083 0.0061853454 0.033637688 0.06130347 -0.018236578 0.0038461853 0.04465042 0.027208485 0.0020306183 -0.02111244 0.079955086 -0.004958549 -0.049487814 0.02610027 0.010604399 0.038829572 0.023203954 -0.0065290965 -0.018825185 0.039758418 -0.024725016 -0.014198006 -0.021689616 0.0967929 -0.014297708 -0.016290052 0.0010326611 0.020347537 -0.03204632 -0.040201556 -0.026449826 0.034169387 -0.012188008 0.052871384 0.08360354 0.04154919 -0.0077948095 0.033971824 0.010850576 0.054446757 0.058037214 0.02574661 0.061295856 0.041636053 0.011833044 0.021153916 0.085222036 -0.0051236227 0.038446542 0.056477085 0.046031218 -0.022643428 0.025483638 -0.023872087 0.05418593 0.06999591 -0.03360091 0.054948132 0.020071236 -0.011991609 0.019447658 0.0073099225 0.038810313 0.05394843 -0.0027522405 0.027485745 0.021205189 -0.00070979045 0.0010208854 -0.043471664 -0.010868755 0.044370122 0.019457255 -0.04833007 0.011457532 -0.014279781 0.06775672 0.030515214 0.03699651 -0.024584606 0.032708853 0.048510347 -0.0023279234 0.019104375 -0.042771798 0.009158998 0.024791043 -0.0011031171 0.006997762 -0.008196261 0.022857334 -0.026853014 -0.00992896 -0.016376043 -0.034201518 0.050403558 0.02074958 0.053009123 0.065407544 0.0448079 -0.016565148 -0.021868145 -0.008984629 0.0051016714 -0.030964429 0.042414676 0.022435294 0.014514733 -0.010168483 -0.028815962 -0.022912294 -0.042717267 -0.0145944515 0.040014613 0.0064508105 0.042095657 0.004198521 0.023070725 -0.05959145 0.0027065808 0.018775217 -0.02490781 -0.0028740948 0.013499706 0.03824832 -0.0022681772 -0.007086713 0.06104589 0.00072314724 -0.008731147 0.038706522 0.04047901 0.0031680788 0.00060876575 -0.026347287 0.022123441 0.010522667 0.027324371 0.058802728 -0.034707706 0.012865021 0.00903061 -0.010950141 0.00423694 0.032378055 -0.013792777 -0.028133033 0.01869212 -0.031103626 -0.04060988 -0.03871816 0.01362623 0.025878025 -0.047007557 -0.06976636 -0.05952957 -0.012516581 -0.12298417 -0.04295118 -0.04526228 -0.14488156 -0.06680423 -0.0764841 -0.12197392 -0.05300532 -0.032391705 -0.018490834 -0.060219936 0.02261581 0.029418113 -0.056554545 -0.059901297 -0.012905203 -0.0030704308 0.04233956 0.011792676 -0.10323569 -0.057681054 -0.076775745 -0.033830784 0.01983928 0.020584255 -0.07604041 -0.1012313 -0.09858737 -0.090722844 -0.056307066 0.047382046 0.06565738 -0.04068945 -0.04671477 -0.090025626 -0.012695133 -0.057002183 -0.030393548 -0.023005215 -0.028672159 -0.068962224 -0.099145256 -0.053405933 -0.078471296 -0.07018497 -0.08630741 -0.06701894 -0.1067957 -0.106765494 0.09198858 0.044929195 0.06333856 -0.012463264 -0.0069055897 0.035888147 0.027276112 0.053900145 0.05256126 0.054431133 0.054284822 -0.0036373776 0.019450678 -0.050820004 0.019968642 -0.0004928283 0.013550004 0.03956934 0.054572478 -0.045819618 -0.01916689 0.0373932 -0.0014327092 0.06757937 0.0017249461 -0.034240168 0.006920728 -0.037786633 0.023033677 -0.008191588 0.0025696468 -0.09169118 0.010057482 0.02833731 -0.0748874 0.0051381504 -0.031867113 0.02202872 -0.069889225 0.019528909 -0.028783957 -0.04094933 0.016954208 -0.05708549 0.013596885 -0.088921376 -0.043063935 -0.06448563 -0.019168517 -0.031651683 0.010383775 -0.060368307 -0.046866085 -0.014962743 0.03637633 -0.046348892 -0.011068457 -0.0046418924 0.010046527 -0.038380325 -0.026266584 0.007662863 0.0068309545 0.04258848 0.01288056 0.020335002 0.029365951 -0.009671482 -0.006291822 0.01238489 -0.05183308 0.05002291 0.05104661 0.02130132 -0.0317424 0.015976872 -0.00013937715 -0.021872606 0.0035899747 0.0028619797 -0.0012874193 -0.005701524 0.026426664 0.04170704 -0.015175115 -0.021249127 -0.031459693 -0.044263564 0.029025225 -0.021699525 -0.00036999496 -0.018547794 0.009017557 0.01444141 -0.018230561 0.04658795 -0.027566928 0.039039947 
0.019150777 -0.032774113 0.043944374 0.004197143 -0.036643453 -0.014792192 0.039401248 -0.008082872 0.0026179638 0.037735835 -0.040587414 0.04088221 0.031565767 0.0439093 0.020314349 -0.033849437 0.03785116 -0.022934575 0.011370311 0.013724494 0.004457017 -0.01388805 -0.035374966 0.040092792 -0.05101528 -0.014888708 -0.04319547 0.056329142 0.018539533 -0.05177259 0.03954997 0.008378048 -0.020037564 0.028118525 0.040227603 0.037925452 0.049316812 0.020480085 0.044370253 -0.043878566 0.0015487886 0.034368865 0.004602776 -0.0090477895 -0.01153008 0.012222105 0.039644573 0.02792786 -0.05225303 0.028906941 -0.013423761 -0.024371792 0.040481728 -0.019846855 0.016744005 -0.050044477 -0.038960926 -0.008503688 -0.020991512 0.039937068 -0.00018693895 -0.0049870964 -0.004603035 -0.0065137045 -0.073277734 -0.07808196 0.018311836 -0.01960256 0.019554785 0.057469048 -0.058457147 -0.0007199684 -0.041856952 0.06107459 -0.021903923 0.004675684 0.015060255 -0.013927374 -0.07162136 0.0074277553 0.040900093 -0.03925189 -0.033656254 -0.023940371 -0.0426901 -0.018200288 -0.015647251 0.0041011097 -0.018075904 0.02823748 -0.010921735 -0.07017278 -0.08735493 -0.032885976 0.018308977 0.03967453 0.010900948 0.039280146 -0.0886625 0.03473681 -0.033917144 0.007012382 0.04607573 0.035416078 -0.0056192167 -0.06942777 0.012385081 0.050013155 0.048664834 0.016248357 0.026543206 -0.02950272 -0.0066400403 0.106254235 0.082245864 -0.01592994 -0.048618525 -0.054611742 0.040636577 0.022125382 0.037160855 0.021348523 0.043537773 -0.022935713 -0.05785434 -0.021362424 -0.01903117 0.0717056 -0.010282616 0.024605138 -0.030604599 0.0004461205 -0.061389238 -0.021546962 -0.013470489 0.04093828 -0.077781826 -0.02912022 0.009200678 -0.019358808 -0.033815794 -0.032836016 -0.04558618 -0.006350675 -0.03951621 -0.010273524 -0.046082355 -0.012770108 0.038640928 -0.021009538 0.03108658 -0.0073463684 -0.03474882 -0.00166439 -0.008142602 -0.013261155 0.038483772 0.0354482 -0.03599975 0.008308456 0.00053149153 0.043381542 0.047139715 -0.0050509074 -0.029821882 0.01709157 0.024275035 -0.051111404 -0.0031882778 -0.004125898 0.013411798 0.00039561692 0.007693111 -0.020074537 0.03271529 -0.02294918 -0.026591772 -0.014790252 -0.0044298125 -0.031932164 -0.027644368 0.041253887 -0.044477794 -0.068910606 -0.06180496 -0.04171153 -0.0045085507 0.016322916 -0.042093627 0.025353339 -0.03179616 -0.06520278 -0.041086916 -0.04712581 -0.0055947094 0.025251767 -0.022426628 -0.02157522 0.016192358 -0.013598409 -0.02769757 0.045493327 0.014323007 -0.024563592 -0.02375018 0.047016997 0.03789396 0.022375256 -0.055120934 -0.05890874 -0.018463211 -0.027770253 -0.023166895 -0.00024631715 -0.011196931 -0.049580727 -0.041825574 0.051024348 -0.0040584775 0.01504784 0.029490737 -0.03198335 0.030025825 -0.029954303 0.011074176 -0.015997127 0.0008812236 0.064081945 0.033713292 0.025168313 0.015670652 0.035691246 0.03995721 0.0342498 -0.014174899 0.022502843 0.0375295 0.008389212 0.0182794 -0.041640297 -0.012472588 0.034678884 -0.01785065 -0.03350446 -0.00032979852 -0.016283149 0.03808413 0.059417956 0.0024652048 -0.0025430128 0.014741963 -0.0039531086 -0.031545326 -0.00220846 0.040712573 0.05267567 0.055284966 0.042080525 0.06633806 0.012788584 0.034844264 -0.01964615 0.012725181 -0.04230876 -0.017773911 0.04993102 -0.018307323 -0.02594368 -0.006150168 -0.031025868 -0.07914378 -0.03596886 0.0019811357 -0.014749207 0.03139835 0.0133407395 -0.017607197 -0.082181126 -0.07538705 -0.057745542 -0.07586398 -0.008074991 0.009202164 -0.06944427 -0.012167368 -0.03492872 0.012041888 -0.06769811 -0.0657828 -0.013043611 0.05717364 0.08065105 0.06236227 0.058264155 -0.01568104 0.006224473 -0.019224742 -0.003325308 -0.041418385 -0.046194524 0.038720828 0.036588337 0.03309155 0.042547952 -0.008716702 -0.041305166 0.031785533 -0.051504064 0.007892085 0.04002676 0.07793471 -0.02030553 -0.03460446 0.013902761 -0.04634545 0.022920836 0.070268705 0.03425639 0.0009459227 -0.005373935 -0.026921056 -0.051885482 -0.021287993 0.028316667 -0.012709481 -0.07565817 -0.050956946 -0.07638109 -0.029968863 -0.0225704 -0.059216354 -0.043475334 0.014314822 0.044976763 0.05333349 0.015320078 -0.007815044 0.09456961 0.02889754 0.057817105 -0.030536782 -0.042371046 -0.07589302 0.037347272 0.02588515 0.014834143 -0.032955512 -0.032051217 0.046049878 -0.047379557 0.016320696 0.011894713 -0.012295672 -0.044588856 0.026011087 0.03873875 -0.05494866 -0.019687193 0.025673047 0.023588143 0.02132874 -0.029268295 0.025403814 0.012180161 0.020336097 0.0056093507 -0.035316326 0.008761921 0.04503058 0.03210753 -0.0089571625 0.030949423 0.0410595 -0.03064372 -0.009143265 0.025893236 -0.0023972522 0.01860338 0.0382297 0.028683774 0.010631824 -0.050473783 0.029194186 0.023253286 0.00928165 -0.007130558 0.019548766 -0.024420973 -0.008567765 -0.00032413352 0.024849446 -0.048409093 
-0.054634493 -0.04748311 0.018189443 -0.031882174 -0.05660047 -0.014346297 -0.038640965 -0.01585677 0.009473353 -0.02451676 0.019497128 0.032712534 -0.054884933 -0.014526107 0.04320649 0.03605465 -0.056059968 -0.02575844 -0.0012099786 -0.044179402 0.029440546 -0.03333223 -0.003863398 0.028995238 0.041954383 -0.034773476 0.046578854 -0.0023570897 0.005087578 -0.04806808 -0.03757849 -0.04737485 0.012667893 0.011170185 0.02454619 0.026943412 0.025484178 -0.025149383 0.032741457 0.035875272 0.009934159 0.041494682 -0.0058930786 -0.050736632 -0.026180005 -0.007893142 -0.023861509 0.0119554885 0.0016858107 0.017915126 0.05513431 -0.005476976 -0.03970517 -0.09087845 -0.12496231 -6.0585367e-05 0.0036949653 0.027724227 -0.027768511 0.043551013 0.00073243724 -0.11650192 -0.043575738 0.04194353 0.0132121155 0.017881522 0.08986846 0.08223263 0.012643866 -0.019628832 -0.05388086 0.07672115 0.008031224 0.029800657 0.038745668 0.076756686 -0.020656094 -0.085368685 0.08445971 -0.008239665 0.038858447 0.062457453 -0.035122167 0.07421077 -0.035225924 0.130226 0.057584055 -0.044091713 0.025008714 0.024822017 0.04719389 -0.1092537 0.035458073 0.0077851126 -0.044421345 -0.023281751 -0.029499402 0.029117826 -0.009426625 -0.047185443 -0.028470604 -0.04830193 -0.0006573269 -9.262235e-05 -0.034910083 0.103365235 -0.03323155 -0.044745263 -0.1433826 -0.11233768 -0.08538714 0.011409809 0.012529452 -0.02729802 -0.09631221 -0.10150948 -0.07852447 -0.09829263 -0.029069412 0.02917657 -0.07508893 -0.003372017 0.015999524 -0.015432462 -0.0291429 -0.0021270716 0.07966391 0.017461445 0.0016718073 0.041620765 0.055865027 0.0021471016 0.04907733 0.0296329 0.017206937 0.019170873 0.11201477 -0.015975943 0.01583234 0.0031664213 0.13050152 0.08466389 -0.03422407 0.03844275 0.0149568245 -0.02643576 0.03710711 0.043419152 0.02941048 -0.007505684 -0.026061257 0.08008813 0.03202828 0.078278676 -0.01594974 -0.05241341 -0.055589486 0.025409352 0.02022586 0.032480128 0.030130364 0.012178824 -0.04488707 -0.03697101 -0.03960794 0.053160887 0.009285229 0.0021637152 0.033340774 0.029375536 -0.0023630762 -0.08258395 -0.040287953 0.056983963 0.009824914 -0.009426549 0.0216872 -0.0015395484 0.013659528 0.031081144 0.00058424385 0.042702857 0.008070696 0.026335036 -0.02339348 0.04680848 0.016839266 0.028392546 -0.026090255 0.037265368 0.014237945 0.021554561 -0.017130455 -0.019173196 0.018599663 -0.002737142 0.09632405 0.10553062 0.013396325 0.06872344 0.041044008 0.023583611 0.05895583 0.103083275 0.027311172 0.026452454 0.038534988 -0.027574457 0.07498538 0.03703267 0.049021598 0.0006362159 0.03642316 0.013160251 0.04228938 0.09056277 0.057133757 0.06555275 0.009803665 -0.047314584 -0.07432069 -0.016569795 0.026617039 0.058648158 0.0011479099 -0.0056321565 -0.08842911 -0.028263206 0.009377072 0.013259516 0.008155869 0.02913446 -0.003844598 0.0310002 -0.003478944 -0.01724729 0.09775165 -0.0262684 0.07468327 -0.004433165 -0.0027370083 -0.0033778315 0.029607836 0.047546897 0.06148132 0.034696355 -0.008884549 0.0638979 0.017703306 -0.0390268 -0.038938813 -0.06716962 0.1220117 0.089138776 -0.034373138 -0.079948574 -0.109884955 -0.06373992 0.10559218 0.06333747 -0.10235108 -0.069745034 -0.013057462 -0.07446823 -0.07053903 -0.0014123822 -0.021169715 -0.05503719 -0.061934717 0.024519436 0.026207186 -0.009878788 -0.017267458 0.015779698 0.0015454427 0.05839327 0.06690548 0.028957654 0.026295358 0.0015370037 0.020120332 0.1121743 0.06637496 0.04516578 0.08210085 0.047808513 0.030096544 0.035850465 0.06328545 0.08802771 0.0272429 0.057600766 0.0865289 0.10789963 -0.019719955 -0.008994632 0.019824782 0.021466771 -0.008205483 -0.079309195 -0.038280126 -0.04407982 -0.04753846 -0.043365095 0.028531408 0.06318939 -0.0024763714 -0.032260805 -0.09935518 -0.10598634 -0.014087194 0.0923502 0.03787079 -0.019932497 -0.047302768 -0.058349177 -0.00598835 -0.044334657 -0.009662477 -0.014807628 -0.0028553426 -0.0751957 0.00066272455 -0.047278192 -0.005699246 -0.0043410426 -0.08389663 0.063277684 -0.03291959 -0.0041799303 -0.07375296 -0.048295703 0.018272528 -0.030077403 -0.02540264 -0.044133596 -0.010873815 0.055745706 0.011168785 0.092923306 0.040490396 -0.009120895 -0.09293346 -0.0011319112 0.019377114 0.00439916 0.0022783335 -0.005794119 0.02711751 0.0030373416 0.022889573 -0.055966504 -0.04207207 -0.05902686 0.009041523 -0.079391435 -0.010880109 0.039377347 -0.05495497 -0.000651713 -0.052330066 0.021233058 -0.067630924 0.035704616 0.030322516 -0.027953004 -0.05250432 -0.024564201 -0.026655195 -0.022121245 0.02092684 0.043901924 -0.016832747 0.011838401 -0.046969205 -0.028816858 -0.06458991 0.032889277 0.06365645 0.0058239056 -0.030453365 -0.0073570386 -0.02585985 0.014887593 0.027785923 0.04758394 0.07355519 0.0026541983 0.009986764 0.023489404 -0.010385088 -0.014480815 
-0.04022046 0.046419498 0.050769243 0.057435468 0.025941925 0.024901127 0.04387233 0.01167534 -0.019131187 0.0047832155 -0.05336079 -0.05020612 0.01913955 -0.012387639 -0.016988454 -0.045691807 0.010974633 0.052753877 0.012317828 0.005263408 -0.05030231 0.023045909 0.014085432 0.04934242 -0.039353605 0.017897101 -0.01822227 0.037625343 0.04026122 -0.045447264 0.04280551 0.04863848 -0.046993855 0.00757028 -0.027367694 -0.021109449 -0.028959613 -0.016762577 -0.0053894706 0.024786646 0.009904549 -0.026369877 -0.015781367 -0.00039728166 -0.011744219 0.013509668 -0.027484838 0.028376564 0.011911461 0.07099619 -0.033501286 -0.1178667 -0.040594656 -0.024295146 -0.02787592 0.022441566 0.0875601 0.026639247 0.043253567 -0.018138286 -0.006464332 -0.001280951 -0.11803772 -0.009248865 0.04557601 0.10860561 0.050323848 0.028983824 0.018817617 -0.04157289 0.030455252 0.06534653 0.09607996 -0.0054532527 -0.0009269062 0.123436704 -0.10310671 -0.01944729 0.071494654 0.07667547 0.05911406 -0.0066270456 0.059192084 -0.0732523 0.060886674 0.022017503 -0.05732051 0.05625907 0.030371074 0.09165873 -0.039688647 0.07189634 -0.0100290105 -0.03651705 -0.043012634 -0.018905304 -0.013584407 -0.08862786 -0.02142338 -0.07898662 -0.025401428 0.036749966 -0.08329841 0.021761758 -0.024863089 0.055637073 -0.066680394 -0.00015747125 -0.016944211 -0.05398709 -0.05614378 -0.023102818 0.05716331 0.0039451793 0.028138392 0.032885764 -0.07278045 -0.057200294 0.0047118617 0.15605144 0.09441977 -0.0117929885 -0.07086499 -0.0455302 -0.08623239 0.0116219185 0.16049097 0.049026195 0.03101995 0.062974505 -0.036156926 -0.10979188 -0.108837575 0.1681396 0.008238078 0.025510615 0.059696812 0.053274587 -0.05278021 -0.105977654 0.0973905 0.07410354 -0.038222007 0.01947165 -0.050526556 -0.083383664 -0.0633757 -0.07277722 -0.07158292 0.0040445025 0.055827573 0.015291459 0.0104866205 0.003762595 -0.064887546 0.016081816 0.050436895 -0.027448643 0.0348562 0.019800555 0.005814766 -0.04011234 -0.028689543 -0.03454916 -0.092879735 0.026147624 0.018374916 0.026830424 -0.0056006126 -0.041199066 0.005286431 0.007414879 -0.04034475 0.01656757 -0.0061999205 0.03838476 -0.037886024 -0.07264367 -0.08748707 0.018087061 -0.010068419 0.036594912 0.017961035 -0.0064645056 0.006475723 0.0068564727 0.00570916 -0.019401873 -0.010281784 -0.014944068 0.004020267 0.039969333 0.0330306 0.06983535 0.019326312 0.034492314 0.07421902 0.023338865 0.03424478 0.01990783 0.05120244 -0.0035971438 0.013697677 0.084773876 0.04870849 -0.040814266 0.008686394 -0.029532354 -0.007904447 0.041474216 -0.012507063 0.045416538 -0.05642999 0.002495508 -0.05907054 0.013199633 -0.019245222 0.020425722 0.020822855 -0.014508288 -0.01807699 0.026036873 0.008793238 0.024783399 0.016663125 0.034641538 0.007983724 -0.022476232 0.03482264 -0.05028772 0.08778644 0.022224467 0.006897927 0.021297827 -0.031956226 -0.010573669 -0.01989101 0.018926812 0.013640264 0.04294199 0.012222722 -0.022497669 -0.042858586 0.0054814257 0.061073203 0.041992996 -0.028049305 -0.017801981 -0.0708117 -0.060966235 -0.0094386265 0.027382463 0.049066193 -0.05107443 0.013709777 -0.06824489 -0.052513935 -0.15132387 -0.0344711 0.10469443 0.038072534 0.04281295 -0.0075627617 -0.07681208 -0.09053293 -0.042376 0.14514525 0.096068025 -0.002455635 0.01850068 -0.021187333 -0.033132125 -0.13665693 0.09712493 -0.0054830527 0.00925154 -0.011564143 0.0025480348 0.014402511 -0.16060685 0.1408536 0.033272363 -0.030679388 0.050678533 0.08206858 0.023627792 -0.18972996 0.16057138 -0.015520384 -0.052440953 -0.010083331 -0.05777762 -0.0929803 -0.08287379 0.015972186 -0.038594037 -0.017696952 0.019201959 0.008928947 -0.055755787 0.0008479826 0.0038544943 -0.0014319707 -0.030869577 -0.008495473 -0.091315106 -0.050879735 -0.054135047 -0.0004522925 -0.053855244 -0.010357803 -0.042838883 -0.005681606 -0.072130084 -0.015490344 0.019818801 -0.03228036 -0.06816071 0.04644731 0.029144472 -0.037923153 -0.04452088 -0.0047757328 -0.04448677 0.04852446 -0.05875866 0.019217944 -0.1307639 -0.12569842 -0.00056736084 0.02846977 0.044330038 0.036672402 -0.06872618 -0.06230729 -0.032485053 0.004225547 0.020807687 0.077496216 0.0029822285 -0.019600408 -0.04075243 -0.00732502 -0.0313119 0.021000804 0.012145068 0.047584843 -0.052666165 -0.002801081 0.030691754 -0.0032418207 -0.038167994 -0.025029296 -0.031583495 -0.02470795 -0.037351254 -0.020757549 0.02963471 -0.0007221703 -0.05822154 -0.030742986 0.015104965 -0.051121917 -0.054215144 0.04207094 0.01491196 0.008848856 -0.034970824 -0.010812262 0.029861966 0.016401859 0.031523347 -0.036354955 -0.04204684 -0.033994444 -0.014173824 -0.050074007 -0.03518543 0.0142253665 -0.051016644 0.0334415 -0.05735808 0.0072528366 0.0092199985 0.0057292758 0.07415071 -0.01945621 -0.017247163 0.01440889 0.0019147248 -0.0064099077 0.04601743 
0.04280435 -0.041641165 0.007681973 -0.016917083 -0.03649475 0.050064113 -0.0375248 0.038916063 -0.0065481747 0.04465843 0.049974166 0.018503446 -0.023864113 0.018548302 0.03736917 0.0012796604 -0.0079678325 -0.036525156 -0.006003969 -0.029224353 -0.03323618 0.02258622 -0.021468373 0.047460105 0.015653422 0.02425837 -0.043796625 -0.040586114 0.014078149 0.03914953 0.028448923 0.04003467 -0.041452974 0.021980403 -0.009046505 0.047816604 0.015271714 0.032606017 0.040128365 0.03962529 0.0039655417 0.027008833 0.013356102 0.02106061 -0.050354943 -0.0023451974 -0.03180992 -0.046836145 0.025760531 -0.037903544 -0.03352184 0.011144799 0.03882288 -0.015693549 -0.057237696 -0.10335917 -0.07353642 0.018889371 -0.00925292 -0.029084412 -0.0040322836 0.0005691542 -0.018191036 -0.061672837 -0.04096524 -0.003152209 -0.05666997 0.067003794 -0.013680316 -0.039136756 0.020325104 -0.034913365 0.006914797 0.03139753 -0.009952036 0.037469216 -0.10220144 0.044537004 -0.026951067 0.0013823592 -0.048605133 0.008154519 0.016945586 -0.03320299 -0.0013966426 -0.02859717 -0.0042739077 -0.00045127168 -0.059707038 -0.09896818 -0.0101545295 0.0146039305 0.09243737 0.116403475 0.104124434 0.0694149 0.058395516 -0.035995375 0.045430806 0.038863458 0.040223338 -0.02456621 0.032014623 -0.041585192 0.052559894 0.08246853 0.01241801 0.03532466 -0.10700105 -0.037747547 -0.016636722 0.0341546 0.085509405 0.12936579 -0.10389244 -0.15689701 -0.027986255 0.07934227 0.11112624 0.1497074 0.020297129 -0.13918373 -0.14073317 -0.0731271 -0.023069879 0.12840977 0.19004029 -0.015510156 -0.08798189 -0.15166199 -0.13331865 -0.16604832 0.06308999 0.21218495 0.02646034 -0.05874463 -0.14023793 -0.13365357 -0.0996216 0.115226135 0.122032784 -0.015959373 -0.117488876 -0.16829102 -0.11848462 -0.071889274 0.082094714 0.03080654 0.029791178 -0.03550171 0.043996345 0.02747134 0.033817936 -0.014512897 -0.010568413 -0.0024240464 -0.028073795 0.057247393 -0.00019727825 -0.011483684 -0.0031607943 -0.081052 -0.058669075 0.033202622 0.0316786 0.09211564 -0.029309819 0.011431836 0.005172075 -0.013775421 0.044845946 0.053651854 0.0891157 0.035881754 -0.03730944 0.009671328 0.02304132 0.015850814 0.09416229 0.05030717 -0.0005367535 -0.06388935 -0.06234181 0.029453456 -0.017509084 -0.010803192 0.016498208 0.010357641 -0.003910332 -0.04051794 -0.05020139 0.017649708 0.037546705 -0.0067665507 -0.053509213 0.0680068 -0.06355711 -0.09858674 -0.10537023 -0.09202555 -0.041550077 -0.060248606 -0.06424427 -0.056079756 -0.04128079 -0.004009849 0.038145423 0.050977755 -0.061951503 -0.10926697 -0.013867408 0.00328798 -0.009715818 0.0819651 0.073301375 -0.07219465 -0.04340269 -0.029645508 -0.040152315 0.06495955 0.021736797 0.011556023 -0.05572896 -0.07956722 -0.0043970044 -0.007867175 -0.001699783 0.014900186 -0.033037256 -0.015373196 -0.0014715196 0.0036782927 -0.0009046167 0.028229207 -0.010780925 -0.07357913 0.02520735 0.020152004 0.025997514 0.040582802 0.00825224 0.008443983 -0.07294573 -0.00057218823 -0.0247707 -0.07142029 0.017436072 0.025907716 0.052630465 0.04863828 -0.049557842 0.01111314 -0.049728643 -0.030949296 0.019183105 0.040362153 0.014233789 -0.023879405 -0.07612353 -0.010435159 0.09340407 0.027563676 0.07953409 0.047159467 0.04919265 -0.0062309173 0.015226744 0.13447316 -0.01842775 0.01951999 0.07185433 0.080955945 -0.00031947196 0.04150096 0.04976787 -0.0044892672 -0.04049959 0.027396053 0.047553737 0.055343438 -0.018231874 -0.029138947 -0.057929605 -0.069821514 -0.07158837 -0.072042964 0.03227758 -0.0068865595 -0.05372011 -0.048783917 -0.06866855 -0.09074493 -0.11546282 -0.063053384 0.0032538676 -0.04322423 -0.0946727 -0.03241061 -0.013913886 -0.013667851 -0.0050034127 -0.03791207 -0.005775267 0.001230612 -5.7901332e-05 -0.04954788 -0.057850637 -0.0624623 0.061517857 -0.027741134 0.025511758 -0.012163631 0.006590642 -0.034867134 0.0034569253 0.016980594 -0.044889778 -0.037106488 0.08143212 -0.018527593 -0.013659911 0.017910251 -0.04774979 -0.07924702 0.05263808 0.027340058 -0.027222378 -0.052143328 0.015819168 -0.0059001795 0.016943632 0.050690733 0.0034515662 -0.017037569 -0.006748879 -0.022774467 -0.08281692 -0.098154664 -0.0960708 -0.022407504 -0.04417673 -0.105392955 -0.19025573 0.023289448 -0.025467483 -0.047512565 0.04512987 -0.03630774 -0.04066022 -0.01694451 -0.041984882 0.01064449 0.0238573 -0.007683284 0.00015758988 -0.0021575603 -0.042249966 0.008094139 -0.018930353 -0.012919164 0.041908488 0.0384108 0.03476005 0.011023266 -0.019889668 -0.017401047 0.052824233 0.035238802 0.026101094 -0.0011762885 0.027578166 0.0028313429 -0.017758247 0.021434488 0.044987373 -0.025915155 -0.047374334 0.0046945894 -0.02934598 0.02535216 -0.035867967 -0.016593024 -0.008149277 0.031404104 0.040230002 -0.022827102 -0.0112587325 0.035722896 -0.03199175 -0.0015032649 0.021197217 0.053176206 
0.056736805 0.00045701547 -0.015634976 0.06322475 0.05242822 -0.021429468 0.05828553 -0.036344547 -0.03791348 0.013110203 -0.0034991628 -0.05554684 -0.015282188 0.021589944 -0.045026433 -0.04789796 -0.011079835 -0.01133643 0.057805326 0.016666943 0.001243203 -0.046117034 -0.045279738 -0.019038098 -0.024484862 0.0065125176 -0.05774344 0.015868314 -0.012326394 0.035630014 -0.03337151 0.03777214 -0.03390491 0.012727344 0.007414389 -0.041578133 0.0467515 0.010132446 0.0095339455 0.021189194 -0.0508621 0.017240264 -0.05569194 0.019042123 0.019745339 -0.009304592 -0.059575036 0.025435088 -0.00046973987 0.052960362 -0.103391014 -0.098393284 -0.022517988 -0.011623131 0.014578218 0.030452298 0.051195197 -0.062456314 -0.0882081 0.00477401 0.07967488 0.10888549 0.036179487 -0.022898939 0.038424782 -0.11191792 -0.08407911 0.033479292 0.03204069 0.06631918 0.008912902 0.0722876 0.025629386 -0.011549085 0.06453767 0.055444732 -0.030462282 -0.023698198 0.1032907 -0.014723215 -0.020780303 0.05210168 0.028325524 -0.07085174 -0.040307134 -0.0063855196 -0.013056759 -0.010166513 0.102518074 -0.0054520313 -0.0062486324 0.07723112 0.036416244 -0.062080625 0.031232227 0.052356496 0.029055988 0.0121804215 0.11188785 -0.04756402 -0.004287898 0.018185247 -0.019995544 0.13888663 0.24056493 0.0906344 -0.1155999 -0.121415935 -0.043610033 0.013022107 0.037919313 0.16025144 0.047263786 0.021048272 -0.07396857 -0.044551983 0.0391644 -0.028482959 0.045985565 0.01432973 0.14949217 -0.07482991 0.029654343 -0.022752218 -0.00428826 0.0074695167 -0.083219305 0.019723177 0.015377533 -0.015151642 0.09069508 -0.059983723 -0.051066153 -0.13231422 0.013823376 0.032156464 0.034648728 0.026771443 -0.012140263 -0.123773985 -0.25743273 -0.05489051 -0.04778451 0.07109008 0.06309584 0.021726374 -0.25387123 -0.09222288 -0.010615583 0.021618279 -0.053032655 -0.026893115 -0.059110276 -0.04603505 0.013953027 0.027801562 0.044998772 -0.009707333 0.021982906 -0.016955083 -0.01794837 -0.07854931 -0.0654913 0.07646147 0.023640452 -0.072191276 -0.0011025952 0.047986895 0.002322716 -0.08977318 0.0589925 0.014788637 0.054984286 -0.008315871 0.0014606641 0.04892635 -0.03214631 0.066005714 0.014130119 0.038533915 -0.0037945295 0.06872649 0.043986887 0.028110972 -0.065251105 -0.024615739 -0.04877811 -0.004615114 0.07983085 0.11400972 -0.027749501 0.003821507 -0.03783913 -0.050220072 -0.035514932 0.011486974 -0.032126654 -0.010562512 0.08633116 0.044141762 0.037649494 -0.012971237 -0.08767325 0.066596046 0.07602434 0.052060243 0.06342812 0.01818876 -0.01626146 -0.09573417 -0.038276076 -0.049453918 0.002438013 0.010718236 -0.039382983 -0.075723395 -0.028593939 -0.0034288738 -0.035976496 0.06423424 0.07135683 0.026281832 0.008878965 0.009405506 -0.022092361 -0.046651956 0.041561417 0.08666072 -0.0011066479 0.013528931 0.037555434 -0.009886112 -0.04412779 0.043515906 0.08325287 0.010584609 0.01366003 0.010282258 -0.033397075 -0.058512527 -0.033548385 -0.0002592812 0.045881104 -0.045860622 -0.06728716 0.18029949 -0.031645816 0.07065038 0.00325933 -0.05214071 0.1631512 0.29856914 -0.00037245086 -0.11520744 -0.18310805 -0.049020696 -0.042430952 -0.0037964382 0.10682322 0.042272493 0.034072768 -0.12436678 -0.12352028 -0.044392735 -0.06393512 0.010930319 0.0624671 0.09506294 -0.120146066 -0.050475582 0.039382108 -0.104751796 -0.11975105 -0.007471747 0.012911334 -0.17494862 0.021168787 0.10795356 0.036225393 -0.11892676 -0.08012801 -0.029622117 -0.14165188 -0.035429657 0.11545865 0.018809272 -0.09111584 -0.090675905 -0.006073777 -0.051719338 0.08662497 0.16411066 0.07421698 -0.079987526 -0.026162421 -0.03997949 -0.009475183 -0.05500015 -0.014225055 0.031332873 0.023600321 0.054887068 -0.03511938 -0.19239989 -0.0665971 0.08423911 0.056835774 0.047075067 0.14035553 0.007546033 -0.18939023 -0.09300452 -0.027934715 -0.1009299 0.04898267 0.15387122 -0.0023825238 -0.11770284 0.013646958 0.05540645 -0.0404594 -0.015773324 0.093099944 -0.05633805 -0.202151 -0.02611051 0.07866004 -0.17093238 -0.0793558 0.09201511 -0.087890424 -0.116803184 0.0034179916 -0.01068279 -0.069110595 -0.0057792743 0.05161855 -0.067410246 -0.038473256 0.0003380643 0.00020509232 -0.12805927 -0.020935817 0.0020575295 0.00528393 -0.020360392 -0.03328039 0.029497232 0.036853973 -0.020277565 0.047840226 -0.013194896 -0.04910564 0.023843015 -0.053487692 0.0560321 -0.03366168 0.03883398 -0.016339997 0.0032362302 -0.009222913 -0.0136448275 -0.047148697 0.025762577 -0.027656537 -0.0459926 0.021892592 0.01890925 -0.035577428 0.035702623 0.017155299 0.00043859254 -0.04903615 -0.008383181 0.024304338 0.005519405 0.030593121 -0.010635264 0.018063964 -0.0034872915 -0.014844854 -0.04402951 -0.025687562 -0.022005402 -0.025456455 0.02805146 -0.052137237 0.029624715 -0.01326301 -0.042401172 -0.027592454 0.012987951 
-0.016886977 0.026950998 0.033987407 -0.033228595 0.0172979 0.025919227 0.023461634 -0.041442946 0.010181542 0.029814288 0.029252484 -0.03710023 0.0034192484 0.015168055 0.026961206 0.043138385 0.004030674 -0.036319852 0.0048512584 -0.008652216 0.02058258 0.021350987 -0.046799682 0.05114453 -0.031914942 0.03977917 -0.011379758 -0.033963077 -0.0045954618 0.031061785 0.018093614 0.025806986 0.0010945734 -0.01786944 -0.045951925 0.032627963 0.0356643 -0.028499374 0.011963739 -0.055737715 -0.041353554 0.011805332 -0.04800367 -0.019551134 -0.02138757 -0.045043368 -0.0060654446 -0.042766992 -0.0017467872 0.026399193 0.041779265 0.0714175 -0.064312294 0.018643765 -0.09867807 0.06983962 0.02247666 0.029757 0.01720167 -0.053732205 -0.0245074 -0.032925438 0.008562644 0.050178315 -0.06257384 -0.04504914 -0.06515802 0.03812445 0.0034022345 0.12749551 0.0025564018 -0.058850963 -0.09075081 0.00939907 0.032683566 -0.06582985 0.116821826 0.043456238 -0.020567685 -0.07161167 0.017034944 -0.014349336 -0.10173397 0.13922372 0.0013596629 -0.03403369 -0.06291364 0.076942384 -0.05787769 -0.0129824765 0.12543556 0.01473763 -0.00342406 0.03576823 0.071225 -0.07257679 -0.02692202 0.100389354 0.021334777 0.036516245 -0.011796213 0.020251088 0.010047881 -0.014164979 -0.051110875 0.05363021 0.08228305 0.08316317 0.11278351 0.020724842 -0.044121347 -0.070856094 0.0065715183 0.008429182 0.0018645471 -0.002279279 -0.07173007 -0.0802198 0.020578649 -0.08154569 -0.022451127 -0.08789604 -0.107490644 -0.0262381 0.11356181 0.032167412 -0.11515582 -0.11288433 -0.02388229 0.015015804 -0.009204955 0.040561497 0.11324834 -0.045926016 -0.071075015 -0.05298617 -0.023667438 0.026100833 0.005830034 0.122561805 -0.1462384 -0.056453772 -0.05962869 -0.05000797 -0.017198507 0.0086020585 0.078391135 0.009915224 -0.04289471 -0.018238297 -0.053221878 -0.030924387 -0.045963477 -0.039866723 0.0023481464 0.004519429 -0.039436337 0.028672954 0.025936523 -0.01323138 0.051991902 0.027974289 -0.0002768021 -0.031965617 0.037892643 0.02600657 -0.04046483 -0.10463127 0.0270444 0.10378675 0.07181135 0.055052705 -0.031620137 -0.06079967 -0.04705817 0.09114948 0.022204518 0.010297117 0.040390816 -0.008347818 0.0042053508 -0.12478696 0.10471873 0.01547601 -0.01768797 -0.069994785 -0.04343144 -0.009508099 -0.06361653 0.07060501 -0.009517794 -0.013367896 -0.006659937 0.007962121 -0.045769446 -0.08202657 -0.0022206574 -0.02970805 -0.03080217 -0.01188669 -0.01909543 0.056543622 0.005894475 -0.030422453 -0.07321392 -0.0578255 0.051399183 0.0075167925 -0.019274747 0.029612362 -0.04860114 -0.017379854 -0.03165438 -0.054565106 0.0064006043 -0.0037796404 -0.017677343 0.101085074 -0.02778539 -0.058372326 -0.058725893 -0.019160302 0.0034611877 -0.078469455 0.10255463 0.043699503 0.04195588 -0.042411894 0.044550207 -0.0038863395 -0.083053805 0.0811109 0.018863216 -0.04949792 0.0023775056 0.071338505 -9.369467e-05 -0.07257491 0.08312408 -0.026306195 0.024766507 0.03516837 0.0023100264 0.019432383 -0.0024098717 0.07692849 0.10365018 0.07505627 0.0045259506 -0.065341435 -0.10888725 -0.029983243 -0.008232363 0.10803722 0.09657806 -0.014737622 -0.122682765 -0.13834846 -0.00089822983 -0.09549091 -0.07109938 0.15578975 0.05293302 -0.049896397 0.011939099 0.08460355 -0.16682024 -0.074608274 0.034837753 0.061746404 -0.068242155 0.07451039 0.16250119 -0.16847941 -0.0820875 -0.0420713 0.07665283 -0.19154273 0.04809805 0.19580613 -0.06924544 -0.10766554 0.041957103 0.060380667 -0.09211475 0.064150356 0.12549841 -0.12436884 -0.09476383 0.045416217 -0.010726212 -0.018736888 0.03988789 0.17240815 0.08177514 0.097186774 0.0069515184 0.02540147 -0.04197101 -0.008284529 -0.04208183 -0.0583936 0.036990654 0.091269046 -0.06545354 -0.050218992 0.019329898 0.01921537 0.040412497 -0.04926474 -0.11497826 -0.11167362 -0.086167745 0.11306003 0.1178486 0.012600513 -0.08248511 0.013702639 -0.06891507 -0.19579254 0.060275726 0.18908451 -0.10197288 -0.15641975 0.13761957 0.03918045 -0.110019445 -0.031049004 0.1382344 -0.067430794 -0.06571925 0.018993177 -0.045073472 -0.0035394188 -0.010557733 0.037280686 -0.1209387 -0.013249768 0.019330207 -0.027502233 0.004703507 0.0056230123 0.10688618 -0.009832445 0.019645851 0.04901142 0.034946 0.040824316 -0.021600785 0.035993077 0.072183475 0.0108309435 0.021659417 0.039437573 0.012152372 0.024453664 0.028426807 -0.01966966 -0.020726852 -0.04330878 -0.007901693 -0.0001209856 0.008809682 0.0051694848 0.03740466 -0.04551903 -0.010475162 -0.0665644 0.028499443 -0.05950554 -0.043237053 -0.013696073 0.04368338 -0.05613837 -0.00899815 -0.013766035 -0.02695257 -0.043882366 -0.0037018838 0.029560737 0.0033816255 0.0055353707 -0.0023399247 -0.048843347 -0.02964172 -0.008058409 0.0437627 -0.029035212 0.04897305 -0.02638371 -0.012659392 -0.047663637 
-0.04941535 0.00782184 -0.030283295 0.013122176 -0.0044412226 -0.013587537 -0.06558043 -0.04359683 -0.03512848 0.015918454 -0.03719549 -0.03157964 0.021010306 -0.042787343 -0.051868193 -0.010346738 0.027079888 -0.043807838 -0.02213867 -0.012063925 -0.04920762 0.010196278 0.011877634 -0.03263947 0.035862144 -0.015157352 0.001834536 -0.03191714 -0.022490421 -0.04429314 -0.02040612 0.04830667 -0.0480643 0.019486118 0.030820496 0.039348185 -0.031076353 -0.0205185 -0.023312064 0.036508936 0.03889216 0.032931235 -0.03778326 -0.017390149 0.0385391 0.043823797 0.026314186 -0.014242133 0.019171026 -0.0883771 -0.12057949 -0.0847929 -0.055945005 -0.079355344 -0.06678262 -0.010944786 -0.10544912 -0.008309174 0.10214757 0.13365148 0.05011531 0.031525463 -0.08325997 -0.1061196 0.0052326415 0.123258874 0.105383664 0.07522003 0.05477445 -0.12979795 -0.11215566 0.054717664 0.03681558 0.06644942 0.1321127 0.010758988 -0.06968496 -0.113590375 -0.022305064 -0.038181942 0.030117033 -0.02630215 0.028776703 0.01180631 -0.05204594 0.011357335 -0.067976736 -0.011818786 0.009346604 -0.007317447 0.0033513189 -0.011691255 -0.014754608 -0.031472802 -0.015652103 -0.0054153358 0.005858736 -0.020322898 -0.0019289731 -0.05968151 -0.027597994 -0.08313667 -0.0947914 0.019292315 -0.025123645 -0.07024419 -0.11171089 -0.07689336 -0.075772755 -0.10979161 -0.058967866 -0.019826965 -0.015237802 -0.018792128 -0.07122005 -0.08420008 -0.04753946 -0.035830252 0.0053913854 -0.0024074174 0.030880436 -0.06807089 -0.024742397 -0.07078422 -0.0436827 0.024449874 0.04968741 -0.04386109 -0.042170554 -0.016943963 -0.034967683 0.067922555 -0.01436599 -0.026261209 0.06688769 0.053078745 -0.0063873488 0.0157672 0.027597006 0.031966113 -0.030680735 0.013007399 0.08364764 -0.033013023 -0.05589592 -0.035696127 0.02382439 -0.06499622 -0.032334626 0.019886073 0.0044950545 -0.02380354 0.037323944 -0.0149176875 -0.03140111 -0.0058959313 -0.0012348808 0.050906196 0.010756038 -0.05107158 -0.020195244 -0.08020052 -0.034282908 0.01625239 0.006260366 0.0064732023 0.043637224 -0.023268497 -0.053860374 0.015275208 -0.048467554 -0.03613698 -0.085835606 0.022106254 -0.004031553 -0.017297637 -0.023861887 -0.07965124 -0.09806929 0.015050805 -0.011593487 -0.06138083 -0.075390466 -0.021195805 -0.0035511332 -0.048276927 0.010193386 0.021175496 -0.04009032 -0.10234174 -0.10604179 -0.047601394 -0.06289464 -0.026877368 -0.026627418 -0.075624004 -0.0011323822 0.048830368 0.039294932 -0.025399731 0.015544563 0.015458274 -0.030276807 0.049591295 0.028295085 -0.027742766 -0.061984114 -0.06360777 -0.08952116 0.0282721 0.0031850154 -0.008534421 -0.04933116 -0.049648255 -0.062662475 0.009636508 -0.024734123 0.025664272 -0.035598572 -0.0066372305 -0.09278106 -0.042084213 -0.03735282 0.03031226 0.026249822 0.06304801 0.010380965 0.014066309 0.019691829 0.080168985 0.04445412 -0.0036150862 -0.0145900585 0.07869284 -0.014660754 0.109782346 0.10000365 -0.0229524 0.045560837 0.0024039426 -0.014783396 0.04551083 0.052493885 0.057551753 -0.042298507 -0.007892644 -0.06915767 -0.0210547 -0.028479233 -0.038809776 0.023375144 -0.028967112 0.02552841 -0.029328933 0.030418286 0.0823354 0.059822254 -0.002204635 -0.055359483 -0.046391375 0.006527808 -0.0013673665 0.08741334 0.1052116 -0.035192426 -0.0766813 -0.0015800514 -0.019852588 0.047726 0.072023846 0.04049353 0.033902295 -0.03628555 0.03386305 0.012000779 -0.034820423 0.1254664 -0.04338163 -0.056328036 -0.036945872 -0.010672871 0.09647868 -0.013940879 -0.0020188636 -0.04129166 -0.048020955 -0.08804932 0.07493285 0.05896258 -0.002173951 -0.034486208 -0.070042945 -0.044743147 0.04450617 -0.010802943 -0.00031074206 0.014178237 0.026738733 0.08570703 -0.0065314886 0.030092087 0.006999143 0.06740562 0.036666263 0.116309 0.039394565 0.0523266 -0.023963066 0.041757748 0.060584024 0.060527213 0.13123561 0.08433928 0.089007795 -0.039440587 -0.005943058 0.024286611 0.012271572 0.08950453 0.089528084 0.080616 0.006283361 0.009774797 0.046499904 -0.037366465 -0.0011283362 -0.009868096 0.04422139 -0.03335746 -0.06956869 0.054759704 0.05320857 -0.005834306 0.100784026 0.03775801 0.028781522 -0.041125663 -0.1012337 -0.005111511 0.0633058 0.072551414 -0.020661682 0.06429244 -0.028661259 -0.05941293 -0.059095386 -0.04857279 0.03833203 0.03588483 -0.047699735 -0.039682284 0.03205266 -0.015373625 -0.011928715 -0.03540387 0.026069894 -0.06124311 -0.030619519 -0.015463112 0.019923033 -0.0062733917 -0.012528684 -0.013704161 0.034589086 -0.017067458 -0.02654926 -0.017510775 -0.06231648 0.022232478 -0.0011761423 -0.0062161656 0.003529262 -0.0075585707 0.00481153 -0.061882105 -0.009732076 -0.0057120956 -0.03253845 -0.0010876942 0.026143258 -0.054631766 0.01298026 -0.021582486 0.006507636 -0.060926717 0.0044621723 0.00480985 0.01986919 -0.040269643 -0.011668031 0.0005930363 -0.049121354 
0.06325399 -0.020577148 -0.014973416 0.0043531465 0.012720693 -0.00929759 0.06046017 -0.037805118 0.04468922 -0.035972886 0.008147894 0.0470151 0.043458343 0.012107558 0.04893913 -0.035192374 0.01741371 0.045845583 0.0039554522 0.00789397 -0.013318098 0.017222475 -0.011989537 0.0043889885 0.05351724 0.0065581547 -0.045970164 0.0210889 0.05637618 0.01921358 0.035839435 0.043797255 -0.04965657 -0.040194023 0.035685975 0.0570735 -0.04702656 -0.014854854 0.034195054 0.032351535 -0.01922224 -0.016563566 0.046738442 0.00796277 0.0027264364 0.052285865 -0.023284692 0.03635807 -0.012749051 -0.100321375 0.09002012 -0.0076482366 -0.030092694 -0.04285632 0.023546534 -0.043836642 -0.0071270005 0.083668195 0.07127972 0.08663741 0.066293225 0.017847022 -0.0029057602 -0.039823584 0.0043173293 -0.0023662748 0.039700214 0.016211245 -0.0013132333 -0.03256836 -0.0630352 -0.07819427 -0.058888234 0.012084532 -0.011813636 -0.060499694 -0.09784777 -0.08788861 -0.037572745 -0.08920297 -0.07114184 -0.047428202 -0.006407155 -0.13807786 -0.02345335 -0.031488325 0.030489264 -0.07032598 -0.05186766 -0.014432284 -0.10812158 0.07290592 0.07985398 0.086366 0.10876614 0.074488275 0.064495526 -0.039049044 0.038367778 0.05780663 0.018051403 -0.07418298 0.013910693 0.022688588 0.0016483256 0.03374721 0.013040261 0.039473448 0.053900536 0.04689216 0.051985834 0.026133936 0.07715124 0.021484988 0.111586235 0.14432763 0.09921426 0.020248588 -0.035027783 0.009019541 0.0057472307 0.009911576 0.022850325 0.00488479 0.017062496 -0.014796268 0.012825583 0.002984802 0.03773828 -0.04239301 -0.083805196 -0.06296027 -0.009265048 -0.009894804 -0.028136374 0.048342917 0.011675126 -0.00444784 0.03487434 -0.035661224 0.02270582 0.014911032 0.0060536866 -0.02551338 -0.019854033 -0.020845043 -0.091798425 -0.015799144 0.022740966 0.061203968 0.017891303 -0.013609738 0.008482744 -0.07818379 0.038243063 0.04641109 0.04639333 -0.024014482 0.017919235 0.022820022 -0.050488055 -0.03781922 0.03741167 0.014324277 0.03493782 -0.043601528 0.001696168 -0.055046324 -0.04522763 0.03273631 0.0038148821 -0.02915366 -0.00921808 -0.0243356 -0.05657083 -0.04276797 -0.06307243 -0.042333435 -0.038980342 0.012243376 0.020128729 -0.018630268 -0.021999398 -0.002590384 -0.0075193373 -0.011559164 -0.0070737386 0.0006579512 -0.041791018 0.036924537 -0.014035799 0.011587249 0.02383526 0.04127017 -0.04222401 -0.018668605 0.0050749043 0.014682198 -0.0066515384 0.06364897 0.03483984 -0.007315726 0.0050689294 -0.01956365 -0.020864874 -0.009167266 0.024293553 0.019240286 0.0049219793 -0.024611797 -0.08659478 0.015898138 -0.06602301 -0.013620142 0.0005588602 0.013748058 -0.034113605 -0.045355283 -0.017514965 0.057709128 0.09908262 0.051875163 -0.0143505735 -0.038301393 -0.06308842 0.017125273 0.030614572 0.12127578 0.041606706 -0.015081955 0.013438531 0.036487825 -0.03238859 0.015925962 0.10642025 0.103368364 -0.005558599 -0.006612119 0.010156273 0.024946738 0.0018928789 0.021211386 0.05252231 -0.019428248 -0.028657757 0.027362278 0.076447815 -0.055641517 -0.006780329 0.030299246 0.0010189951 -0.020061221 -0.004797897 -0.045483496 -0.006813503 -0.04879262 -0.06586113 0.0035224725 -0.0053805844 -0.010897225 -0.042719696 0.03122166 0.068678536 0.06044788 -0.0030411743 -0.052726127 -0.002800018 0.00077242276 0.00949778 0.019976059 0.08919628 0.007105709 -0.007857122 0.024232116 -0.06676531 -0.062514104 -0.15956959 -0.020935323 -0.028155783 -0.07596423 -0.039264288 0.035369847 -0.08748395 -0.11008801 -0.021829693 -0.058486924 -0.1045289 0.06838518 0.07120997 0.05796658 0.018983288 0.056715712 0.004868734 -0.06672397 -0.02992101 -0.022571562 -0.050117876 -0.04633674 -0.093185425 -0.028839005 -0.10422281 -0.082223386 -0.031956125 -0.116531864 -0.09886327 -0.018213823 0.047655456 0.00064516044 0.018767642 0.05855237 0.011612316 -0.009628696 0.11156904 0.09818878 0.001112634 -0.039642267 0.03310438 0.00724341 0.06603387 0.12845688 0.09505235 -0.043454275 -0.07423312 0.041291427 -0.028923206 -0.1119607 -0.009481632 0.06665361 -0.047535647 0.038970273 0.06720422 0.06104937 -0.080620565 0.06762121 0.05997247 -0.042818487 0.1373153 0.12087707 0.09247104 0.043908622 0.034784466 0.043601878 0.052436262 0.01254908 0.020832019 0.0309816 -0.041458815 0.014231777 0.0023427357 -0.02157174 0.004150762 -0.041678987 0.04990807 0.045998063 0.029689332 -0.021019151 0.021261826 -0.003982739 -0.04414372 -0.007386712 0.015559865 -0.020921143 0.053076647 -0.028761543 -0.032155853 -0.04823662 0.04871227 -0.0071137613 0.021416903 0.0673732 -0.044722572 -0.017526807 -0.0038924227 -0.013653329 -0.040512007 -0.026203651 -0.016873147 0.028463032 0.0037211997 0.0030114644 -0.02495951 0.04196045 -0.019907586 0.027877579 -0.030919839 -0.02382131 -0.03677698 -0.048040595 0.0028089266 -0.042203445 0.00899017 -0.0043002376 
-0.036888238 -0.0061105615 -0.029008543 -0.046891894 0.019056184 -0.025198504 -0.049366776 -0.061343536 0.032494176 0.02406622 0.04779004 -0.024392404 0.025657902 -0.030139994 -0.024360307 0.008373437 0.010065132 0.0069072437 0.031869985 -0.060887814 0.025258865 -0.033582155 0.043158896 0.042091146 -0.024724105 0.017213922 -0.02392001 -0.004326531 -0.011179986 0.026270062 -0.028092902 -0.018608367 -0.04307745 0.049155656 0.02326277 -0.038668722 -0.044904273 0.008249266 0.03296149 0.010159072 0.033446044 -0.044772454 -0.027789583 0.031635046 -0.009704152 -0.050894897 -0.0076681105 -0.05153966 0.0056426823 0.054273777 -0.028807798 0.011789565 0.007611889 0.0044049765 0.031198747 -0.01956842 -0.085822865 -0.06602513 0.002322533 0.15048115 0.02171767 -0.042205352 -0.110602036 -0.14975898 -0.07393873 0.091032505 0.21480672 0.111802734 -0.038593467 -0.11187923 -0.1657165 -0.060724393 0.12002631 0.1513374 0.17963977 0.0050283144 -0.042962063 -0.05112785 -0.05862672 0.019786106 0.06920622 0.04954826 -0.039896727 -0.0031106789 0.013270504 0.0021142696 -0.020055752 0.013695046 0.063033506 -0.0385507 0.02428799 -0.007350975 0.045434065 -0.021944065 -0.06205461 -0.025207097 -0.051388975 -0.017738784 0.15928298 -0.0070798 -0.06438485 0.030034091 -0.007836373 -0.024018696 0.1047741 0.1359595 0.07897488 -0.05075514 -0.124968864 -0.17415816 -0.084047064 0.017726796 0.14006275 0.114460975 -0.019066157 -0.15520273 -0.110855125 -0.14334482 0.08078766 0.12742989 0.123623475 0.008674702 -0.013523417 -0.10966878 -0.08565433 0.058923192 -0.02045316 0.04825135 -0.017589787 -0.052909505 -0.088813595 -0.027394706 0.046501588 -0.025653599 -0.013515106 -0.02205376 -0.034192123 -0.057543058 -0.022564067 0.02957345 0.015659705 0.021102957 0.04341446 0.023502516 -0.037112564 0.048661813 0.06407158 -0.105601035 -0.058036104 -0.054576345 -0.0022552419 0.028542908 -0.0091193635 -0.046503834 -0.057596527 -0.038786124 -0.002017776 0.13071112 0.038828455 -0.0053526624 0.006177716 -0.07837708 0.016557587 0.049792804 0.10404029 0.11745421 0.07201108 -0.06285554 -0.020546874 0.017376982 0.053468913 0.056404695 0.0681011 -0.010158832 -0.010171039 -0.055982072 0.019544741 -0.009726996 -0.023635963 -0.060695607 -0.038748417 -0.01030061 -0.043931566 -0.08357768 -0.015899746 0.00036939105 0.014746305 0.026586497 -0.020061666 -0.07427243 -0.10797472 0.009648984 -0.048084985 0.06158048 -0.061845116 0.00441313 -0.03801175 -0.08798006 -0.042476058 0.008052086 0.01324255 -0.018712422 -0.12348175 0.0054774536 -0.00011355631 0.056364622 -0.003262179 0.059824552 -0.0052571 -0.009135841 0.0040354 -0.050381195 0.041603297 0.03185925 0.025839958 -0.007061198 -0.00551004 -0.062237326 0.024864933 0.01618069 0.001903677 -0.0358701 0.01106654 0.006795879 0.008508495 0.018927526 0.03001429 -0.02464797 -0.056272365 -0.014902306 0.025952639 -0.006959783 -0.00221657 0.05911343 -0.0025093658 0.023926701 0.034414314 -0.01151195 -0.009522095 0.003925411 -0.015939178 -0.009036201 0.02314631 0.035218492 -0.046117652 0.0064291097 0.020175539 0.01371565 0.12551309 0.026258478 -0.06752278 0.029638935 0.013435342 -0.08068143 -0.019363055 0.06604528 -0.04334707 -0.029249927 -0.045648325 0.030232724 -0.0685277 0.0028877724 -0.03915744 -0.027048526 -0.13725978 -0.032057583 -0.0015625934 -0.018593622 0.015329189 0.012339187 0.011413436 -0.045127485 0.09861419 -0.040063195 -0.081229724 0.010554264 -0.0045819343 -0.0020248182 0.08643344 -0.013838418 -0.031420328 -0.0515027 -0.0040634726 -0.008173004 -0.028408604 -0.0121113015 0.027155193 0.067992486 0.010125638 0.03810431 0.011909067 -0.033916846 0.016892798 0.056125745 -0.116367 0.042682916 0.062286723 0.04095631 0.03994962 -0.05267543 -0.0020047391 -0.009920576 0.061444413 0.0021244013 0.052374654 0.051616486 -0.04148177 -0.07084258 -0.04950952 0.0121644195 0.06891259 0.0021360426 0.003038676 0.0053689154 -0.02124374 -0.042349294 0.032688778 0.063063644 0.14712791 0.071004175 -0.045730866 -0.08740955 -0.082892224 0.030531794 0.060405836 -0.05279411 -0.030067656 -0.066835485 -0.02845744 -0.021513427 0.009491468 0.0006262205 0.034462877 0.012586991 -0.024230845 0.008894976 -0.016624812 -0.029850302 0.048171956 -0.0032995082 -0.015380974 -0.045853756 0.0065928837 -0.05492756 0.012721963 -0.014791 -0.044009726 0.06996873 0.0067735813 -0.05471152 0.024362661 -0.046077687 -0.03460679 0.077294774 -0.016956707 0.020920398 -0.027853347 -0.030721162 0.019241419 -0.0014216468 0.008734089 -0.005519927 0.015334235 0.020420618 -0.06283548 -0.02667741 0.038016066 0.03792911 0.040407427 0.033667907 0.033108503 -0.031188 -0.01581176 -0.0031646225 0.013797243 0.018396506 -0.031058006 -0.027644893 -0.017795062 0.027578479 -0.019945407 -0.013982279 -0.027038584 0.0028018665 0.0048404085 0.029053792 0.036611196 0.0065381634 -0.034936752 0.006771148 -0.006023739 0.04604058 
0.037688684 0.036313217 0.008213793 0.0005812731 0.023306662 0.03738129 0.019260716 0.014605152 -0.005108821 -0.025032194 0.020564968 0.015921274 -0.032629654 -0.010817104 -0.035944425 -0.0459618 -0.035881534 -0.018613676 -0.043187626 0.009473883 0.042637587 0.012243644 -0.048082713 0.04363879 -0.044458818 0.04534824 -0.005460089 0.04085709 -0.044391207 -0.032273874 0.028304726 -0.012708191 -0.026600782 0.03972438 -0.048786983 0.03254612 -0.009889351 0.0049823457 0.049188547 -0.0032647953 -0.032478925 -0.0025538434 -0.033133 0.016009493 0.04133885 0.04269434 -0.02017945 -0.02510345 -0.03446863 -0.07305817 -0.07863815 -0.02557707 0.0031541039 -0.045482904 -0.07797605 -0.037473097 0.046295557 -0.055947863 -0.04779838 0.005410408 -0.0019310826 -0.01669586 -0.09086331 0.033613108 0.027611587 -0.016696973 0.051021356 0.017755063 0.015847052 -0.028027 0.027557217 -0.03825654 0.00013493981 0.036775637 0.013746207 0.03521679 0.023496855 0.02692768 -0.09442536 0.037715554 0.09738819 0.051585123 -0.0048346533 0.09776797 -0.028012764 -0.065993525 0.030439015 0.028650036 0.005397151 0.06143093 0.015307695 -0.0076617748 0.026879676 0.07873688 0.09037894 0.011319709 0.04906584 0.09070382 -0.009923833 -0.031419367 0.059981752 -0.0016469894 -0.009145698 -0.013225295 -0.003298661 0.006296693 0.018955275 -0.030498974 -0.021169696 -0.055534586 0.0033479182 -0.03673597 -0.047002554 -0.01775686 -0.020779058 -0.04127534 -0.002423308 -0.0019361138 -0.021218283 -0.06310683 -0.04231932 -0.016533142 -0.073500425 -0.024704041 0.04299282 0.03557665 -0.084747754 0.040921055 0.089942925 0.022423867 -0.042486675 0.073011115 -0.033004154 -0.03137781 0.024929719 0.041137524 0.0053459527 -0.0059362184 0.06217589 -0.039539628 -0.0064090905 -0.036130164 -0.0029538078 -0.0007974869 0.052785777 -0.03520811 -0.00033183797 -0.055845644 -0.0040901285 -0.012580506 -0.04972579 0.026379691 -0.012699456 -0.0023436837 -0.027777588 0.00076945924 0.018600496 0.017401284 -0.015944416 0.034089852 0.050653912 -0.028200326 0.055543307 0.045071486 0.03145852 -0.006981632 0.027392529 -0.03414554 0.015304953 0.00904808 0.08111894 0.02406015 0.008675968 0.014388392 -0.01870296 -0.029718326 0.024408529 -0.009576015 -0.014532096 0.0718083 0.017467255 -0.012231934 0.03096537 0.020555777 0.041113928 -0.05020002 -0.014095448 -0.013803623 0.006308916 0.0436499 0.034688387 0.03915338 -0.06114958 -0.0010227358 0.0008440183 0.006461979 -0.035740167 0.028112147 -0.0115233725 0.028957587 0.04861605 -0.0032940537 0.0015978415 0.042115267 0.019866383 -0.009045487 0.0015962457 0.013675397 -0.016981874 0.091112636 -0.03468459 -0.04224602 0.032109484 -0.023710562 -0.0379568 0.04220002 0.00866355 0.021636073 0.047884386 0.004603977 0.0308729 -0.018133702 -0.024779167 -0.0029648482 0.04551305 0.07386664 0.020462537 -0.009084217 0.02802859 0.0042119217 0.014912034 0.045819458 0.047375586 -0.04215032 -0.0070848214 0.010009101 -0.009437974 -0.02178474 0.03182372 -0.010124276 0.0051539387 -0.08973542 -0.0062590693 -0.061985824 -0.013183251 0.083225265 0.001665297 -0.006854394 0.061699875 -0.049303953 -0.011930252 -0.020123456 -0.030585065 0.031852722 0.035651464 0.0753183 0.015305994 -0.014627871 -0.009997784 0.00064690417 -0.06732132 0.038999315 0.010708088 -0.069920994 -0.05293321 -0.037145033 0.0049437457 -0.105830126 0.0015629467 -0.025360817 -0.033635546 0.020069966 -0.013830335 -0.04569202 -0.09263987 0.01919726 -0.009751497 -0.0935879 -0.011416733 0.0723616 -0.07807806 -0.031757377 0.043380998 0.006681093 -0.033881675 0.042976215 0.021878075 -0.056234892 -0.04589113 0.030704582 -0.018176623 -0.038773656 -0.042312894 0.014397493 0.067690335 -0.008940995 0.036723446 0.010623366 -0.017655686 0.064719684 -0.0007528117 0.062192257 0.03372089 0.02311856 -0.0079076765 -0.066831924 0.0066079195 -0.00019615036 0.022604898 -0.13049202 -0.11100082 -0.15530503 -0.19073786 -0.031072786 0.032890633 -0.13308993 0.038321506 0.16598627 0.034701206 -0.013568012 0.007608584 0.022975342 -0.11605362 0.0585026 0.13907501 0.04653909 -0.09389925 -0.07650814 -0.015998904 -0.10857363 -0.055403955 0.021879902 -0.028934795 -0.03316063 0.011258158 -0.038402326 -0.04365118 0.0051166294 0.061079443 0.022990456 0.023761107 0.00866037 0.0056184162 0.03780037 -0.006622371 0.037829366 0.03784917 0.027657008 -0.041488845 -0.0123262135 -0.003803088 0.04548278 -0.031724412 0.0027809825 0.019176392 0.0038702474 -0.0037682038 0.013971215 0.00090418826 -0.0028216853 0.026675692 0.011076217 0.03216719 -0.026222818 -0.028218789 0.04174553 -0.045150653 -0.025165875 0.011061979 0.03013781 0.046521574 0.0074829343 0.029968472 -0.028853426 -0.025746753 -0.038990065 -0.028607855 0.013700078 0.053342856 -0.0057750302 0.015045878 -0.013077826 0.0039205314 0.009532335 -0.035615575 -0.026977992 -0.030045614 -0.008392916 -0.0064778305 0.019973766 0.021898424 -0.02692174 
0.016611844 0.04375999 -0.05531806 0.028843116 0.032743484 0.027442118 0.036875203 0.014601515 0.03201796 0.039947495 -0.031859923 -0.00027292036 0.026871352 0.014293726 -0.04058546 0.017763844 0.009577192 -0.016659703 -0.039551463 -0.020956941 0.014153411 -0.0031532987 0.01113337 0.021816468 -0.017121542 0.010767728 0.006440811 -0.038230937 -0.0055588405 0.03211788 0.00041520526 -0.041687556 0.018792015 0.007048893 -0.030948458 0.012668077 0.052878417 0.009273874 0.033643737 0.010571081 0.012804358 0.01599971 -0.04130974 -0.049533274 0.044857245 0.03671085 0.0023977663 0.030729955 -0.034695107 -0.005102501 0.028294079 -0.0665574 -0.025864013 0.050890453 -0.0022981332 0.04707331 -0.0697165 0.051983893 0.02682833 0.0026246996 0.016120732 -0.03434153 -0.03573443 -0.05823307 0.025829222 0.15179709 0.20076977 0.18934086 0.118093126 -0.03309343 -0.057159625 0.12900461 0.26098093 0.26818708 0.252078 0.11161547 -0.021507077 -0.027361711 0.09106087 0.018868737 0.06971816 0.019675482 -0.085737 -0.061501775 -0.009140303 -0.023071995 -0.054152016 -0.05235594 -0.011282943 -0.027942177 -0.08230815 -0.095504016 -0.095362216 -0.045583066 -0.11835187 -0.014844297 -0.1545294 -0.03619887 0.09728049 -0.010825454 -0.056466084 -0.054205406 -0.017723562 -0.029564487 0.10912467 0.05260966 -0.005953096 -0.02701131 -0.13082935 -0.04584581 -0.06072536 0.060577456 0.112361334 0.023716506 -0.06789863 -0.197735 -0.0876564 0.00854391 0.08538944 0.13786188 0.02334431 0.01767032 -0.027867852 -0.046656705 0.04248541 0.02104681 0.02415429 -0.084570184 -0.06352114 0.025429528 -0.022642996 -0.045615565 -0.015380275 0.007422532 -0.1757978 -0.15276676 -0.07499302 -0.0453172 -0.08494908 0.042389926 0.08994308 -0.054473676 -0.092523396 -0.056213472 -0.12051841 -0.0818858 0.07533337 -0.049350485 -0.055797238 -0.009248042 -0.03353057 0.029800657 0.0017682973 -0.004555198 0.03239 -0.012578764 0.01856609 0.033148017 0.09825742 -0.061391234 -0.06347462 -0.048856486 -0.0055423556 -0.004752626 0.08168506 0.053026207 0.020696174 0.017129824 0.035423953 -0.008461564 0.02493477 0.00583587 -0.0029290705 -0.1028739 0.012188958 0.069217816 -0.014636967 0.02596423 -0.059920028 -0.0902095 -0.08896115 -0.036255926 -0.043430902 -0.0058296598 -0.050594848 -0.06449589 -0.04381943 -0.06448456 0.028275274 -0.01132608 -0.01763873 -0.01092357 0.00057764846 0.07959079 0.024647987 0.018373368 0.010513789 0.024438238 0.042159446 0.030464496 -0.0061005363 0.014978144 -0.06301419 0.10739079 0.039134707 0.028688071 0.0496835 0.026001409 0.033345204 0.004018191 0.002472014 -0.030971363 -0.07669459 0.08600222 0.05260454 -0.052085333 0.05758781 0.043848503 0.037782513 0.02712222 0.023450881 0.027225189 -0.07924664 0.0077975546 0.044286158 0.011536101 0.014802746 -0.05604747 -0.04213645 -0.06948897 0.058211908 -0.058171134 -0.019033043 -0.032392174 0.007829529 0.042687666 0.008388831 0.06645016 -0.02544997 0.04434559 0.031745672 -0.006157958 -0.007041528 0.06933612 -0.046124604 0.0016266617 0.013132906 -0.031200316 0.08656599 -0.01063993 -0.03393446 0.0045642834 -0.006077105 -0.0483948 -0.14798974 0.05131378 -0.054046616 0.030165885 0.024150185 0.046665963 -0.039092794 -0.036667775 -0.012242771 0.05017393 0.038713336 0.048377186 0.083965875 0.0054975776 -0.004259467 0.13116206 0.14619924 0.04922326 0.057333834 -0.026686987 -0.08163145 -0.036064383 0.09523265 0.06845148 -0.00550606 -0.040569685 0.052903585 -0.099152714 -0.08794613 -0.060724128 -0.002197653 -0.07854328 0.049545486 0.053591933 -0.07423299 -0.06057742 -0.040481735 -0.08053229 -0.08497451 0.04307184 -0.05270718 -0.0014058085 0.02304683 -0.037281048 0.040958744 0.04344492 -0.031239865 -0.055310406 -0.004229904 -0.10804078 -0.06326878 -0.023824647 0.034459993 -0.0027903258 -0.07466987 -0.048880454 -0.044255015 -0.1560058 -0.10730033 0.0030232298 -0.10845498 0.0075842165 0.00523971 -0.013854268 -0.018413937 -0.040618505 -0.05877396 -0.023722671 -0.11576237 -0.0063172234 0.0143477125 -0.067277804 -0.090145476 0.021797122 0.06676246 -0.04900269 -0.0023228964 0.007090998 0.10021986 0.11314446 -0.004406494 0.09877466 0.026231788 0.08448152 0.059875805 0.06482191 0.03250576 0.016499896 -0.014220647 0.03443271 0.052701313 0.028827071 -0.019856362 0.024362845 0.053121816 -0.019458639 0.009938012 0.0070500984 0.0022803082 0.056009177 0.07436498 0.03166658 -0.039146826 -0.021958366 -0.011271543 0.021599356 -0.0027722947 0.03737515 -0.070736505 -0.027501786 0.05651511 -0.02928807 0.017786548 -0.004100805 0.009196181 -0.039197147 0.031924877 0.015101092 -0.02274785 -0.011799165 -0.030664384 -0.07165663 -0.032436453 -0.04105261 0.015544493 0.0006320541 -0.014195542 0.009476771 -0.045310788 -0.037981894 -0.0024526857 0.011078393 0.02683738 0.014307251 -0.007735868 -0.018753951 0.02127283 -0.038281173 
-0.013344986 -0.036489516 -0.06485568 -0.05053786 -0.031148084 -0.034272313 -0.042516198 -0.028497558 -0.027439762 -0.042071085 -0.0226662 0.03646806 0.03734061 -0.046477936 -0.02856074 0.037945308 0.014264803 -0.043369435 -0.025521455 0.036992714 0.038125012 0.04593757 -0.0029897199 0.005975296 0.020393627 0.04710127 0.03518833 -0.016615396 -0.019754758 -0.04748562 0.021991232 -0.04120954 0.05444513 -0.050263207 0.047752045 -0.020921232 -0.021946976 -0.01755465 0.0070565906 -0.021707145 -0.0192248 0.030013891 -0.012014078 -0.003778959 0.030225089 0.00066447834 -0.035340276 0.018845333 0.024329167 -0.07456731 -0.012734306 -0.015165235 -0.061102178 0.01963767 -0.028642109 0.0056922236 -0.06585499 0.01243745 0.05354059 -0.036832906 -0.036634106 -0.00537912 -0.013452285 0.049490623 0.12257281 0.017814396 -0.00590499 -0.0068596615 -0.012272154 0.1418336 0.07288265 0.080601886 -0.057730332 -0.07235816 0.034414545 0.05168204 0.108329505 0.03481999 0.024633568 0.005315138 0.031923253 0.031272557 0.07076466 0.10972639 -0.02184513 -0.014106308 -0.022461027 -0.04850533 0.027847502 0.06382048 0.023779571 -0.048614852 0.0502593 0.070317015 0.047238257 0.064286426 0.055761263 0.13737607 -0.021783777 -0.06787357 -0.0028870623 -0.017029198 -0.06118277 0.03663926 -0.05310863 0.05143031 0.0027489776 -0.07161496 -0.09423729 -0.04565343 0.07856578 0.047173236 0.02818708 -0.02424373 0.011566915 -0.0033424788 0.03753346 0.062492404 0.031755283 0.041945312 -0.047924653 -0.020893443 -0.003948058 0.03879806 0.05840699 0.0602053 0.07644642 0.009976038 -0.02389091 -0.080743045 -0.058014102 0.040336676 0.11170329 0.12749593 0.07651676 -0.031301633 -0.0059366073 0.046449002 0.019889686 0.08047895 0.049341876 0.0026785876 0.015665455 -0.071579516 0.00425883 0.033473037 0.035680246 0.047198743 -0.024210349 -0.031075075 0.012704038 0.022372443 0.02640072 -0.023617415 -0.0067457086 -0.048671715 0.031712886 -0.0002719091 -0.035845168 0.015952485 -0.0067199995 -0.030278949 -0.026402913 0.026579201 -0.08487719 -0.06272915 -0.04350224 0.012429821 -0.04539196 -0.044637073 -0.03535055 -0.018359575 -0.006666773 -0.058356322 -0.07067321 -0.04124036 0.0022907017 -0.013300624 0.009243058 0.019288 0.0122218635 -0.0057802815 -0.010186962 0.026646266 0.04091624 -0.022507817 -0.049221426 -0.07120635 -0.010358709 0.0045537106 -0.05570687 -0.085514925 -0.08058753 -0.063719384 -0.0022540786 -0.04329189 0.044684466 -0.003275789 -0.015025418 0.025451265 0.04856698 0.041035194 -0.011498905 -0.023383578 0.049046665 0.02848766 0.09749567 0.09162255 0.07907645 -0.016765192 0.014301657 0.00968055 0.020154988 0.03439334 0.03305863 0.017871138 0.0064299796 -0.07476591 0.007899218 0.06451061 0.01933562 0.05737189 0.029450573 0.012887843 -0.03351477 -0.045850255 0.058415037 0.04075257 0.01523012 -0.040686082 -0.029575225 -0.058965284 -0.000992965 0.03361723 -0.0004452909 -0.05511051 0.033371158 0.018570827 -0.087379426 -0.02292699 0.056955107 -0.050166365 -0.021623902 0.03871151 -0.03240202 -0.15264785 -0.04478436 -0.01250926 -0.11763661 -0.034014545 -0.067380525 -0.23027773 -0.007793318 0.07896828 0.01852184 0.0067513348 -0.019003268 0.025462568 0.05249633 -0.023140253 0.09335049 -0.026239 -0.054524943 -0.09447934 0.041327678 0.050284542 -0.005347309 0.045282766 -0.006051474 -0.064303465 -0.064566925 0.0117616365 -0.018003581 -0.08197236 0.01845761 0.10658414 -0.050810546 0.022311931 0.039164864 -0.026499161 -0.09739986 0.012883979 0.03299421 0.041410092 0.06903817 0.093535565 0.04612958 -0.09370732 0.01723074 0.0077686124 0.04673035 0.087552294 0.07035954 0.09003951 0.07918109 0.07559064 0.006392933 0.051832862 0.050582446 0.01615873 0.045672048 0.03095726 -0.041370343 0.009882878 0.085992545 0.03529899 -0.037158996 -0.041387383 -0.02480208 -0.08300296 -0.06837601 0.012419757 0.041938342 -0.03328379 -0.0659125 -0.10110887 -0.08059353 0.0049364325 -0.020870455 -0.022732925 -0.051625982 -0.14282458 0.016231341 -0.054843623 -0.03847081 0.02105546 -0.0033774602 -0.12362294 -0.033182256 0.08983085 -0.0020400584 -0.14202583 -0.09785544 -0.08735773 -0.02404411 0.056308545 0.019923756 -0.011782362 -0.05235822 -0.029832888 -0.046807073 -0.031314567 -0.06595859 0.02769249 -0.014437874 -0.0003165577 -0.04159015 0.039719034 -0.0030041158 -0.010888213 0.04159201 -0.0057287454 -0.03832342 -0.0697787 0.019429084 0.0064190314 -0.05373531 -0.023116738 0.013563148 -0.0340407 -0.06863648 -0.06136603 -0.05561619 -0.0031712768 -0.0103065185 -0.0073734983 0.009450766 0.016476067 -0.007307592 -0.017403184 0.045944013 -0.023688307 0.018420836 0.03634012 0.034340996 -0.01366985 0.048516903 0.022650918 -0.04011526 -0.017534884 -0.03255953 -0.03509222 -0.04035531 0.051677566 -0.010698578 -0.033949543 -0.0069431555 -0.019238079 0.019081932 0.025806626 -0.032311372 0.014069804 
-0.01642119 -0.007259056 -0.044430822 -0.012390531 -0.011608383 -0.026997274 0.043288205 0.03208399 -0.0102978125 -0.025888128 -0.0051478343 0.026165653 0.028681712 0.028709132 -0.0009945692 -0.05306572 -0.0279891 -0.026079727 -0.0236857 -0.019563522 -0.016087161 -0.012197413 0.03096992 0.032161314 0.048650738 -0.015409271 0.0051150965 -0.004363092 0.0661388 0.061278574 0.0022259702 0.0030232482 -0.037934225 -0.0045245644 -0.03665654 -0.0254663 0.002768039 0.008010145 -0.029977428 0.054305077 -0.03073972 -0.02653972 0.05685084 0.026215477 0.019906564 0.0014446978 0.011051069 -0.038532704 -0.014638569 0.0033886097 0.018859915 0.0689498 0.06969108 0.0050732526 0.04083114 -0.004330338 0.058472812 -0.0035921023 0.036469184 0.08062249 0.10836655 0.0125076715 -0.055948947 0.029838093 0.015768133 0.012600872 0.11890929 0.08752323 0.08056047 0.007045011 0.017787874 -0.0049748844 -0.020353641 -0.024508908 -0.017711457 0.035398632 0.0104736285 -0.030326791 -0.02935194 -0.09500653 0.04191363 -0.031658262 0.032086764 -0.013284315 -0.038379744 0.01324045 -0.030029757 -0.051772285 -0.020332081 0.017952848 -0.057232667 0.019261809 0.023805121 0.008119667 -0.028766546 -0.033349037 -0.029120784 -0.062179208 0.040661335 -0.016397448 -0.020898854 -0.068755865 -0.00017147942 -0.0036326381 0.049460314 -0.014373634 -0.03908942 -0.028371269 0.028499987 -0.029797519 -0.04108164 -0.012606882 0.016315877 -0.023474295 0.04965405 0.120760806 0.101178184 0.05127077 0.011071768 -0.0366318 -0.0134661505 0.10324877 0.11243547 0.08342129 -0.0068591484 -0.017590335 0.022963645 0.02659583 0.05379494 -0.047584675 -0.072544836 0.022799857 0.019578367 -0.025359584 0.06787494 0.013112924 -0.00893333 0.039486196 -0.023906766 -0.010071975 -0.15934475 0.005763559 -0.0033071132 0.01843547 0.039353345 0.016325193 -0.10174518 -0.026240338 -0.030151336 0.014454806 0.01773227 0.02820039 0.04882247 -0.005421416 -0.027526418 -0.045583554 -0.03447041 -0.058697265 -0.03187604 -0.021491788 -0.052933473 -0.020754416 0.009891225 -0.05210878 -0.027025351 0.014727855 -0.0373516 -0.004215798 -0.0034121755 0.02833746 0.007709883 0.07278157 0.00076757034 -0.015859565 -0.0034233937 0.015607921 0.0028729176 -0.0074636308 -0.006318058 -0.017985227 -0.02625043 0.011341927 0.00085245236 -0.015665814 -0.038000118 -0.05297946 0.01720142 0.0005985587 -0.025605204 -0.025321519 -0.04510931 -0.03822569 -0.01950122 0.02794822 -0.06057237 -0.049376387 -0.13316928 -0.13672113 -0.045398317 -0.07536192 -0.0076041413 -0.061672177 -0.07332694 -0.037280135 0.008109695 -0.03226296 -0.033716008 -0.045307484 0.015581417 -0.006156565 0.048862502 -0.014680285 -0.09931331 -0.035776135 -0.08697655 -0.022157408 0.0067586508 -0.025298726 0.0042180247 -0.047905065 -0.059083395 -0.05022392 -0.021342503 0.004267813 -0.049196076 0.038706753 -0.019662287 0.020791858 0.010558335 -0.05511168 0.0050854795 -0.06826894 -0.0054687397 -0.009919047 -0.034498893 -0.06420093 -0.01923297 -0.07360359 -0.06310205 -0.032285865 0.044803116 0.043099504 0.030061454 0.02748223 -0.019988066 -0.07241964 -0.05430872 0.0071973675 -0.03605223 -0.0850131 -0.03822068 -0.03417409 0.030358993 0.018327499 0.054289054 -0.03489279 -0.0058255517 -0.042460285 -0.036157142 0.07516867 0.060970243 0.057309527 0.06162444 0.07747235 0.023842253 0.09692689 0.1018146 0.0650261 -0.043992713 -0.13909769 -0.08897006 0.0768767 0.12360265 0.14663869 0.00859318 -0.048928645 -0.12861556 -0.0644131 -0.044630907 0.026935108 0.059060063 -0.0071447436 -0.10132377 -0.10603393 -0.12486325 0.0285249 0.11254922 0.09650953 0.0476654 0.037372623 0.049245287 0.05232893 0.1539751 0.024759347 -0.104332894 -0.046610117 -0.1584932 -0.114783 -0.09742083 -0.0798293 -0.02957914 -0.10686166 -0.08659951 -0.056415413 -0.012282141 -0.031741384 0.01973531 -0.012973629 0.005101155 -0.008990199 -0.037948072 0.0605184 0.039285164 0.08343526 0.037067346 0.0069098435 0.03218734 0.08951872 0.07997058 0.09628975 0.03625098 0.05340699 0.0028810224 0.1043443 0.061699145 0.05073592 0.051479504 0.1233548 0.05089595 -0.08197692 0.017073903 -0.010631349 -0.013063606 -0.033028495 0.084493324 0.0013382795 0.01164736 -0.066377304 -0.10156368 -0.051342953 -0.020131873 0.04848826 0.004438875 -0.006448055 0.016404526 0.038701016 -0.034958754 0.008950644 0.036526076 -0.016684601 0.016516706 -0.05087749 -0.017497215 0.032278795 -0.03174852 -0.034417637 -0.02172501 -0.04739707 -0.0108627565 -0.0011701194 -0.026982978 -0.040738545 0.03154881 -0.029684605 0.039411616 0.008298276 0.03075389 -0.033570148 0.02687124 0.023700938 0.049782377 -0.024846219 0.041433707 -0.053858932 0.009241661 -0.059068795 -0.056152575 -0.014363742 0.023323363 0.020027868 0.01411373 -0.031568483 0.023855047 -0.02994091 0.0043872073 -0.0628961 0.013618866 0.027020503 -0.067949675 0.0159634 -0.040012285 0.017885221 
0.05451263 -0.02602123 0.05313223 -0.032347016 -0.023804436 0.048999898 -0.016392253 -0.053124525 -0.030353433 -0.03215674 0.03320567 0.011351114 0.019004783 0.0096771205 -0.004409802 -0.017940111 0.015593946 -0.013836962 0.026008856 -0.026332337 -0.0038303088 0.011480977 0.009549609 0.038256485 -0.030129243 -0.01763397 0.02628266 -0.022138638 0.03719622 -0.015332179 0.010246812 0.010703386 0.022764137 -0.029844563 -0.02651682 -0.034052372 -0.0335044 -0.016378434 -0.017902799 -0.036899343 0.039856482 0.0406166 -0.005145771 -0.033119746 0.0057812636 0.048891503 0.028674612 -0.034114126 -0.047661614 -0.09318773 -0.03287232 -0.025468701 -0.013195895 0.018990284 0.0054305256 0.028443297 -0.007421407 -0.029404547 -0.08172146 -0.0478513 -0.055219483 -0.072963536 -0.025674121 0.01911089 0.025262307 -0.025414001 0.04072492 -0.047929954 -0.047420528 -0.05441865 0.05046138 0.06792835 0.07754012 0.095222324 0.054430347 0.019035712 0.020313254 -0.073704354 0.019640857 0.009598387 -0.012172523 0.06857323 0.009709397 0.011426415 -0.044421095 -0.04790733 -0.02245994 -0.014982871 -0.05119299 -0.03346909 -0.034605026 0.008350999 0.0021940826 0.008735736 -0.08999114 -0.089102775 -0.061571144 -0.09174462 0.06240549 0.07358359 0.0067461766 0.045639794 0.0036229817 0.039113097 -0.008381655 0.0024338393 0.04245357 0.052870445 0.053786337 -0.009376774 0.005356217 -0.02508633 -0.03404605 -0.013878609 0.07445104 -0.006623107 0.020890508 -0.013901969 -0.00077687827 -0.045958232 -0.067209296 0.032134477 0.037198693 -0.0044124974 0.028865324 0.062879525 0.034643292 -0.0051087686 -0.05659552 -0.0098106265 -0.07021072 0.03615813 -0.021342188 0.033032015 0.020331543 -0.029979097 0.013266784 -0.050241686 0.02421526 -0.0046805535 0.040844288 0.008127924 0.03380462 -0.003609381 0.023335924 0.00091242883 0.062743135 0.055915955 0.040979307 -0.040238045 0.013207804 -0.008966983 0.031137504 -0.0215576 0.03309323 -0.022500338 0.026907187 -0.05949516 -0.051724486 -0.030119576 -0.013781846 0.03896444 0.059489656 0.046155576 -0.012335645 -0.001625815 -0.063778564 -0.020247916 0.033362743 0.003809707 0.075249195 0.0771571 -0.019951852 -0.025907123 0.033249374 0.0037890403 0.06273002 0.06897333 0.05334008 0.030954346 -1.1349288e-05 -0.005517639 0.00044641603 -0.026068335 -0.04285884 -0.034897894 -0.027528953 0.005840092 0.025114633 -0.0127349105 0.033572186 -0.010402035 -0.03736118 0.033474635 -0.00037926555 -0.038466237 -0.0052262237 0.026875617 0.0075114206 0.035134435 -0.012085281 -0.0029915243 -0.039893966 -0.013224815 0.018032836 -0.0069591757 0.047762565 0.019997524 -0.009124471 0.0352597 -0.020296598 -0.053276397 0.0008699668 0.0052901194 0.04227387 0.044789657 -0.015376938 -0.032603215 -0.0075611062 -0.0138399135 0.07440097 0.00597536 0.0054826806 0.034099977 0.01627952 -0.009010758 0.0059423023 -0.0015830997 -0.030974101 0.0025275121 -0.010288769 0.019912807 0.0127998805 -0.0070559145 -0.03562543 -0.041019488 0.018346107 -0.06411096 0.047749285 0.002377652 0.004453161 0.02667062 0.030715503 0.04366213 -0.040270958 0.00423066 -0.0037273471 -0.06335623 -0.13360046 0.016854567 0.026117953 0.012547601 -0.061951887 -0.045578886 -0.047131605 -0.091818176 -0.06911837 -0.020690376 -0.0186343 0.03308673 0.026428387 0.09397356 0.03505737 0.029461209 -6.9866815e-05 0.03350212 -0.06428983 -0.029033165 0.0029937897 0.005075001 0.06508604 0.07601895 0.04205941 -0.046030547 -0.06527305 -0.03322231 -0.07677205 -0.030334055 -0.003873019 0.0037200216 0.06878872 0.055288345 -0.039894972 0.022340026 -0.04993508 -0.073340535 0.027674537 0.03674857 0.02641315 0.0635242 -0.0057265684 -0.053346653 -0.074816145 -0.058270924 0.009447711 -0.01986353 0.01596346 -0.014157848 0.04857249 -0.043258008 -0.0134138 -0.036085036 -0.028752875 0.022522625 -0.053754218 -0.028571555 -0.032279618 0.022546588 0.07784259 0.06372779 0.11239363 0.102084234 0.08039219 0.010020968 0.015660005 -0.076720245 -0.07481625 -0.055201344 0.0123267295 -0.029279582 0.037652545 -0.020589033 0.027276348 0.02705662 0.020406859 0.001730158 -0.022241784 -0.035795543 0.009247784 0.07155914 0.036436338 0.05050087 0.015577949 -0.008811632 0.0077152685 -0.038710557 -0.08322402 -0.053174257 -0.06813218 -0.07559719 -0.056796037 -0.047581565 0.014115815 -0.0010749307 0.04124461 0.0070904926 0.043192733 -0.0033697782 -0.040275738 -0.0025030768 0.0045138253 0.02520533 0.03547386 -0.025646877 0.011788703 0.010944967 9.4825686e-05 -0.022148097 -0.01368392 0.014749425 0.007905651 -0.011877582 0.020950591 0.0057527875 -0.041610405 0.014594591 0.018989388 0.043112285 0.0045547937 0.052126225 -0.021583831 -0.038228266 -0.006502237 -0.026311256 -0.038763974 0.05388362 -0.0043837195 -0.012195871 0.00676852 0.05489496 -0.04122003 -0.031746455 0.04522217 0.055017132 -0.026782066 -0.018372996 -0.042970378 0.055278484 0.052874923 -0.0024506054 0.0043076226 -0.010607874 
-0.049740743 0.031424336 -0.017818095 0.03528744 -0.031285003 0.02632868 -0.027723955 -0.05177788 0.011087566 -0.026256353 0.04255994 0.015942484 0.038990665 -0.029274203 0.039246675 -0.0102206245 0.034258522 -0.019075982 0.038383596 -0.039493777 -0.023177778 -0.013956072 -0.042322617 -0.035467934 0.029545303 0.011153386 -0.0008507751 -0.032865874 -0.0051599313 -0.00729548 0.022655137 -0.04496873 0.014577267 -0.030097691 -0.021261951 0.028369598 -0.005410283 0.029216498 0.040417243 -0.05342433 0.010567347 -0.022244385 0.029120736 -0.007252477 0.042900484 0.040654212 -0.034331467 0.014337613 -0.030130208 0.09772426 0.11272394 0.04206878 -0.07838484 -0.03603218 -0.024031168 0.048595347 0.11136394 0.07894467 -0.03792975 -0.14975071 -0.106600486 -0.086846 0.026897183 0.12867993 -0.013546645 -0.10271999 -0.04923709 -0.044242036 -0.07650121 0.072096884 0.09819574 -0.07277107 -0.033888523 -0.037522636 0.01016073 0.0032659406 0.030953113 0.03308597 -0.0022332147 -0.011920355 -0.0038128414 0.028542643 -0.08409559 0.024449939 0.023797074 -0.038220085 0.021891259 0.08650363 0.0014254543 -0.005562217 0.02362163 0.06993724 -0.045308147 -0.06203547 -0.026023027 -0.059054337 -0.027708273 0.06471289 0.08877624 0.07934739 0.01640544 0.004789864 0.07112434 -0.010297333 0.10096408 0.17211223 -0.010931648 -0.066506185 0.040947694 -0.07519828 -0.07540841 0.0055033593 0.13529839 -0.027503034 -0.050336517 -0.048309535 -0.05429797 -0.06591053 -0.0006875408 0.02707194 -0.027087687 0.05207467 0.011209797 -0.067209244 -0.016471395 -0.06796838 -0.026450815 -0.033653338 -0.043527 -0.015478837 -0.11904837 -0.08443525 -0.044490863 -0.04766246 -0.0030204847 -0.005310785 -0.007631956 0.011482322 -0.056455087 0.01128847 0.02864212 0.027228303 -0.04375688 0.078995585 0.06723711 0.10373962 0.063855916 -0.078168906 -0.014323758 0.036658958 0.010995652 0.0031600455 0.0004356199 -0.019828694 -0.05401928 -5.592546e-06 -0.014867681 -0.036880683 -0.07999519 -0.017910644 -0.021723568 -0.042700566 -0.034479298 0.049399924 -0.10878356 0.013705972 -0.0013505354 0.04532368 0.032021258 0.049918596 0.07237119 -0.07487436 -0.009673856 -0.01130987 -0.0051229666 0.021771172 -0.04793175 0.028514946 -0.034091573 0.020952355 0.07123218 0.026557501 -0.007546933 0.0045096567 0.0123588415 -0.037457567 -0.09902946 -0.012017796 0.04476834 0.04030763 -0.004589258 -0.020160908 0.007467147 -0.05460826 0.04331759 0.013519448 0.024216466 0.015158253 -0.0093002925 0.057904024 0.026153298 0.005097762 0.051768474 -0.008520516 -0.05110352 0.012071075 0.06739326 -0.03136663 -0.099135384 0.062307313 -0.05125758 0.024835074 0.07034224 0.007320936 0.039380718 0.037169922 -0.05442995 -0.075922616 0.10133272 0.06274389 0.055255882 0.05373526 0.051415984 -0.039558187 0.016551532 0.100949146 0.038129363 -0.0150835775 0.06027276 0.030301813 -0.03277974 0.010805355 0.020899648 0.08070775 0.02183588 -0.0524793 -0.0110447025 -0.024380015 0.06041331 0.04367052 -0.030921727 -0.013516192 0.033421904 0.064044684 -0.03619242 0.15632412 0.05561133 0.0007987557 -0.10236437 -0.106939875 -0.09714654 0.11311684 0.0939077 -0.11985656 -0.11502294 -0.09803845 -0.20722695 -0.15375051 0.028294733 0.12342905 -0.22804135 -0.030635457 -0.02381719 -0.13899614 -0.11048259 0.060950402 -0.04135681 -0.16111283 0.011892704 0.013288291 -0.12420565 -0.07859119 0.029773228 -0.010741329 -0.15629253 -0.06827204 0.1574079 -0.056937885 -0.13278246 0.038236104 -0.020930592 -0.041361917 0.028675701 0.15108103 0.0058101313 -0.085018836 0.022916136 0.08849987 0.038644966 0.0033969537 0.09676118 0.036494326 0.06545642 0.123769976 0.01358419 -0.031241722 0.041609462 0.076952636 -0.11039131 -0.01582563 0.08792927 0.03869655 -0.06554994 -0.03879651 -0.0052428106 -0.14017907 -0.09379478 0.07985541 -0.070329726 -0.048174795 0.122532174 0.009337031 -0.08296205 -0.05312079 -0.0735199 -0.083140254 -0.035121206 0.062337756 -0.037793886 -0.17052093 -0.1518141 -0.03300963 0.009511752 -0.06151859 -0.0012144188 0.15553577 0.023585236 -0.0005264856 -0.021545658 -0.12691295 0.0051917047 -0.006818556 0.071795255 0.06388836 0.012905259 0.009715952 -0.08855627 0.05829277 0.052621853 0.068838365 0.061116412 0.019943453 -0.052595578 -0.028314307 -0.03107862 0.026966762 -0.04363329 -0.026950706 -0.011760246 0.047819465 0.045425344 0.01879066 -0.020186648 -0.046800457 -0.005396358 -0.011772336 0.010385968 0.037971575 0.001292035 -0.044383306 -0.010051098 -0.042120658 -0.036797624 0.052693825 0.023560273 -0.02974779 -0.039787844 0.028600825 -0.0036099337 0.064669386 -0.027777653 0.040735744 -0.031167822 0.053664923 0.014934484 0.0095326565 -0.015874835 -0.031224893 0.058623552 0.033249944 0.05575066 0.029807111 -0.027770223 -0.03483601 -0.026292104 0.06096362 -0.004484368 -0.013486451 -0.0065989033 -0.017828897 0.002532421 -0.024582397 
0.04714002 0.0124532245 0.06535348 0.06803901 0.016909212 0.06273588 0.021518381 -0.037394114 0.004040552 0.007001787 -0.021436293 -0.005085017 -0.02572715 -0.009929175 0.03811 -0.038913615 -0.02947631 -0.046743795 -0.014586046 0.022410655 0.031213038 -0.0007693658 -0.04872541 -0.00644352 -0.03274017 0.041989043 -0.042888436 -0.008861397 -0.0453922 -0.043477513 -0.03987353 -0.048114788 0.009864486 -0.04378938 -0.026643053 0.0018727907 -0.022080036 0.047455896 0.012122789 0.0064176237 0.023987174 0.043194376 -0.013536389 0.040876545 0.05466396 0.060445007 -0.023245677 0.05462142 0.0046861237 -0.11583928 -0.091989115 -0.043510325 -0.028299877 -0.05435334 0.05629903 -0.057379346 -0.004841321 0.042140584 0.027124314 0.10404592 -0.04047955 0.014789338 0.006005383 0.06367454 0.0696698 0.033885237 0.041161254 -0.019476945 0.0044481424 0.06163535 0.06872115 0.101357944 0.05887902 0.043271698 0.04190109 0.07615438 0.038099285 -0.0069518113 -0.009340139 0.07053898 0.04148989 0.050974794 0.018718122 -0.0011652113 0.006213504 -0.02737911 -0.038363427 -0.012567666 0.0050193453 -0.014951725 -0.0658271 0.004564689 0.0017515703 -0.13330163 -0.07986368 -0.09477075 -0.018398207 0.05764018 0.020295579 0.074898496 0.035180103 0.0023087142 0.0027451538 0.005267 0.0016853734 -0.038844258 0.022468891 0.023470743 0.00848112 0.030978898 0.0100540565 -0.027011337 0.07753701 -0.015672341 0.027853556 0.10414845 0.060086884 0.033695575 -0.011943523 -0.031759657 0.040971305 -0.016974112 -0.03630521 -0.07068982 0.030806871 0.046406105 -0.012789756 -0.012604619 -0.042962644 -0.04526553 -0.04825905 -0.01013799 -0.011514907 -0.08091322 -0.026618976 0.041747868 -0.014463779 0.047065057 0.0023457925 -0.03419708 0.033638433 -0.039944645 0.0063424893 0.023955535 -0.030024316 0.045088872 0.061716586 -0.051932484 -0.05431091 0.01896295 0.005111122 -0.0012869245 -0.05958332 -0.045207154 -0.025474533 0.0083186915 -0.09248444 -0.018243821 -0.06263052 -0.0589586 -0.06397466 0.0013182547 -0.03527892 -0.10933492 -0.04894679 -0.1003057 -0.01792923 -0.056062996 -0.040688764 -0.021817556 -0.1097387 -0.024678139 -0.07823562 -0.031294104 -0.07013568 -0.02086432 0.086786576 0.04683887 -0.0073884553 0.030661149 0.04911532 -0.028040674 0.00354691 0.09548375 0.04040895 0.038751762 0.022543907 0.1056949 -0.023217602 -0.02265144 0.083842605 0.019923486 -0.005000085 0.053394217 -0.01630828 -0.03171736 0.004069499 -0.050733484 0.0062938156 -0.06445089 0.049706396 0.00053595623 -0.02704267 -0.061675034 -0.09553104 -0.01895044 -0.09247767 -0.071947545 -0.11421671 -0.12622783 -0.07135491 -0.076376416 -0.15013838 -0.12838735 -0.13100258 -0.140379 -0.18486005 -0.04166841 -0.07545494 -0.058138393 -0.047995657 -0.054694574 -0.006808949 -0.07672621 0.04177648 0.05274968 0.10326066 0.13009039 0.12301978 0.12122055 0.039752252 0.07423825 0.06797937 0.113449596 0.10130982 0.11292716 0.10883088 0.037150748 0.009849944 0.005173384 -0.040680442 0.045291364 0.028258465 -0.0498779 -0.019497909 0.011988573 -0.0017182684 0.052353974 -0.030272737 0.063652635 0.019348629 -0.01660962 -0.056742847 -0.1264527 -0.0143651115 -0.06463076 -0.03749391 -0.09847805 -0.061423827 -0.0837925 -0.065804794 0.0038738037 0.0055569904 -0.022699086 0.02031376 -0.05726265 0.0067421016 0.12630898 0.13306406 0.11755728 0.09389302 0.11834703 0.07421865 -0.040555775 0.12824091 0.17409497 0.04675378 0.08928946 0.038459312 -0.023431147 -0.109927334 0.00094871776 0.0595953 0.12139064 0.06371501 0.04996879 -0.075431146 -0.07573848 -0.12738661 -0.1587055 -0.11962195 -0.071124144 -0.02428971 -0.012843139 -0.06913983 -0.0020145113 -0.027189743 -0.09512072 -0.07867998 -0.096218005 -0.15686378 0.0465897 -0.09609775 -0.069910355 -0.074831955 -0.08637061 -0.046283014 0.011789248 0.064663075 0.0309973 -0.08778958 -0.007184444 -0.021794744 0.008686559 0.041065473 0.107703894 0.16844174 0.0861132 0.11758161 0.09329738 0.05444862 0.017075546 0.02100303 0.08518606 0.024021609 0.0143426955 0.03830683 0.046778243 0.01654611 -0.034793966 0.05668127 0.06344503 0.016937228 0.047072627 0.105652824 -0.07217101 -0.07463819 0.02539558 0.033366688 0.02261062 -0.040388837 -0.0097418465 -0.009003178 0.038089503 0.030063776 0.008656652 0.022788579 -0.00021942002 -0.010243601 0.010316145 -0.051792562 0.008143778 -0.029950662 0.036234964 0.03668391 0.040723704 0.013933769 -0.008647192 0.044990007 -0.018821971 -0.027798183 -0.027462685 0.045474097 -0.019848939 0.032701336 0.024917392 0.02240784 0.019467892 0.012193411 -0.01018455 0.0033795577 -0.034701556 0.05462859 0.029630508 -0.010912786 -0.01685383 0.035254136 0.046016995 -0.019757312 0.061320983 0.09070199 0.070542686 -0.0014778519 0.07699359 0.048000544 -0.04404028 0.014592573 0.0325475 0.052237965 -0.029488867 0.009802305 -0.022193583 
0.010615462 0.049884826 0.04612833 -0.020000605 -0.01802611 0.021455651 -0.006285732 -0.0009194698 -0.042618405 0.015558036 0.050531752 -0.017855352 -0.015686201 0.006996574 -0.039435055 0.05177829 0.051457915 0.020960782 -0.015235502 -0.005334758 5.502877e-05 -0.008782062 -0.0051423335 -0.012888489 0.0028463635 0.01671579 -0.026028048 0.021542916 0.02300816 -0.01461888 -0.015154566 -0.042962316 0.023340298 0.01976887 0.009448573 0.018219663 -0.0069757095 -0.03913526 -0.008388825 0.040761344 -0.045357615 -0.032690365 -0.022938615 -0.0018358246 0.03167965 0.023722202 0.005379254 -0.037215717 0.05474344 0.048411533 0.047001526 0.035397653 -0.0025350982 0.028182535 0.010160485 -0.036511738 0.015616857 -0.04104787 0.017404795 0.06436145 -0.062010415 -0.002350449 -0.076265596 -0.07534742 -0.10955636 -0.04557687 -0.06592198 -0.07045654 -0.077212274 -0.088175885 -0.10056014 -0.05106072 -0.116140306 -0.1272335 -0.17199244 -0.1461447 -0.12325034 -0.036101915 -0.07597059 -0.06778184 -0.12246465 -0.05970746 -0.08418232 -0.1286521 -0.0423474 -0.023700584 -0.037591677 -0.052770276 -0.08120959 -0.04219538 -0.044653766 -0.034350406 -0.04206678 -0.086725265 -0.049757484 -0.055483848 -0.06078653 0.01783814 0.08386151 0.004615331 -0.0017744557 0.056469426 -0.024315938 -0.002160952 0.15045273 -0.017081005 0.027362293 -0.0002488716 0.030860974 0.00687146 0.023645682 0.03413469 -0.03687613 0.09666765 0.102686 0.11846137 0.10848485 0.042699948 -0.027105805 -0.0011731443 0.04212524 0.13246623 0.08178623 0.03087499 0.023845242 -0.01998853 -0.065575875 0.056365892 0.07347791 -0.018295871 0.055893816 0.10347065 0.025489623 -0.00914185 0.05140768 0.023481822 0.077715755 -0.010797125 0.04096664 -0.06852796 -0.048025414 -0.038756493 0.024123752 0.10721305 0.008205772 0.017255202 -0.03527298 0.025784738 -0.031472713 -0.0052478374 0.027280267 -0.0052610794 -0.041334435 -0.029890485 -0.07252518 0.04851236 -0.0050574043 0.05355934 7.06982e-05 0.02410231 -0.077844165 -0.034890987 0.045562793 -0.02393642 0.076813 0.08750273 0.059886258 -0.01397521 -0.009653365 0.017511832 -0.026563875 0.040443975 0.048966657 -0.010549147 -0.052347668 -0.033255477 -0.05254271 0.01300438 0.0022729514 -0.01607298 -0.0054100794 -0.02347277 -0.11528977 0.0058503277 -0.044437774 -0.07626093 -0.04989481 -0.02430019 -0.06969779 -0.046461683 -0.06471642 -0.04033886 -0.043787856 -0.023703784 0.000121678655 -0.009798834 -0.010902873 0.07383159 -0.004798466 -0.006253442 0.0076130684 -0.052114487 0.0115246875 -0.0065141143 0.103062704 -0.0006648931 -0.011437982 -0.036055744 0.06475053 -0.011749471 0.013469733 0.050677598 0.07146409 0.10029353 0.035727784 0.06557431 0.06963716 0.048602916 0.0032256404 0.08736994 0.137566 0.10406597 0.072531424 0.0053798007 -0.06951937 -0.030430254 0.09177875 0.043379765 0.078807294 -0.044054516 -0.056487635 -0.01969805 0.018542625 0.04691303 0.025894864 0.056258343 0.011571858 -0.11383311 0.028372137 -0.01986704 0.009510236 -0.03841724 0.060007095 -0.007090594 -0.046071246 0.09744502 0.020057805 -0.0786614 0.01224642 -0.03577027 0.07512157 0.07169633 0.017760942 -0.043080177 -0.03257527 -0.07562326 -0.059156634 0.0018939907 0.05178912 0.013264673 0.02424229 -0.102287464 -0.027010344 -0.06796431 0.007478034 0.038952794 0.014793173 -0.04432861 -0.02517359 -0.05087951 -0.061281513 0.017164722 0.01303293 0.08245676 -0.01827323 -0.016574865 -0.09402993 -0.06732063 -0.11305578 -0.028270116 -0.026369762 -0.034684874 -0.09116076 -0.038598012 -0.021481033 0.032932132 0.012636779 -0.00952781 -0.08281116 -0.018015238 -0.013165978 0.06367437 0.056456223 0.066814914 0.040415354 -0.024054695 0.01757056 -0.031405613 0.033895906 -0.0036200536 0.03933932 0.024955438 0.0027697596 -0.063931465 -0.052502666 -0.016163345 0.008769263 0.04541506 -0.049633082 -0.055514015 -0.0755184 -0.059554026 0.013366971 0.08385845 0.028530432 -0.037917376 -0.022699157 -0.06087249 -0.09953642 -0.017066216 -0.03276468 0.050409917 0.067177854 0.04294446 -0.05941916 -0.004264462 -0.047138378 0.049791154 0.09401241 -0.08235275 0.03764263 -0.05431944 -0.03958822 0.034514125 0.123501144 0.031789165 0.04174888 0.012062705 -0.033555083 -0.044291187 -0.012333705 -0.0005431918 0.032332495 -0.016174352 -0.05094911 -0.02325543 -0.030553265 -0.0063322587 -0.014425523 0.024610138 -0.0017476664 0.0066809435 0.02070115 0.026047824 0.048341528 0.012788847 0.0073534967 -0.0066495864 0.06502453 0.0078050615 0.10478156 0.08887598 0.011540925 0.0011769034 0.036436968 -0.020317912 0.011733159 0.011715658 0.06307326 0.060968578 -0.017633159 0.008208413 0.028157473 0.0582539 0.052575674 -0.022219768 0.016009774 0.046302184 0.019657288 0.03668713 -0.01196423 -0.019616744 0.042919565 -0.007642208 -0.0010528881 -0.016725367 -0.06363479 -0.039188296 -0.05281236 0.031407814 0.033169102 -0.04442731 
-0.018611874 -0.0004590455 -0.010270735 -0.014681739 -0.01886232 -0.036608774 -0.0054015727 0.045357544 0.038331863 -0.04194403 0.029938044 -0.0022162418 0.0042242915 0.05388036 -0.0364384 -0.021724245 0.04269197 0.049004637 -0.039059408 -0.015742566 -0.025847929 0.04289723 -0.01140008 -0.030112045 -0.02224019 -0.0067845127 -0.015898593 -0.037760723 0.037939757 0.0023060995 -0.003242681 0.043509975 -0.030724917 0.0071266675 -0.03687809 -0.024263268 -0.00046767594 0.009836282 -0.012685908 -0.03174893 -0.05148604 0.033818036 -0.016156169 0.01618955 0.014907284 -0.042997874 0.033722155 0.03520234 0.0037777494 -0.04359199 -0.049197447 0.003882932 0.0008339551 -0.04182472 -0.09315369 -0.018491795 -0.055096637 -0.043561768 0.039932396 -0.09668382 -0.08606959 0.002283314 -0.060649306 0.007548182 -0.043943025 0.06036874 -0.055703998 -0.08681408 -0.0022391272 -0.0028659394 0.015142494 0.026292775 0.054886255 0.015296485 0.013362121 0.10993198 0.14908637 0.029536186 0.029852603 0.013002847 -0.018985372 0.07550701 -0.033369247 0.0037896403 -0.02237282 -0.013191019 0.0057726135 0.07221669 0.05555007 0.03068539 0.0068179336 0.04666855 -0.05843844 -0.042568713 -0.023181705 -0.008697379 -0.019871848 0.03508611 -0.03856028 -0.018989336 -0.019790426 -0.031259466 -0.026427366 -0.022585489 -0.036989413 0.045204353 0.035107557 -0.076500416 -0.072758175 -0.03964952 0.017923187 -0.00634116 0.05072308 0.03030396 0.031866863 0.04973762 0.023761809 0.047365386 0.04371972 0.0058528204 0.021620942 0.069833696 -0.033236057 0.0027394795 0.011232525 -0.028419074 -0.028444119 -0.089888655 -0.041859087 -0.02651705 -0.050225396 -0.061031416 0.03238896 -0.016804408 -0.058384303 -0.043467846 -0.008433947 0.030593792 0.009252495 0.008554235 0.11034449 -0.027885497 -0.042265493 -0.047051046 -0.034523237 0.067090265 0.098489136 0.026397428 -0.02440321 -0.0934896 0.010445955 -0.05840502 -0.047268216 -0.045255564 -0.07467479 -0.038782034 0.033689428 0.001627948 0.0039344 0.005047214 -0.054390002 -0.067206204 0.01557044 0.0045190174 -0.055139385 0.027279839 -0.0044708354 -0.068301536 -0.015324405 0.030945454 0.038210653 -0.057626165 -0.028650308 0.03828815 -0.010496601 -0.017157005 -0.036422383 -0.013634208 0.02746212 0.07043986 -0.040084038 -0.07319307 0.07567359 0.038121626 0.0012903793 -0.027064322 -0.0048173834 -0.030782793 0.012817316 0.05489257 0.025733719 0.032123152 0.05180077 0.08513135 -0.019413622 0.033771522 0.07134525 0.03839714 -0.014054879 -0.03838652 0.074630804 0.034608286 0.060177855 -0.10618534 -0.004090896 -0.06586704 -0.08432952 0.01908615 -0.04336723 0.011292296 -0.040103037 -0.011234617 -0.056215808 -0.0014534078 0.030234123 -0.006828022 0.007864798 -0.040050443 0.03968997 -0.027735464 -0.04371388 -0.04167185 -0.0022507445 -0.0055780425 -0.03833871 -0.038167182 0.004791127 -0.0017999358 -0.04080967 0.04508591 0.03558325 -0.016787343 -0.051739726 -0.017361363 -0.065345384 -0.018982176 -0.0080356775 0.012419079 0.00223795 0.02790981 -0.019159434 -0.055931818 0.00893442 0.0229207 0.0471406 0.07123551 0.0011166058 -0.04275338 -0.16125368 -0.11481318 0.004460987 -0.017007161 0.089502916 0.07833031 0.01680573 -0.051394116 0.040756714 -0.03593552 -0.011247921 0.033633344 0.17748947 0.23924138 0.07579398 0.16727471 0.10262271 0.042970307 0.06482149 0.08260609 0.10324451 0.09621337 0.058659732 0.07010025 0.04636855 -0.038800918 0.04671033 -0.05456428 -0.096841455 -0.07623816 -0.06546098 0.056136075 -0.009268897 -0.079642534 -0.09646817 -0.054832224 -0.08992129 -0.05269676 0.024659118 0.012850468 -0.09205974 -0.09279075 -0.058321018 -0.016273744 -0.040256392 0.033024125 0.051817495 -0.016918099 -0.06239614 -0.13252185 -0.017557783 -0.01637117 -0.013336624 0.022381023 0.05167647 0.07009231 0.014468299 0.057159748 0.017165396 -0.02691109 0.08487868 0.065978475 0.11340919 0.14673308 0.09460126 0.061058786 0.037269045 -0.084660135 -0.17555952 -0.13554187 -0.18602142 -0.1332778 -0.093827635 -0.03851319 -0.09865218 -0.10893438 -0.020135332 -0.04358893 -0.04538288 -0.07085917 0.058048904 -0.099433236 -0.026085671 -0.04238769 -0.05565725 -0.05563742 -0.005090373 0.012564529 -0.041488744 0.028364848 -0.024699176 -0.070766926 -0.01813525 0.013920949 -0.029055476 -0.02874703 -0.060418475 -0.014128378 -0.020836843 -0.032427333 0.009256828 -0.032439355 0.0020258636 -0.013166449 -0.045114856 0.028711671 -0.04379387 0.011019531 -0.053646117 -0.04307517 0.05180708 0.020469071 0.013781091 -0.060648408 0.04022249 0.024558103 0.016522327 0.028086884 0.050735753 -0.022110904 0.03901298 -0.04019951 0.012116542 -0.019613853 0.0076860865 0.04103468 0.05668348 0.038323876 0.024385402 -0.05207942 -0.012880267 0.058487058 0.010528993 -0.033629406 -0.01391383 -0.02619816 -0.022180798 0.0103589455 -0.018561551 0.06152471 0.043143116 -0.019981155 0.028940225 -0.046646785 
-0.0037913471 -0.018479625 0.011224972 0.030971747 0.0019505268 0.019604905 0.0059839534 -0.037096087 -0.029542053 -0.020342462 0.04208881 -0.05407413 0.009947234 -0.017165195 0.007215436 0.014168969 0.03328293 -0.012778808 -0.038907096 -0.011919163 0.025502784 -0.05120331 -0.031292923 0.017862791 -0.019092128 0.014022558 -0.010463891 -0.014591653 -0.008920122 0.017040636 -0.034356616 -0.026588077 0.046005964 -0.0032033254 0.033856746 -0.03950748 -0.0021902758 -0.04166963 0.023824561 -0.041667666 0.017013967 0.030386047 -0.042394653 0.03493479 0.051530115 -0.02841887 -0.03307872 -0.0106854085 -0.0037707319 -0.15082195 -0.1109333 -0.03315082 -0.0723881 -0.12941486 -0.0770431 -0.094638795 -0.069541186 -0.08647909 -0.073091716 -0.022790283 -0.021900205 0.019053176 -0.03568122 0.009471999 0.017018113 0.008178138 -0.050726045 0.01151074 0.036100857 -0.03819608 -0.005560595 0.022966878 0.037074003 0.030460052 -0.008518309 0.04429377 0.052264754 0.038600836 -0.0030402925 0.0741953 0.12386159 0.09940266 0.07576678 0.069082975 0.12756635 0.05035265 0.0261746 0.068516895 0.048819575 0.028028606 0.00443995 0.088802665 0.04041248 -0.020177629 0.004673442 -0.04463303 0.026036764 0.00964578 -0.0151843 -0.06100664 0.0077605788 -0.025582444 0.08633768 -0.005252136 -0.0849506 -0.05818595 0.019610954 -0.023858694 -0.0059830127 0.014158254 -0.042747583 -0.08823642 -0.12139277 -0.006856832 0.033735007 0.112512864 0.086052015 0.014406653 -0.062331833 -0.13222273 -0.04001424 0.04053652 -0.061387226 0.009560899 0.059149165 0.009745835 -0.050969154 -0.053564 -0.031688757 -0.09241459 -0.053865 0.0084307445 -0.0059225946 0.034425054 0.026893945 -0.019325117 -0.029512856 0.008271324 0.037840348 -0.002056036 0.044547226 0.068279676 -0.016395448 0.034743674 -0.039841816 -0.012107534 -0.0062771766 -0.022182811 -0.050511975 -0.04964052 -0.027444292 -0.009930009 -0.0006511225 -0.061820157 -0.0028758466 0.007442947 -0.09492041 -0.06776663 0.019556219 -0.016368754 -0.0031064125 0.03775237 0.06900646 -0.074024536 -0.05911539 -0.010906867 0.037514955 -0.002775719 0.022876969 0.09431811 0.036650743 0.032909196 0.07091852 0.024402829 -0.000726795 0.02583934 0.0060309838 0.07976558 -0.008091336 0.033392534 0.03418704 0.048806172 0.05515897 0.01580296 -0.0019533744 0.0027518515 -0.025397029 0.0015032658 0.067464955 -0.018286474 -0.044937607 -0.089439616 -0.031268273 0.0045109354 0.07449018 0.10650975 0.027889116 -0.012004222 -0.07242112 -0.023692112 -0.043001056 -0.023289233 -0.02955897 -0.04854678 -0.057604242 -0.026409982 -0.10309404 0.031056227 -0.055260524 0.059204306 -0.0048003593 0.043010507 -0.072040886 -0.004229073 0.026236596 -0.018339334 -0.039811518 0.05229004 0.10787361 0.03476546 0.082222104 0.07996493 0.034171056 0.0716155 0.04942783 -0.019142568 -0.03460011 -0.042236514 0.051021203 -0.019637015 0.0001939241 0.008774893 -0.06615556 -0.029526288 -0.10741221 -0.049063984 -0.05680542 0.027870463 -0.059202664 -0.020387694 -0.011180426 -0.011876501 -0.028562486 0.037128795 0.034167193 -0.027621083 -0.06867777 -0.006759751 -0.031267583 0.0029180371 0.004927667 -0.086356856 0.047627497 -0.04857301 -0.028882703 -0.011707697 -0.017877962 0.03898533 -0.06551396 -0.03370073 0.057108723 0.0791006 0.085330494 0.09726199 0.055866644 0.019408388 -0.098634504 0.01708645 0.09411848 -0.020157237 0.012217429 0.077110246 0.06167613 -0.119992025 -0.08590593 -0.040782623 -0.1021575 -0.11912282 -0.02430376 0.04482094 0.06864685 0.01936668 0.018132748 -0.11138904 -0.13392815 -0.07612867 -0.0008545202 0.07207807 0.09327533 0.065353565 0.04682117 -0.035195354 5.5644716e-05 0.024742372 0.06212318 0.05083436 0.013884095 -0.0438002 0.044628005 0.0702611 0.030976908 -0.09020857 -0.0031070802 0.051711064 -0.01146446 0.042771995 -0.018882187 0.05680068 -0.032670822 0.033396695 0.054881163 0.09784999 0.049505845 -0.021884616 0.027029667 -0.024187962 -0.030890215 0.08117499 -0.056761514 -0.11416985 0.03314852 0.06041307 -0.03729551 0.009954543 -0.033457693 -0.07982309 -0.09982822 -0.101371884 0.034233823 -0.0207722 0.03939438 0.043009438 0.016222037 0.019246548 -0.020730782 -0.024829997 -0.07370533 -0.074563235 -0.04790015 -0.028128056 -0.03732565 -0.059078686 -0.022872826 0.018880643 0.021701725 0.021045463 0.0043235323 0.0015364017 -0.05885423 0.003524608 0.050194114 -0.007108627 -0.0006941833 0.021039149 0.010377174 -0.0065594655 0.036848903 -0.03970825 0.06902287 0.021928957 -0.05695005 -0.011560821 -0.014187545 -0.03930131 -0.017125973 -0.024828779 0.06819724 0.008496194 0.0018381844 0.026064819 0.042617436 0.06725249 0.06345268 0.02313767 -0.01991042 -0.026307859 -0.00212104 -0.014676636 0.04345292 0.041753776 0.0373954 0.0419654 -0.017917912 -0.020539783 0.0039492873 0.0021141665 -0.03944121 -0.020613264 -0.0032251594 -0.0047228145 0.040676497 0.008578689 
-0.08298049 -0.031258225 -0.0040339637 -0.048012663 0.012255254 -0.048388794 -0.06831436 7.125212e-05 -0.0082346685 -0.042666998 0.007578009 0.029899433 0.030543769 -0.044773713 -0.010875863 -0.0064478638 0.007170293 -0.012587719 -0.026265034 0.032574937 -0.0070057577 0.0032407995 -0.020470915 -0.04022691 -0.03862297 0.029243575 -0.0006425891 -0.025940632 -0.027199682 -0.02170651 0.01293825 -0.0063845664 -0.033647086 0.009516604 -0.015002359 -0.04687084 -0.01280848 0.029629996 0.003498389 0.0012831773 0.031044116 -0.019321835 0.027305387 -0.022810007 -0.0372047 -0.025531642 0.009248298 -0.02340413 -0.051612064 0.01735054 0.020418974 0.01802045 -0.017110718 -0.10123966 -0.02545747 -0.038583446 0.0025524572 -0.08402076 0.03337772 0.10774327 0.03554825 -0.09541182 -0.037369456 -0.026578007 0.058523566 0.053897005 0.18778531 0.033748694 -0.008349119 -0.048677046 -0.014732128 -0.0007551133 0.10651014 0.13037358 0.15830998 0.024208097 -0.083988234 0.07801792 -0.035373893 0.051742792 0.08968965 0.095378876 0.092050135 0.015308011 0.08570718 0.10974488 0.04057487 0.07420107 0.07283319 0.084154055 0.03961995 0.042356513 -0.010227377 0.01916112 0.022632847 0.07288396 0.067146264 0.03531527 -0.061315577 0.037155528 -0.009615528 0.031835217 0.019631315 0.05977488 0.00057222863 0.08447255 -0.09827074 -0.015838275 -0.034684688 -0.08326045 -0.053794608 0.04924446 0.014364784 -0.061760914 -0.178241 -0.2096056 -0.17291231 -0.13829747 0.022621047 0.012877581 -0.10609787 -0.10512536 -0.20099558 -0.108916074 -0.08100676 0.032713305 -0.020667566 -0.034506746 -0.032677896 -0.09307238 -0.011621581 -0.073998146 0.032596786 0.038469277 -0.060479056 -0.020388687 -0.044641078 -0.03835065 -0.0048050904 0.00746707 0.12684318 0.10196134 0.1057274 0.052433047 0.00071716803 0.075948566 0.08727079 0.006548053 0.01719882 -0.013017677 0.007754859 0.008118862 -0.06304156 -0.09486678 -0.05334847 -0.03893783 -0.037349094 0.0580212 0.01224667 -0.009330184 -0.021022394 -0.0070483945 0.030050557 0.04235744 -0.0047860146 0.060862243 -0.011607474 -0.064160615 -0.062446933 -0.018577075 0.008511617 -0.057440363 -0.047126383 -0.011968045 0.00083469495 -0.021047732 0.032540485 -0.00217497 -0.07269397 0.041754678 -0.016154977 -0.0481371 -0.035168607 0.009635168 -0.032773726 0.01782664 0.026387064 -0.00238852 -0.06794868 -0.005143404 -0.052526545 0.018848494 0.044653 0.04071533 -0.0007675784 -0.003693513 0.11089457 -0.0064089233 -0.05246122 0.030468823 0.0670976 0.060530372 0.014873815 0.017277194 0.026106762 -0.04500732 -0.065147266 -0.085783295 0.044135757 0.043037724 0.040007576 0.022074027 -0.03198496 -0.053042945 -0.04308958 0.0031685028 0.019092657 0.0033875743 0.024726901 -0.01821955 -0.020827483 0.005856995 0.01610901 0.014688238 0.050773222 0.06710956 0.033951834 -0.019363051 0.041361596 0.08197156 0.091540754 0.09117343 0.027094338 0.05392653 0.035101235 0.10121137 0.031311926 0.092527196 0.011187017 0.04567033 -0.027058085 0.017885713 -0.02552854 0.015087682 0.08842815 -0.048261695 -0.08218616 0.002710174 0.043803394 0.03372665 0.017902482 -0.109812565 0.07825447 -0.097517535 -0.0397987 -0.047315683 0.027498249 0.029337814 0.096463114 -0.04012026 -0.10137251 -0.008080426 0.07198768 0.029924534 -0.08178352 0.011678866 -0.09333582 -0.18039836 -0.0423987 0.08216258 0.023376018 -0.092422225 -0.043251447 -0.08145444 -0.07056023 -0.023176026 0.020936254 0.029402848 -0.050574508 -0.02010986 -0.017192328 0.03497166 0.00046921143 0.03202976 0.0052954806 -0.009479697 -0.0441047 0.041789252 -0.06044796 0.018721787 0.0021082968 -0.047915734 -0.021940893 0.023145476 0.012727746 0.029828727 -0.03959698 -0.004318241 0.029010706 0.004227823 0.044626713 0.045790814 0.021318464 -0.0979568 0.032597136 -0.019256376 -0.047790688 0.06737472 -0.03892424 -0.008580527 0.03799463 0.1067247 0.057663627 0.025567275 0.08939676 -0.0638439 -0.023198042 0.06887043 0.009697328 0.07696852 0.002087931 -0.050507687 -0.059209112 0.028269226 -0.014482673 -0.08879091 -0.004252038 -0.025494933 0.06438566 0.022560408 -0.0016245377 -0.005655951 -0.0348642 -0.008073018 0.04465471 0.017072523 0.08649707 -0.024760714 0.068710126 -0.019815361 -0.053699017 0.06228768 0.042154726 0.0035914292 0.018790223 -0.031133424 -0.035985935 -0.035657916 -0.018014735 -0.019359007 -0.0099358605 0.0012096677 0.028144598 -0.025574848 -0.046820838 0.00988965 -0.008530932 -0.03308375 -0.04983754 0.02353012 -0.016269287 -0.0016614634 -0.012450924 -0.01730387 -0.04760244 -0.052696362 -0.06484168 -0.0067209187 -0.07668042 -0.003050535 -0.023221856 -0.04796722 -0.026083412 -0.05214745 -0.099382654 -0.020910146 -0.0635968 0.011724842 -0.02773167 -0.015054372 -0.03558875 -0.012915215 -0.013727021 -0.040667016 8.463813e-05 0.010353307 -0.043116912 -0.009828361 -0.0089223785 -0.0016724291 -0.0140866125 -0.004355927 
0.03015229 -0.03668361 -0.024309492 0.053891197 0.011735848 -0.024594383 0.030280197 0.017301021 0.026026051 0.01908191 -0.01331057 -0.03170309 -0.01137108 -0.043837447 -0.01984776 0.006776136 0.018173825 0.0039651617 -0.011271469 -0.049877074 -0.04329206 -0.0016844447 0.046423692 0.018734092 0.050706133 0.02312302 0.02570595 -0.04470618 -0.04877054 -0.04011941 0.014411084 0.011082707 -0.03725802 0.0062742434 0.029415904 -0.03456902 0.002695219 -0.046950415 0.008838599 0.0011869608 -0.00428123 -0.029478483 0.004742164 -0.045982607 0.027626567 0.01733117 -0.0101869 -0.04836925 -0.020790061 -0.0055121733 -0.045925662 -0.019792192 0.023020444 0.060929514 0.08465113 0.0009701751 -0.07786335 -0.056022625 0.006932744 -0.0659017 0.02916773 0.06606886 -0.012391425 -0.060337055 -0.08704442 -0.036511328 0.022597123 0.08059456 0.0032901557 -0.054268446 0.015593135 0.10751836 0.101511024 -0.04999605 0.048919946 -0.0180199 -0.015777407 -0.020252042 0.16806906 0.054653794 -0.04958416 0.05681165 -0.009754056 -0.08756588 0.010470773 0.07922878 -0.035039287 -0.04057596 0.058491707 -0.016426597 -0.08641885 -0.04466599 -0.011636334 -0.056708533 -0.025842328 -0.010010349 0.0034072676 -0.028023286 -0.017127559 -0.11235605 -0.048008468 0.020010622 0.09291196 -0.015280998 0.0065867794 -0.03618839 -0.09429871 -0.055106655 0.039006904 0.09008885 0.060389254 -0.069426976 -0.05146039 -0.03357584 0.02053608 0.25330114 0.20715708 -0.11008801 -0.06878097 0.0056236903 -0.0017294467 -0.03212158 0.08675096 0.016150683 -0.1312376 -0.07730506 0.046865854 0.0926167 -0.08085746 -0.0009276587 0.050984167 -0.07304249 -0.07707976 -0.0022784506 0.06333474 -0.044847257 -0.005498833 0.073500805 0.027097793 -0.09228545 -0.021905141 0.054566506 -0.0508127 -0.008681837 0.01078676 0.015790338 -0.1179018 -0.014123903 -0.0072847614 -0.074829146 -0.046244163 0.011755039 0.024196729 -0.010071893 0.02661488 0.045669593 0.014715426 0.03003716 -0.06711206 0.008747582 0.01956659 -0.036809005 -0.09825888 0.016786221 -0.0060117343 0.0074293152 0.08737528 0.04396186 -0.027405431 -0.054696426 0.00035952192 0.114279166 0.050975844 0.08113486 0.094436385 -0.05549947 -0.013736354 0.060430776 0.0183366 -0.017904336 -0.083514966 0.064252615 -0.025349917 -0.0095188925 -0.05381665 -0.032502305 -0.09195464 -0.09190702 -0.03400506 0.022129647 -0.03419793 0.03042515 -0.026351942 -0.052301828 0.00087782234 0.04681475 0.05885065 -0.008522458 -0.032579903 -0.0042535635 -0.12262513 -0.093400955 0.0063465177 0.04137905 0.050641797 -0.0365248 0.047262475 -0.041593786 -0.021013843 -0.027976032 0.03947537 0.007394549 0.066391885 0.061711904 -0.014750457 -0.018352808 0.015334041 0.045412447 -0.012618135 -0.023178484 0.032041933 -0.04600455 0.04113819 0.0047705625 0.018419802 -0.030834224 -0.01298676 0.016960211 -0.06629983 0.0028799667 0.08303789 -0.08527429 -0.034628175 0.03898972 -0.04306832 -0.08466088 -0.038533606 0.0007403913 -0.03415817 0.016220769 0.022489294 -0.016238336 -0.01886245 -0.017830808 0.038981955 -0.032878734 -0.09089295 -0.08666177 0.0074499785 0.094994776 0.056040358 0.0026828395 -0.067538306 -0.14691906 -0.0961467 0.028719522 0.14485592 -0.0042559407 -0.11107143 -0.04657043 0.012653053 0.019238591 0.086192235 0.15323089 -0.0830115 -0.06456638 0.03578312 0.13390261 -0.032762032 0.025152896 0.02977672 -0.15807973 -0.014040056 0.031046653 0.046318505 -0.23254316 -0.027420044 0.17438932 -0.08483525 0.0024296837 0.07216544 -0.00087438757 -0.14960578 0.048467472 0.17309542 0.008551343 -0.06160647 0.0614113 -0.0368035 -0.09154308 -0.0065408926 0.023802016 0.05716069 0.015609148 -0.03621377 -0.03482685 -0.099401034 0.02028063 0.07911375 0.018005254 -0.08736766 -0.14033903 -0.096193 -0.17287178 0.12165554 0.15685086 -0.020792559 -0.036942743 0.06765473 0.07500642 -0.004288225 0.05952074 -0.1714921 -0.22987565 -0.06638324 0.08421592 -0.07426562 -0.22106941 -0.022132002 -0.030660838 -0.0666532 0.025843702 0.14108388 -0.13693619 -0.08123452 0.26341584 0.20394725 -0.08230379 -0.011611892 0.06480398 0.05805836 -0.0027849367 0.10949699 -0.019009903 -0.014170895 0.026445555 0.03966527 -0.04216077 -0.0745116 0.0900241 0.08980159 -0.026168473 0.005563923 0.018290244 0.003747725 -0.015611645 0.017874684 -0.036277376 -0.0013153132 0.050695147 0.030031482 0.008485718 -0.04808758 0.023464527 -0.0281325 0.03264586 0.04204121 -0.028470445 -0.013767167 0.017773233 -0.052224394 -0.033429757 -0.028213546 0.00465515 -0.0055638086 0.034756336 -0.031999335 -0.053833824 0.017507294 -0.028245978 0.015933402 0.006398258 -0.038416687 -0.035858773 -0.0151669765 0.03251907 0.03434939 -0.041592013 -0.033351317 0.024336068 0.0042745275 -0.038215995 -0.036057625 -0.01483956 -0.030764276 0.017991858 0.007178012 0.009582976 0.048042092 -0.0046558958 -0.026272995 -0.0139489295 
0.02435814 0.026349934 -0.04888975 -0.046255875 0.023141317 -0.017201608 -0.06369361 0.012110218 0.021670753 0.0020121601 -0.014575005 -0.028509878 0.002275441 -0.038858518 0.013795758 0.032313135 0.039715186 0.019587854 0.0075537385 0.026097417 -0.013518307 -0.01593533 -0.027193211 0.030747354 -0.0013167372 -0.030451493 0.02853647 0.0019989312 -0.05059402 -0.002399009 0.018923188 -0.04262892 0.024780737 -0.0007425885 0.025353098 -0.037449066 -0.02886677 -0.051188152 0.030947333 -0.049290027 0.017977845 -0.04496355 0.040622815 0.027950631 -0.050571546 0.024689099 0.01619481 -0.049465712 -0.04296301 0.07309826 0.020851415 -0.039678413 0.00032141586 0.02371602 -0.02161262 0.010804967 0.090946145 -0.0136909755 0.029981146 0.06884765 0.055170596 -0.03868833 0.056569915 0.055622064 0.07538335 -0.018130824 0.038743593 -0.038293242 0.076175466 0.08295296 0.10690096 0.09825252 0.044905055 0.03980602 0.058841333 0.05019127 0.066425554 0.009553142 0.038742825 -0.014066034 -0.02241843 0.027666194 0.013204387 0.059806645 -0.0095320055 0.03803177 0.06574413 0.019830614 0.0068396223 0.046383854 0.014939915 -0.038618695 -0.012579979 -0.09354124 -0.038595427 -0.035064854 -0.016455675 -0.07135433 -0.094601 0.0010208896 -0.00120473 -0.034702234 -0.041460976 -0.031308707 -0.08529031 -0.041107558 0.0066267964 -0.014648092 0.013953003 0.025046181 -0.065318175 -0.08767816 -0.07632469 0.01791004 -0.028231027 -0.00591006 0.021340856 -0.022391686 -0.08706472 -0.026445195 0.0034471916 0.011041871 -0.009884906 -0.026003655 -0.008861402 -0.004394281 -0.005342108 -0.04417051 0.0028375778 0.014912958 -0.033827458 -0.019108167 0.05373381 -0.058784552 -0.0032452901 0.037097972 -0.015203882 0.020463038 0.068650745 0.026683282 -0.021235239 0.07138522 0.035098363 -0.021200147 -0.04828164 0.058472633 0.056209102 -0.036076985 0.03241921 -0.020820497 -0.0032357716 0.03721171 -0.030483345 -0.0052689738 -0.008495958 -0.03549135 -0.04174731 -0.025526827 -0.0026766267 0.010197513 0.06116282 0.024343463 0.022373281 -0.023477301 -0.016754536 -0.0068871304 -0.04032957 -0.012315226 -0.006566299 -0.012555366 -0.04939358 -0.03262589 -0.0077988636 0.049890064 0.013231086 -0.061961606 -0.036174737 0.02619615 0.001243313 -0.059173986 -0.03102415 -0.0025527638 -0.07874999 -0.028701045 -0.016588734 0.0017807058 0.029757999 -0.0068070493 -0.08614578 -0.07148347 -0.07406949 -0.009716949 -0.052211598 -0.025716325 -0.011311689 -0.0254513 0.0869573 0.009006866 -0.0022568186 -0.003406114 -0.0054648984 0.026945297 0.034684118 0.036621615 0.054153815 -0.013105814 0.025161557 0.02905374 0.029044062 0.092217945 -0.038994 -0.017858896 0.04837646 -0.033923984 -0.032754347 0.040230952 0.039009523 0.007537917 -0.017285775 -0.012312759 0.011363889 0.011704298 0.08958237 0.05022069 0.04860974 -0.04750066 -0.023917697 0.05653785 0.011431141 0.052375212 0.06389106 0.018573988 0.037925534 0.023781648 0.010096405 0.016381688 0.039564934 -0.018871898 0.021338776 -0.024907475 0.00097422505 0.068443164 0.07784493 -0.015943283 0.014973915 -0.044331394 -0.075100996 -0.0027734914 0.013734211 -0.04240649 -0.086665496 -0.060832303 0.066059865 -0.054225724 -0.001535556 0.027555509 0.017160723 -0.06600711 0.009534073 0.017305417 -0.045354184 -0.10530054 -0.020011894 -0.062461764 -0.03278162 0.064303204 -0.055687364 -0.013431319 -0.051043574 -0.018742645 0.030892722 -0.00086463115 0.01861252 -0.032273073 0.005751393 -0.03848931 0.010173907 -0.048390813 0.024078568 0.061993983 0.007992989 0.008133004 0.01864662 0.0061580637 0.014310412 0.009977435 0.087951265 0.00059818965 0.023530632 -0.017500142 -0.035918888 0.0027131357 0.08521008 0.047146972 -0.008211501 0.063534625 0.0014726124 -0.013924972 0.03393362 0.0055410834 0.044690493 0.031761497 -0.045942105 -0.056300446 -0.026330857 0.008039805 0.012276241 0.032087587 -0.009614065 0.0026633078 0.044505816 0.012741387 0.04672528 0.03035935 0.045959897 0.012007735 -0.019116359 0.027893506 0.036502447 0.012581107 0.050799042 0.009413964 -0.00792399 -0.010494207 0.07359089 -0.013302164 -0.022670781 0.06415904 0.019964337 0.0076966095 0.018172778 -0.0510549 -0.0021765456 -0.0052515706 -0.048384227 -0.033081606 -0.011822635 -0.049507856 -0.05338189 0.00048303738 -0.0119151035 -0.044618443 -0.04965152 0.029548392 -0.045384407 -0.0027671156 -0.014254545 -0.047957126 -0.037213735 -0.037553087 0.009729971 -0.02499175 -0.017083708 -0.007949984 0.011005009 -0.022949435 -0.044752747 -0.002906558 -0.030385496 0.0060961605 0.032087635 -0.049590703 -0.051896825 -0.051758368 0.03298767 0.021944687 -0.016431825 0.013483458 -0.06749102 0.01829448 0.041228402 0.036561247 0.030257987 -0.010849487 0.016484031 0.028707687 0.02100561 -0.04231107 0.01499842 0.023932898 0.0060722516 0.027462542 -0.017638423 -0.008932224 -0.008669733 0.033428296 0.005335838 -0.015803847 0.011939345 0.0070252134 -0.020428807 -0.034184787 
-0.0068435064 -0.035917867 0.02530399 -0.0140023725 -0.03083256 0.014449697 -0.043470856 -0.04080251 0.019775864 -0.024921076 -0.016430963 0.02207841 0.042916846 -0.009316707 -0.005489496 0.034081347 0.02097735 0.0050936323 -0.012614659 -0.02816823 -0.02829093 0.022053035 -0.021806842 0.030229378 -0.035639532 0.029112086 -0.00492086 0.007167273 -0.048327956 -0.01780213 0.048086856 -0.026355097 -0.008550558 -0.03585083 -0.017967891 0.028340599 0.03125714 -0.03971905 -0.019759212 0.04987643 -0.009262691 -0.04129915 -0.024081266 -0.0032380887 0.010360974 0.020815989 -0.031850792 -0.045139946 -0.026454842 -0.003692043 -0.15826644 -0.07823252 0.0060198065 0.013003942 -0.02515505 0.0539267 -0.11662722 -0.08449829 -0.093485914 0.039681997 0.0063212807 0.029402407 0.03817358 -0.11916284 -0.07263179 -0.009745887 0.05513667 0.022175297 0.032270305 0.021768704 -0.111344256 0.034830805 0.028677853 0.09555529 -0.010826054 0.011165163 0.10186781 -0.028615154 0.024195863 0.12306329 0.13135062 0.037802663 0.04516505 0.06640859 -0.10875094 -0.06321723 0.09613139 0.0032432734 0.015788529 0.040362403 0.054575264 0.012067585 0.007892399 0.08505084 -0.01728292 -0.065820895 -0.06265825 0.039471556 -0.04615817 -0.037531536 -0.007869208 0.06450927 0.0215746 0.057806116 -0.07369051 -0.11352376 -0.008653737 -0.04501009 0.031879235 0.053003345 -0.008471645 0.00807822 -0.13576207 -0.04361706 0.011388311 -0.054795012 0.02317413 -0.060535017 -0.016543904 -0.122801274 -0.03756132 0.07595872 -0.029436855 0.0141019635 0.055665717 -0.05678173 -0.13836373 -0.03737021 0.12552357 0.048300516 -0.026909342 -0.006964353 -0.054726165 -0.16262084 -0.02054327 0.027375171 0.030812608 0.028165195 -0.0039214664 -0.032292362 0.049302995 0.061771818 0.056174085 -0.012766866 0.0790361 0.07211872 0.07816926 0.059915178 0.033773605 0.031092374 -0.023316178 -0.042982474 -0.018492814 0.023971273 -0.04540347 0.013754757 -0.010158785 -0.032951713 0.00889345 -0.05828556 -0.02605334 -0.04344126 0.0072877808 0.00066519383 -0.0592354 -0.009434471 -0.0043069157 0.0078105223 0.0070268516 -0.017911568 0.032273393 0.0077906763 -0.036946468 -0.042469177 0.0015480489 0.06397482 0.0026021386 0.03465618 0.026581703 0.0066971593 -0.072106235 -0.066272736 0.042035 -0.06490853 -0.034067072 0.02788292 0.048449297 -0.020067582 0.04248997 0.057112273 -0.0115562035 -0.027394228 -0.021104949 -0.0699425 -0.06024422 -0.012192526 -0.040918007 0.039659735 0.10833219 -0.009817929 0.0077087097 -0.06824174 -0.095634215 0.012882476 0.037714966 0.123355344 0.06325275 0.06521137 -0.0494128 -0.1184699 -0.018882306 -0.0021244097 0.16294788 0.022244325 0.013083501 0.028386965 -0.08935526 -0.015720012 -0.060743835 0.023711575 0.026350511 -0.026996272 0.01012181 -0.057644036 -0.04905822 -0.036712456 -0.0042964066 -0.071263276 0.018956736 0.026004396 -0.07275315 0.0044887993 0.008019505 0.010047472 -0.056477454 -0.010216123 0.036128324 -0.0093072355 0.036284007 0.026974332 -0.026383834 -0.0355556 -0.009764656 0.005009016 0.016734922 -0.1962217 0.03854889 0.12752897 0.23848547 0.14296617 0.010114299 -0.17775755 -0.12745461 0.083801694 0.033931438 0.08292314 0.051817503 0.0800582 -0.19317698 -0.18245766 0.0010861106 -0.007939856 0.008168989 -0.024737718 0.018640611 -0.15398835 -0.10953369 0.081136726 0.1257682 0.0063659763 -0.02242047 0.054728422 -0.09258366 -0.17783351 0.08053892 0.22423203 0.05778454 -0.04471991 0.09431363 -0.07092836 -0.09829179 0.1314732 0.1806134 -0.027694829 0.034621526 -0.009063861 -0.030636456 -0.0048307115 0.20219201 0.15081681 -0.06544292 0.011786932 0.07625382 0.02195628 -0.08146274 0.12448234 0.20839065 0.1596832 0.10029027 0.036067292 -0.1890565 0.022899583 0.107173234 0.045764666 0.029163282 0.025028827 -0.076522075 -0.09377492 0.015575476 0.0061370037 0.019008122 -0.13445126 -0.14601697 -0.031162715 -0.055628207 -0.13089488 -0.022237083 0.0219389 -0.04941842 -0.0018278544 -0.029764058 -0.010441631 -0.08706334 -0.06344753 -0.054552585 -0.042483833 0.012506649 -0.062096104 -0.013785135 0.095932305 -0.06476783 -0.13602541 -0.018697388 -0.0029547685 -0.047394928 0.02833489 0.03887789 -0.029180817 -0.08994316 -0.0078043668 0.030643422 -0.026831971 -0.0022926633 -0.026873028 -0.023863738 -0.049755055 0.030313816 0.02821152 0.01891802 0.056275196 0.045760628 0.012769218 -0.0521224 -0.008689079 -0.0422477 -0.06586785 -0.042876326 0.03624017 -0.046055473 -0.040464945 -0.07132196 0.008683396 -0.0373609 -0.029378304 -0.023501063 -0.0459535 0.0012209782 -0.048508126 0.007323875 -0.037572112 0.044496957 0.037019126 0.013441866 -0.008253723 0.04546141 0.05188355 -0.023431577 -0.028052654 -0.0006726241 -0.044963356 0.007735572 -0.013834151 0.015071212 0.04538396 -0.028307347 0.054272898 0.0040001613 0.027927095 0.03747644 0.016315822 -0.007920089 0.014892624 
0.028506996 -0.0020574073 0.031304047 0.056129895 0.056419723 -0.041648876 0.045664467 0.004280728 -0.02940415 -0.045793854 -0.017898485 -0.019736495 -0.00025759253 -0.046763893 -0.019007932 -0.035189733 0.020152584 -0.014555486 -0.00901098 0.02076614 -0.030792108 -0.029498935 -0.03261947 0.022554316 -0.0031819802 -0.028921157 -0.038692582 0.036384314 -0.037801266 0.0019527159 -0.0078122863 -0.0037826563 -0.024266204 -0.014039657 -0.021034077 -0.014613019 0.049428415 -0.0167956 -0.028212436 0.021805549 -0.014643381 0.021401968 -0.03798296 -0.001469536 0.0035166626 -0.0024899081 -0.017092353 -0.050277185 0.0043842816 -0.02850961 -0.038522918 -0.04028197 -0.036710754 -0.03371897 0.0038653936 0.039365638 0.010079207 0.011246965 -0.015417026 -0.05513361 -0.008747656 -0.04273043 0.049240414 -0.018369976 -0.03670364 0.007866793 0.004822828 0.057004083 -0.017289994 0.04309787 -0.044319224 0.0034145364 0.03978973 0.06061058 0.002140587 -0.018380031 0.074506626 0.026051614 0.02414626 0.024364626 -0.019475363 -0.023112664 -0.05118426 -0.009145706 -0.0028116447 -0.032621227 0.029785268 -0.034704063 0.0061627543 -0.021363262 -0.028949235 0.021154512 -0.024216596 -0.07574747 -0.025328727 -0.042306837 -0.005660528 0.042077232 -0.012335142 0.010130919 0.030652776 0.033030763 -0.02165328 -0.05137896 -0.010103011 0.0073721176 0.08859653 0.07250317 -0.046867143 -0.026554517 0.012263121 -0.003385456 0.044157922 0.04732884 0.056005225 -0.09308988 -0.09849582 -0.01898822 -0.033402294 0.038254183 0.05352128 0.006282984 -0.054540023 -0.074403964 0.035003193 -0.038751688 -0.010522687 0.025539715 0.049119107 0.031488243 0.016272854 0.04559019 -0.017730664 0.016162617 -0.001925234 0.04373742 -0.050505824 0.01169831 0.022461357 -0.04826979 0.01791216 -0.016641842 -0.03246336 -0.026942441 -0.016529439 0.008691825 -0.045513224 -0.022245897 0.0005149608 0.0121806795 0.034525156 0.015624827 -0.03407193 -0.022157053 0.04184788 -0.040222723 -0.054652814 -0.050213803 0.030792449 -0.023779916 0.018304843 -0.0335244 -0.06362667 0.025962278 0.013776923 0.047139663 0.016298413 -0.019401114 -0.012803966 -0.050298028 0.0050946795 0.018754005 0.052451648 0.06747808 0.029480636 -0.0443458 -0.08220157 0.0018826993 0.047312543 4.627122e-05 -0.025061738 -0.029711345 -0.06605766 -0.061680064 -0.037755877 -0.06335293 0.007130018 0.015750155 -0.045628853 -0.012431663 -0.02811707 -0.009339733 -0.020601464 0.022594081 -0.034693033 -0.053930223 0.02629397 -0.023709442 0.023479622 0.044103615 -0.013738288 0.0144189475 -0.012377121 0.04019503 0.02767768 0.023012815 0.048276976 0.024782363 0.037738454 -0.022265859 0.0038585293 -0.0619579 -0.043880235 0.049618654 0.04288262 0.047861673 0.034797296 -0.06951588 -0.03512862 -0.0075209634 -5.9989437e-05 0.018549543 0.07896932 -0.025260102 -0.022593934 0.019493004 -0.00771732 0.030854432 -0.0035738882 -0.0020060143 -0.052212812 -0.0062149973 -0.036976915 -0.016336435 0.036920507 0.042590655 0.04417197 0.002433162 -0.018621955 0.0047508003 0.026899133 0.019869843 -0.016474273 0.011219324 -0.031886037 0.0052676457 0.027023898 0.04226184 0.028304718 0.029514773 0.043746702 -0.040676266 -0.04711846 -0.018707443 0.048273176 -0.0149229765 -0.0038206556 -5.134461e-05 -0.022303764 0.033358026 -0.0076326584 -0.036462758 -0.039647806 -0.019794174 0.05716201 -0.010715614 0.0048496784 -0.044868935 0.0077157672 -0.018458508 -0.05979467 0.030421147 0.03146199 -0.017846728 0.012141977 -0.015073467 0.03947466 0.049447265 -0.04068288 0.02657419 0.05714204 -0.0422036 0.008585746 0.01976129 0.013417121 0.011411608 0.0073716906 -0.03561519 -0.07391572 0.020675726 -0.025374634 0.069692485 -0.008332194 0.0618624 -0.00041238766 -0.012721337 0.032772873 0.03658568 0.03053099 0.045412377 0.034469783 -0.053085 -0.044318743 0.009387245 -0.00559378 -0.013575735 -0.06415374 0.034844697 -0.032489415 0.004944698 0.052600175 -0.031918243 -0.09115658 -0.03786824 -0.025847275 0.045168977 0.033061128 0.10299075 0.048340008 -0.08142692 -0.08946865 -0.0855606 -0.023514453 0.03299467 0.027141565 -0.033839002 -0.04992897 -0.06905957 0.014759475 -0.016602876 -0.02111661 -0.01013041 -0.052840497 -0.008804596 0.049145576 0.04206068 -0.066573076 -0.06952025 0.033384778 0.013207176 0.013466075 0.07769729 0.030373344 -0.011870318 -0.025963813 -0.014581179 -0.012143916 0.0120043075 -0.0052764458 -0.008810629 -0.011454091 0.046580605 0.0152535485 0.0011537623 -0.02544038 0.046021864 -0.0077252355 -0.03351883 -0.03070758 -0.011675538 0.012999254 -0.002263716 0.002855466 -0.012978856 0.025997002 -0.04094671 0.0044741174 0.00087127124 -0.013616554 -0.0153263975 0.034574945 0.036694463 -0.022157244 0.047031526 0.041106217 -0.015911102 0.009469613 -0.0332091 0.04888842 -0.03767126 0.017466245 0.021400318 0.041876834 0.022831703 -0.010773082 0.044659402 0.029618045 -0.0034027488 0.02072864 0.0037058946 0.0070227752 -0.038080685 
-0.0046420777 0.014475764 -0.018197326 -0.03817811 0.006762599 -0.01935964 0.012639869 0.0057937363 -0.027553678 0.043580078 -0.035451002 0.01515402 -0.0057482943 -0.062761955 0.041710857 -0.0011282352 0.022322267 0.0294528 0.021790333 -0.018631166 0.011934789 0.014584566 -0.024613872 0.008755111 0.033759385 -0.0010529261 -0.013836887 0.030272543 -0.056852043 -0.021733206 0.000111765745 -0.04178244 0.02003807 0.024038363 -0.03726051 -0.0061009577 -0.049582846 0.016843755 -0.049503297 -0.04779345 0.045311812 -0.01677342 0.037976407 -0.0054271934 0.0047393134 -0.03532982 0.043009184 -0.02943927 -0.008293909 -0.064137496 0.008567621 -0.042914618 0.00786318 -0.008619965 0.02079972 0.015209378 -0.08347422 -0.03768229 -0.035023544 0.0015633934 0.029083835 -0.058989413 -0.06092337 -0.030587923 0.00010312971 0.05762295 0.07300095 0.023648603 -0.006995415 -0.1374671 0.002268997 0.086208 0.050290067 0.08096942 0.015893595 -0.024970582 -0.09032974 0.04425717 -0.027596759 0.023590658 0.03396406 -0.0032605084 -0.009871028 0.015660245 0.0021997385 -0.04398922 -0.0025445772 -0.016866433 0.0039985185 -0.0134585025 0.05292469 0.060650975 0.012769323 0.108414724 0.087073185 0.11011399 0.08443301 0.09015213 -0.028568923 -0.030539477 0.010033675 -0.023824994 -0.06159645 0.08323714 0.097357586 0.018136425 -0.0039515626 -0.06408461 -0.0019638056 -0.07353356 -0.10827492 0.0039314944 -0.057871386 -0.11749952 -0.11797774 -0.011650997 -0.07013207 -0.1271843 -0.033914573 -0.05565194 -0.13597365 -0.08795562 -0.07740437 -0.034352086 -0.08369098 0.0012600227 -0.06739443 -0.103407264 -0.087849624 0.0020860322 -0.06031352 -0.040834602 -0.087654196 0.040610325 -0.044938076 0.051986445 0.027700758 -0.022355868 -0.028139694 -0.034490004 0.15146892 0.076747544 0.084279336 0.12564191 0.10463027 0.13680011 0.14456035 -0.13327454 -0.12393255 -0.10597747 -0.010679228 0.0038195786 -0.0766923 -0.086776145 -0.036656566 -0.04323764 0.024350872 0.027243964 -0.0028788135 -0.05807272 -0.014568951 -0.052586976 0.08600207 0.12291204 0.07779411 0.09279596 0.039267916 0.012474638 0.020320335 0.10048612 0.068049215 -0.07730749 -0.029964093 0.047365498 0.018008092 0.005455627 0.03414888 -0.026051542 -0.13409974 -0.010704237 -0.020497188 0.0030452309 0.051099867 -0.025929347 -0.03121598 -0.058181163 -0.043966103 -0.034813657 -0.04883852 -0.051127613 -0.01649713 -0.012323046 -0.0795556 -0.0447818 -0.049490497 -0.028640907 -0.010858535 0.0069809216 -0.05366103 -0.014108082 -0.01056849 0.03969759 -0.05999514 0.015699124 -0.021740077 -0.0222358 -0.04677846 -0.020973358 -0.010306996 0.023812694 0.04691526 0.043233253 0.047341406 0.012729601 -0.022918802 0.061866075 -0.008252286 -0.013613826 0.015726855 0.09018301 0.0037595248 0.03664689 -0.008124687 -0.04753669 0.020401536 0.015503758 0.08223549 0.042229343 0.06865377 0.017043421 -0.0003697089 -0.021835279 0.023803068 -0.0049941638 0.017344914 0.029857324 -0.022845961 0.049050782 -0.018911453 -0.060158595 -0.082713984 -0.08573817 -0.06958221 -0.023713863 -0.028719114 -0.005379837 0.01980766 -0.099022165 -0.061594076 0.004345547 0.030297719 0.072902694 -0.015543877 -0.07400693 -0.045834042 -0.058339175 0.06293485 -0.046001073 0.018691815 -0.09266441 -0.051031914 0.027985636 0.04099461 0.07951704 -0.030429702 -0.052037057 -0.17268242 -0.14911397 -0.069376126 0.004471488 0.018001195 -0.055496212 -0.11014131 -0.12351083 -0.076291345 -0.01967001 -0.040671825 0.03293287 -0.050344136 -0.10504909 0.06329833 -0.014426714 0.06619943 -0.031496912 0.049835898 0.01733403 0.030231915 0.13509816 0.15063094 0.16315313 0.11190369 0.046794195 0.062204655 0.13171892 0.068594046 -0.024661895 0.0015850691 0.031281374 0.08098739 0.036919985 -0.009010996 0.00031678606 -0.036668062 0.023659725 -0.006469422 0.06296922 -0.018419666 -0.023217835 -0.08467107 -0.027447894 0.07051395 0.03920561 -0.0018421625 -0.012373534 -0.09231562 -0.10997123 -0.09658397 -0.05617269 -0.0097309835 0.004916726 -0.12147536 -0.10426677 0.0042349612 -0.0179214 -0.037651133 -0.048955835 0.005160839 0.018638916 -0.05188874 -0.029567573 0.023774533 0.017451255 -0.038784187 -0.044926994 -0.044911098 0.07727387 0.05151664 0.019227479 -0.0089976275 0.039805185 0.083883256 -0.0039174724 0.021280337 -0.02768373 -0.0037643225 0.03295922 0.039252248 0.04095331 0.0019113084 0.02350438 -0.019265508 -0.031218203 0.057242237 0.05994175 0.026272085 -0.034546014 0.0063316827 0.030056383 0.001280151 0.03667973 0.031642485 -0.02995716 0.015196383 -0.004930139 0.047993444 0.020156749 -0.02959384 -0.06710675 -0.053743944 0.040257573 -0.0048436825 0.046495248 -0.016840484 -0.03508721 -0.03978704 -0.009615306 0.039345656 -0.036198836 0.01058441 -0.0034152172 -0.03264274 -0.018208131 -0.033193577 -0.0075306743 0.021632709 -0.031440113 0.013666167 0.023213198 0.0490701 -0.044877443 -0.014523292 -0.015063639 
0.025128506 0.01684811 0.05218827 0.055296067 0.033980712 0.027626766 0.03332676 0.029262135 -0.02533421 0.034359697 -0.030610679 -0.02393149 -0.01635213 0.009082788 0.0017318691 0.04432954 -0.04886705 -0.042113796 -0.038206156 0.038441993 0.05456965 0.04859843 0.02423947 -0.048715126 0.0066024708 -0.0014517845 0.0028630246 0.0114188725 0.05758691 0.03625975 -0.024676643 0.039165854 0.01696806 -0.012012176 -0.016979007 -0.013945865 -0.050556 -0.025635688 -0.0070904954 -0.002269085 0.019788748 0.01905281 -0.046033964 -0.017528478 -0.023360161 0.019890329 -0.04269336 -0.01745651 0.026111146 -0.1063922 -0.07259195 -0.023446323 -0.013096849 -0.012757722 0.017251214 -0.044977803 -0.057932325 0.013928813 0.0042672735 0.018814819 0.0078349905 0.0056304564 -0.011738176 -0.04340466 0.00012992616 0.050110526 0.116561815 0.042066433 0.03970154 -0.002055429 -0.02007776 0.034158655 0.06603355 0.10526148 0.09071122 0.018472394 -0.022011332 -0.04995575 0.03702925 -0.03274084 0.05742232 -0.034027074 -0.0102685075 -0.018563896 -0.0030049817 -0.012408276 -0.01634072 0.023659242 0.021634268 0.046134863 -0.033968683 -0.009757497 -0.02512852 0.037205063 0.0042411233 -0.011859824 0.012066736 -0.0439078 0.034121547 0.038771752 0.01897716 0.054605253 -0.008459959 0.043155238 0.04942744 0.050414916 0.07472021 0.059192825 0.024263715 0.009027752 0.0570363 0.038670957 0.028268732 0.03164656 -0.015722439 0.070770584 0.035274357 -0.008636421 0.0133291 0.023178924 -0.046039637 0.020973451 -0.026462963 0.032666676 -0.04568233 0.0216758 -0.027943384 -0.0018679213 -0.050321788 0.009931096 0.011213881 0.032106433 0.02643132 0.037246373 0.02271146 0.015559244 0.029760547 0.04981443 0.03041876 0.041130733 -0.012577189 0.058184482 2.5832454e-05 -0.02126758 -0.0026931772 -0.0039928476 -0.0193978 0.026241578 -0.0038450798 0.046865754 0.013094197 -0.018876892 0.0012310174 0.015335312 0.063257374 0.011107882 0.039547917 -0.010431462 -0.025008619 -0.044663996 -0.024113478 0.03963042 -0.03776429 -0.030682532 -0.053722497 -0.039599758 -0.043694347 -0.0060900804 0.022237716 0.05336697 -0.014328834 0.0230048 -0.016244253 -0.008591688 0.053349614 -0.005359233 0.016562268 -0.029660435 -0.02895386 -0.044965282 0.03135287 0.02266648 -0.018230604 0.016954722 0.045077432 0.0313481 0.027744686 -0.028984627 -0.051139586 0.012119543 0.05811901 0.013388856 0.05277075 -0.016457476 -0.0084993625 -0.04832718 -0.08678514 -0.07428042 -0.03156545 -0.017583268 -0.036780786 -0.08623135 -0.060154583 -0.03092278 -0.089387804 -0.020242482 -0.0848938 -0.06929827 -0.10216066 -0.048462395 -0.069878705 -0.01111498 -0.048271734 -0.09738764 -0.08284298 0.019800913 -0.01848769 0.029869352 -0.0008210156 0.019674096 -0.057209987 -0.026066802 -0.038064428 -0.066378295 -0.008762198 -0.037035026 0.011256562 0.00065390405 -0.028559249 -0.025486747 -0.059291337 0.001961881 -0.0088511715 0.025627911 0.022321047 0.010809502 0.012407188 -0.037509084 -0.018659271 -0.033112947 -0.030005014 0.027463617 -0.009693401 0.0061839498 0.004577714 -0.050578985 -0.045060508 -0.028815584 -0.062057164 -0.061879456 -0.081129916 -0.07095576 -0.033775475 -0.008140898 -0.055882245 0.020191722 -0.016353944 0.01623367 0.010609776 -0.025831994 0.034597345 -0.006098522 -0.0015157149 -0.017301189 0.02964282 -0.018132117 0.014714188 -0.0057254895 -0.07182206 0.018433655 0.031515036 0.005055697 -0.04419526 0.03741258 -0.018080747 -0.049447306 0.0077232593 -0.04850925 -0.030674918 -0.03973206 0.002505312 -0.031631183 0.009812605 -0.06700641 -0.07916283 0.022098694 -0.037139412 -0.033085402 -0.04070845 0.043069337 0.044067364 -0.04663508 -0.048455212 -0.051977124 0.076395504 0.05764261 0.0019089384 0.04861447 0.09283705 0.07179444 0.000400625 0.037249047 -0.0082327705 0.0824315 0.04272348 0.022967162 -0.041674826 0.0034404546 0.053916667 -0.0093547795 0.049107958 -0.022882141 -0.013955087 -0.0378026 -0.05872262 -0.02794751 0.057493113 0.05193722 0.022024103 0.08959905 0.07137946 0.035606187 0.0059603537 -0.036010936 -0.0010540556 0.023704661 0.0645184 0.054152314 -0.06520358 -0.0475176 -0.00054336863 0.0026779706 0.038560007 0.04277916 0.04170518 -0.029877353 0.108449325 -0.019432561 0.06967612 0.023956113 0.07017486 -0.015100648 0.01252914 -0.018037282 0.00837315 0.037770744 0.04316577 0.020633774 0.017577926 0.01978464 -0.038755782 0.017297078 0.016325809 -0.004066346 -0.010171548 0.0040011182 0.028563276 -0.050847698 -0.041483294 0.043701418 -0.052778047 -0.030873258 -0.021942442 0.039808482 0.03535334 0.046868686 0.006787958 -0.005613788 -0.033302996 -0.005763792 -0.04757004 0.03133021 -0.027800323 0.019375326 -0.0008723528 0.020903686 0.0068900604 0.030509347 0.014868011 0.028426303 -0.011043338 -0.009649918 -0.0043692943 -0.016456112 -0.020061227 0.012552661 0.02213705 0.033991564 -0.003919909 0.039169293 -0.013107813 0.028779006 
-0.007329774 0.06813278 -0.013546491 0.042494725 -0.0018105936 -0.043283872 0.011894721 0.0030954173 0.030723602 -0.006739412 0.0048647122 0.009234875 -0.0030009728 0.04943819 0.004596942 0.027258972 -0.013375872 -0.03438403 -0.04338823 -0.025617853 0.0025961618 -0.008631603 -0.01617337 -0.059561666 -0.019794656 -0.052754145 -0.017989531 -0.03635143 -0.038600057 -0.03174783 0.019831764 0.044653226 0.03320975 -0.016592612 -0.04005461 0.031198414 -0.026769834 -0.054129235 -0.04721456 0.020691095 0.028538441 -0.03857524 -0.022559078 0.032375474 0.02180851 -0.0024501923 0.0008505027 0.012518554 0.021878913 -0.08361554 0.0036157416 0.09297566 0.07407448 0.03865024 0.099671684 -0.047446296 -0.053590626 0.04119654 0.09900808 0.081497364 0.110822655 0.047228683 0.011408603 -0.07956601 0.02139299 -0.036080904 -0.01587682 -0.03385706 -0.0061095995 -0.024869729 -0.030884711 -0.16042003 -0.14278485 -0.24574913 -0.1853084 -0.17793551 -0.10835516 -0.059941825 -0.0043663685 -0.07844426 -0.1078946 -0.090332486 -0.0826196 -0.07939929 0.044692434 0.053862963 -0.022976207 0.044230826 0.08660726 -0.009236552 -0.03082803 0.060222156 0.02326812 0.07485078 0.021888576 0.028562674 0.02829342 0.0023738255 -0.05782708 -0.05604519 -0.0172503 -0.044673663 0.033267625 -0.06899079 -0.018149003 -0.028493166 -0.0336721 -0.046508726 0.0039544506 -0.026257811 -0.06497294 -0.07751965 -0.023835022 -0.04579251 0.0170006 -0.013717231 -0.054401238 -0.019853674 -0.040661138 -0.0033684599 0.022149466 0.04825427 0.19608113 0.11557076 -0.02112143 0.017144578 0.081260845 0.055829886 0.039797347 0.115933634 0.101534046 0.019722879 0.025651554 0.025327567 0.06968283 0.020053348 0.009802896 0.041898992 -0.039495498 0.009689217 -0.021945357 0.026326641 0.033042617 -0.013816382 0.019278059 -0.061162196 0.02008935 -0.014404478 0.0047025024 0.046335205 0.01693228 0.04444348 0.013147984 0.044918958 0.04050065 0.050121397 0.05102355 0.057553895 0.0038579968 0.07416721 0.051981825 0.06327309 0.05151927 0.032078534 -0.008783875 0.019291 -0.011714394 -0.014855935 0.034707833 -0.03324223 -0.034994822 -0.09205806 -0.019899236 -0.026480114 -0.07203609 -0.03486209 -0.029913314 -0.011118655 -0.05444387 -0.02815422 -0.036624216 -0.067313865 -0.021895487 0.012623601 0.07057825 0.014384532 0.080773674 0.0063173557 -0.06092819 -0.060371786 0.01912466 0.045172524 0.07796385 0.055461705 0.043523047 -0.009149446 -0.03792963 -0.031487513 -0.0028814247 0.029430047 0.03361891 -0.011577302 0.0088832425 -0.03480246 -0.008355533 0.03195465 0.08133357 0.08280875 0.1414712 0.03806305 -0.050655406 0.0023458076 -0.018923497 -0.031547602 -0.030464627 -0.044743575 -0.11626379 -0.045201197 -0.114865966 -0.05464537 -0.1283096 -0.12556896 -0.11413771 -0.1078 -0.015617357 0.010636088 -0.087410524 -0.06901723 -0.086441085 -0.07164716 -0.017249871 0.033349328 0.049860295 -0.0039541787 0.010539343 0.012707796 -0.029278023 -0.024155648 0.016526023 -0.021848334 0.011131976 0.047166307 0.024940213 -0.012283211 -0.028935388 -0.006732387 0.08276995 0.039940473 0.100373685 0.10268661 0.094588526 0.037666444 -0.017641354 -0.016857624 0.055278245 0.09724847 0.12223327 0.08265159 0.013087537 -0.08646308 -0.03970196 0.012124721 -0.02795107 -0.028235659 -0.027038472 -0.113861576 -0.11166328 0.009675371 0.023092864 -0.042264346 -0.057564948 -0.091814496 -0.2055635 0.05033649 0.0015418121 0.05012392 0.028555727 0.064380914 -0.016093431 -0.053788427 -0.047340363 -0.020657027 -0.009277492 0.07853916 0.036309924 -0.036135416 -0.040118992 -0.06885494 -0.045704048 -0.023640303 -0.03190251 -0.057964273 -0.08045218 -0.09832163 -0.0452485 -0.084632106 -0.07089233 -0.045882497 -0.0048141303 0.036135174 -0.014363737 -0.0042136568 0.06351443 0.063684106 -0.005081669 -0.03781032 0.06388254 0.049138978 0.031992093 4.5833956e-05 -0.034664694 0.0026541764 -0.014251103 -0.04543582 0.008493619 0.10882341 0.052675374 0.012048316 0.06671693 0.11023502 0.0012641784 -0.05143896 -0.0057964185 0.017311504 0.076556005 0.09465944 0.042224165 -0.013643751 -0.026492953 -0.05680204 0.08093284 0.04820015 0.028057082 0.05731475 -0.00904518 -0.095301546 -0.06138373 -0.026759798 0.060107272 0.052038454 0.038727023 0.040776905 -0.08940057 -0.00924842 -0.024275575 -0.015174039 -0.0035413844 0.00047589222 -0.028089559 -0.024372922 -0.039041124 0.056458924 -0.009327958 0.03840985 0.021765657 0.011969839 0.05683442 -0.016389469 0.023588229 0.032924842 -0.033780534 0.04262367 0.03441691 -0.008363474 -0.051785417 -0.0025204592 -0.025259202 -0.037129994 0.01890511 0.04267438 0.008701416 -0.014331798 0.0013733848 -0.016319001 0.028317096 -0.01735802 0.0058382256 -0.0041681794 0.04546797 -0.0007944669 0.083628826 0.06656858 0.034833204 0.027145421 -0.037419826 -0.008648611 0.017869253 0.015539346 0.02606661 -0.02978661 -0.02858618 -0.015137525 
0.032395475 -0.022271387 0.026974116 -0.05412979 -0.012740667 0.032512598 0.0010687305 -0.015349508 0.04379765 0.01896375 0.039214335 -0.00044823985 -0.049214333 -0.025624238 -0.004662593 -0.02526106 0.03483374 -0.047649596 -0.026893543 0.044991843 -0.029253617 0.018285507 0.014811979 0.034011953 -0.022742286 -0.032755695 -0.04621534 -0.040190056 -0.033141565 -0.010205097 8.043723e-05 -0.045702294 -0.031617742 0.009878356 -0.018932184 -0.04287102 -0.02623071 0.029698636 0.042951886 -0.040354203 0.037158635 -0.03805295 0.00018741422 -0.032882214 -0.023457143 0.016223755 -0.025238112 0.030707117 -0.00025430598 -0.004678479 -0.07040414 -0.062005084 -0.12342033 -0.060420744 -0.04264829 -0.032783892 -0.06589667 -0.009363246 -0.00092265574 0.06879962 0.012120866 0.0030289087 -0.019758506 -0.08240259 -0.039998848 0.06336387 0.054738045 0.0020806016 -0.075945266 -0.025608245 -0.07962098 -0.021396857 0.08801433 0.08833959 0.08377992 -0.019373165 -0.040507816 -0.09218878 0.036871467 0.03755481 0.0052036974 0.050423782 -0.071336955 -0.030380838 -0.013417065 0.018584244 0.07072081 0.011537335 0.023646878 -0.031493288 0.048839744 0.055283472 -0.045913458 -0.05164761 0.019440908 0.00678157 0.0024807139 0.0340161 -0.11658498 -0.036307953 -0.0073798024 -0.051891852 -0.04938491 -0.021488518 -0.08272788 -0.0042482903 -0.035045013 -0.047676526 -0.10930136 -0.12084706 -0.119518206 -0.07428234 -0.06640306 -0.056793932 -0.08527448 -0.0985863 -0.10690286 -0.08029205 -0.016956858 -0.076500155 -0.083785184 -0.05342547 -0.04684947 -0.10142119 -0.0473962 -0.0113016805 -0.01846777 -0.09744227 -0.048440143 -0.018064035 -0.04344649 -0.0780262 0.006438376 -0.043061577 0.008446528 -0.04184451 -0.075068936 -0.031922888 -0.042661935 -0.06792595 -0.006463525 -0.075757354 -0.03283969 -0.03258631 -0.029226957 -0.09017213 -0.07448247 -0.03345108 0.032045957 -0.04017356 -0.025996253 0.037473075 -0.028162012 0.007809761 0.008799184 -0.0690815 0.08049356 0.021146815 0.109830864 0.046032045 0.014431099 0.0008987821 -0.022311963 0.07448485 0.05445664 -0.017588679 0.04840775 -0.058615163 0.052002493 -0.0021580928 -0.015331416 -0.04882777 -0.01590209 -0.0043491577 0.018245278 0.02329243 0.035570942 0.037518814 -0.069820456 -0.05324756 0.028654885 0.050013267 -0.042996556 0.020964086 -0.031186497 -0.031742815 0.088348225 0.08502175 -0.03004413 0.011352038 -0.05877334 -0.032854185 -0.009384746 -0.037880976 -0.034949932 -0.03058496 0.010660056 0.003315078 -0.054978546 0.020496927 -0.016714176 -0.05917437 -0.034783274 -0.024352353 0.0081812935 -0.07094269 0.008833157 -0.03404349 -0.023919126 -0.046018407 0.052740026 -0.0059100185 0.06523195 -0.016927877 0.02942056 0.037572205 -0.0391209 -0.026366748 0.06706448 0.054491796 -0.03569291 0.05038403 0.05716177 0.008567071 0.075189754 0.097497895 -0.006256454 -0.0068707424 0.043984655 0.049762875 0.019734973 -0.030272126 0.07956949 -0.01721066 -0.015435066 0.059611134 0.09520252 0.027947633 0.025746986 -0.053379208 -0.06570923 -0.025679734 0.025906427 -0.021389188 0.0011299857 -0.13719727 -0.09576059 -0.14206146 -0.17875719 -0.0711771 -0.044862803 -0.08141434 -0.08006731 -0.08187257 -0.027373035 -0.027167384 -0.015052395 -0.075033545 -0.07254058 -0.0118775 -0.052125894 -0.014646403 0.11331115 0.085572 -0.07565942 -0.12476884 -0.04306151 -0.017207291 0.096207954 0.094057895 -0.0038102104 -0.08452308 -0.037335493 0.017189763 0.034061383 0.068819985 0.101992495 0.010971779 -0.03316496 -0.049056966 -0.03925223 0.023037206 0.0019145069 -0.011087828 0.00010927878 -0.069692105 -0.08377042 -0.037099753 -0.09213449 -0.047181677 -0.09811798 -0.027217869 -0.034958594 -0.026503116 -0.009366424 0.05077609 0.009361156 0.07344284 0.08172032 0.01480419 0.031961504 0.057152737 0.06561872 -0.016370181 0.03697994 0.02990433 0.016970806 0.014924739 0.04814855 0.015609725 0.0061353236 0.044066284 0.06233385 0.071632035 -0.068828374 0.09547835 0.017604701 -0.004204475 -0.019464204 0.022566615 -0.046147034 0.031141702 -0.04895046 -0.028390257 0.056982663 0.014862381 -0.049859535 0.0650924 -0.06233994 -0.016570821 -0.07862788 -0.070222475 -0.09258163 0.044060275 0.06778474 0.07541216 0.041021463 -0.05190791 -0.090042524 -0.04085273 0.02638398 -0.046753712 0.09178482 -0.009767087 -0.0083366595 -0.029933663 0.013783501 0.027396772 0.0083362935 0.0246809 -0.07123578 -0.058161918 0.011274753 -0.035007387 -0.04614002 -0.017896667 -0.027920961 -0.036013152 -0.056352187 -0.019610662 0.022527311 -0.011289658 -0.054699138 0.034822594 0.0145917395 -0.026119297 0.035177674 -0.055028517 0.017198889 0.0065465374 0.035079066 -0.022576034 0.04213265 0.03198498 -0.03947018 -0.013159033 0.028889718 -0.017467609 0.007119968 -0.01012155 -0.0036457288 -0.06813928 0.00523422 -0.0049628248 -0.049774274 -0.0036921564 -0.018084079 0.030386863 -0.058914702 -0.044512376 -0.0053787497 -0.021945907 
-0.08127628 0.019338697 0.015480189 -0.023479491 -0.0069355466 -0.0395619 -0.023846747 -0.01330057 -0.041302767 0.012969541 -0.030242192 0.024678597 0.03863648 0.0102585815 -0.046938844 0.030454531 -0.0374117 0.039181862 0.029151868 0.025146488 0.03722101 -0.003850569 0.01231926 0.034928214 0.031849388 0.023559213 0.04777832 0.04596069 0.040882736 -0.004365064 -0.0038076008 -0.04310777 -0.03732212 -0.027986638 0.037663378 0.049250867 0.010108846 -0.021407884 0.036559816 0.020653883 -0.00989386 0.033469122 0.03574272 -0.047998387 -0.017840218 -0.025215793 0.016239341 -0.044712786 0.015209107 -0.08372275 -0.048020415 0.057857644 0.059340514 0.011547347 0.055933625 0.0067701135 -0.073689 -0.05440815 0.020937823 0.068578966 0.01961023 -0.02332354 -0.09437845 0.029710809 -0.03872599 -0.03351235 -0.023058891 0.031598363 -0.08055956 -0.1614799 -0.012859709 -0.072802655 -0.0525702 -0.0008616899 0.004543873 -0.026114026 -0.01442716 0.018397536 -0.013931968 -0.00022937375 0.019478003 0.06786848 0.0982318 0.00033533326 -0.00048116062 -0.030583002 0.004826565 -0.006134059 0.0038397578 0.06718055 -0.015610647 0.06162629 0.050412096 -0.027686283 0.027109403 0.015358288 0.054174647 0.059988 0.00061473576 0.006570808 0.040575683 0.11259576 0.09319025 0.10216545 -0.030116629 0.0106718885 -0.13260302 -0.011876896 0.07778931 0.04238083 -0.005356384 0.015694156 0.015862832 -0.11352383 0.015436134 0.043794412 -0.00497864 -0.05093131 -0.058353033 0.041693732 -0.047528993 -0.06926651 -0.11929882 -0.050553758 0.01976963 0.08203687 0.1215618 0.0027168307 -0.041767538 -0.15421882 -0.06802392 0.016482145 0.13464671 0.0054124505 0.022305736 -0.038788777 -0.088359855 -0.013825078 0.026896022 0.043061964 -0.04992084 0.107910685 0.08490057 0.025248315 0.065032266 0.07430383 0.005671575 0.010771029 -0.0025219629 -0.007091133 -0.061133195 0.0187483 -0.002886308 -0.020244181 -0.03534037 0.06695118 -0.018098097 -0.04536043 -0.02461032 -0.030376483 0.05147408 -0.0023760244 0.03748417 -0.0060619707 -0.01459547 0.027066069 0.048999812 0.024228944 -0.034372035 0.021900691 -0.016465655 0.047070768 0.05703091 0.053621657 -0.009413879 0.014556752 0.057786338 0.021380797 -0.04497424 0.0280197 0.021866499 -0.060263142 0.0030016643 0.014429173 -0.018321652 0.0055470425 0.050574705 -0.061021306 -0.022460023 -0.016195927 -0.04989679 -0.07353099 0.014984681 0.010742935 -0.044116676 -0.017173318 0.007755833 -0.05544708 0.0077628596 0.0024497756 -0.07966459 -0.02006475 0.015366173 0.003683466 -0.01304216 -0.013117235 -0.020699808 -0.043925088 -0.0018622458 0.088896565 0.027585974 0.012631272 -0.0013800797 -0.060914524 -0.017292427 0.014927676 0.10143808 0.001710756 -0.023669345 0.02860281 -0.041575324 0.039760403 0.025888233 0.084016345 -0.010211944 0.037451304 0.056772348 0.025458984 0.084542125 -0.028527798 -0.023186896 -0.07413015 0.0029529238 0.016917197 0.04259344 0.017945925 0.059220172 0.026273198 -0.01687884 -0.056803178 0.020558408 0.032790974 0.039105486 -0.026596293 0.047370266 -0.11192297 -0.03859729 0.008920743 -0.04219434 0.021500599 0.012580373 -0.13516027 0.01894419 -0.07243307 -0.019163335 -0.0039073904 -0.004473229 -0.040543076 -0.04811118 0.07348833 -0.083435275 -0.079554915 0.0024261763 -0.040504362 -0.09257547 0.018201271 0.14046939 0.006888606 -0.0710552 -0.127055 -0.1596722 -0.054478284 -0.021778526 0.10784399 0.018670674 0.010017761 -0.09301966 -0.082613006 -0.03741361 0.03170073 0.070044175 0.06388425 -0.035667308 0.002112648 0.008190455 0.07896892 0.053760543 0.07352114 0.12232197 0.14151755 0.03898571 0.11682402 0.154797 0.10810907 0.02405832 -0.008973462 -0.06132729 -0.03908538 -0.09241117 -0.081626326 0.031795226 -0.0706924 -0.017267989 -0.12645236 -0.05054296 -0.10064278 -0.045736197 -0.03607697 -0.0046738996 0.028289793 0.028282886 -0.023942329 0.05027997 0.025143588 0.053656757 -0.057939507 0.02447852 0.070066206 -0.003128087 0.060739074 -0.037803944 0.02470931 -0.08443792 -0.07051326 0.038427394 -0.03087414 -0.068060584 -0.05672448 -0.027366316 -0.030872786 0.041143075 -0.049495183 -0.037280038 -0.03916655 0.02047584 0.02370264 0.021395752 -0.00803363 -0.066629305 0.024000058 -0.0017762042 0.036729664 -0.02462388 0.057538036 0.00016414977 -0.010063782 -0.014716116 -0.008258132 -0.045931526 0.016466806 0.026082782 -0.011666925 0.0013646969 -0.015381354 -0.018896358 -0.03143012 -0.03770557 -0.021800142 0.0047091814 -0.06540957 -0.006709219 -0.0054039084 -0.076030724 -0.002511186 -0.001609797 -9.810062e-05 -0.06284848 -0.020399546 -0.030615648 -0.028932262 -0.024898116 0.028193155 -0.04580602 -0.027183862 -0.015078252 0.013356548 0.036466114 -0.012267096 -0.050542947 0.03260388 -0.05727787 -0.006911479 -0.05350112 0.01242702 -0.05150785 -0.045791272 0.028271917 -0.026073048 -0.018044606 -0.015840651 0.020794256 -0.02288627 
0.0014403911 0.044268217 -0.01133506 -0.016054327 0.007554613 0.0042553158 -0.034095354 0.025249101 0.020965168 0.021552406 -0.02297802 0.020079788 0.02437354 0.054100696 0.0026932063 -0.046890207 -0.019471357 -0.036977537 -0.054239437 0.020546108 -0.020510767 0.028658649 -0.031866346 0.019926816 0.011049611 0.0076023866 -0.029010456 0.039373282 -0.014125571 -0.04481592 0.033285156 0.045818154 0.0027217732 -0.044586122 0.03671789 0.0373817 -0.013701109 -0.027559863 0.017109567 0.010173933 0.036468495 0.041414008 -0.01913331 0.025730537 -0.039999418 -0.030002357 -0.024529805 0.012514266 -0.016666476 0.053974736 0.048693255 0.06137687 0.023337116 0.014407619 0.03930398 0.048933193 0.029142993 0.10038184 0.08887512 -0.010579311 0.018007584 0.02726688 0.018289952 0.08629874 0.055890426 0.114658296 0.028285567 0.049296763 0.14348927 0.09895947 -0.0031724863 0.0729907 -0.009957203 0.024974756 0.052814882 0.05749105 0.060573872 0.050052576 0.116756074 0.038071953 0.045597117 0.04611324 0.0010613662 -0.029346561 -0.0787938 0.076104 0.02942659 -0.020604294 -0.011132324 -0.008960641 0.028528458 -0.06217849 0.04955104 0.032850526 0.006782251 0.06680954 0.038066156 -0.081813164 0.037568435 -0.0047133914 0.06681545 0.01891548 0.08537167 -0.043676697 0.09310512 0.046440348 -0.040341545 0.060704827 -0.0066403938 0.06543943 0.0152944615 0.015555051 -0.010156388 -0.025807997 -0.006780472 -0.04775846 0.008467396 0.112526566 0.029582543 0.035214968 -0.049219165 -0.022048336 0.012014212 -0.01625661 -0.013626927 0.1266028 0.0123677235 -0.012192195 -0.008531878 -0.021413378 0.009514053 -0.043020044 0.031587556 0.05378721 0.013263244 -0.02896794 0.03755847 -0.028347917 0.018302543 0.040059432 0.10376262 -0.0024751807 0.06282957 -0.015260049 -0.032549642 0.076441646 0.10701646 0.06211885 0.022344317 0.06593144 0.021539623 -0.04577571 0.0068589104 0.077175416 -0.041470118 0.040603366 0.06805054 0.0058380705 -0.030378837 -0.010998306 0.015858877 -0.05393208 0.058463518 0.01964662 -0.06662565 -0.026309522 0.051638972 0.008106814 0.004366012 -0.055927828 0.0470998 0.07153443 -0.03254731 -0.010724373 0.047607884 0.034433894 -0.011556635 0.078705065 0.057737995 0.011137841 -0.02377145 0.025799792 -0.034708943 0.032050952 0.039868057 -0.005540087 -0.09527964 0.008640413 -0.039564922 0.008322514 -0.0050523 -0.037455685 -0.044579268 -0.033040963 0.03581385 0.011194232 -0.02795798 -0.05400236 -0.042911526 -0.027945906 0.0008518253 -0.018770535 -0.06235576 -0.09008368 0.018369215 0.057540216 0.006991044 0.051056497 -0.04868899 -0.06059523 -0.01925912 -0.058804423 -0.057465013 0.08525105 0.02977486 -0.04055048 -0.042874373 -0.09391669 -0.029870123 0.039867055 0.013387727 0.024366086 -0.006210573 -0.03179343 -0.03102881 -0.0044150245 0.03249322 -0.03127565 -0.03158873 -0.044467185 -0.014667556 -0.016024968 0.030274777 -0.0215868 -0.024798548 -0.095253535 -0.0013371984 -0.053996693 -0.0018518952 0.06150719 0.087163866 0.0008561481 -0.03806183 0.07694228 -0.0848368 -0.06564307 -0.05481437 -0.045498762 -0.010315949 0.05919215 -0.057094224 -0.03188226 0.018029597 0.002121713 0.038205493 0.042423356 0.025492711 0.06485025 -0.018243024 0.024153206 0.11984843 0.044497877 -0.080103114 -0.0530568 0.036567796 0.0002872418 0.049073294 0.10767693 0.04544627 0.01997004 0.04859707 0.10647343 0.019166747 0.011867785 0.08335923 0.09298985 0.10186653 0.07007333 0.0045414325 -0.030477857 -0.031189872 -0.0034339437 -0.027725147 0.080306925 0.04272336 0.0076507344 -0.027217746 -0.11795885 -0.06057689 -0.09898974 0.010459715 -0.0706349 -0.01616967 -0.067971915 -0.078718595 -0.054466907 -0.04888551 -0.03598994 -0.08617941 -0.069170274 -0.08223289 -0.15319772 -0.08104677 -0.13493918 -0.15282077 -0.12075747 -0.080325425 -0.051136594 -0.11177887 -0.089839675 -0.03089559 -0.08401217 -0.066756964 -0.10996438 -0.08312467 -0.09907695 -0.08299699 -0.059743993 -0.046929114 -0.10013285 -0.005947999 -0.003954622 0.057234045 -0.0055045653 0.046724133 0.015152725 0.0067347023 0.0020000932 -0.044675484 0.103132576 0.09073745 0.015147337 0.03725075 0.08101308 0.0839579 0.03704394 -0.030359365 -0.12610567 -0.08051337 -0.06251973 -0.12801868 -0.049433775 -0.14858152 -0.016983366 -0.033582695 0.009395888 -0.04579135 -0.034964327 0.032448944 0.015158425 0.04853834 0.03432517 0.03280024 0.03376542 -0.0048232377 0.03902687 0.020089472 -0.015610546 0.017694682 0.03929045 -0.03056176 -0.03109788 0.041550275 0.008551724 0.061665524 0.043052796 0.059793584 0.022762902 -0.0012879926 -0.051980022 0.012346232 0.03343428 0.01982971 0.013235149 0.043483958 -0.06373494 0.020504972 -0.02015557 0.015295322 0.05295154 0.011007915 -0.026758326 0.0338128 0.048061058 -0.044735845 0.017063603 -0.027211312 0.024179965 -0.016040565 -0.031372543 -0.012174152 0.021968035 
0.05224825 0.025707358 0.06288941 0.030504072 0.07269166 -0.015285292 0.09156879 0.007739416 -0.04237112 0.020853603 -0.019535676 0.030316379 0.059225928 -0.018820621 0.027460545 -0.03769408 0.0012169895 0.034034744 -0.010836151 0.053724173 0.044472545 0.014501093 0.026913367 0.022176638 0.018435324 -0.04598775 0.048042417 0.01363588 -0.032357045 -0.023296934 -0.007785686 -0.006010286 0.007123524 -0.003775593 -0.0012786122 0.0114828115 -0.006735583 -0.015479648 -0.022927098 -0.03759688 -0.022095563 -0.0008920184 -0.037641607 -0.011831965 0.0006077124 -0.043526493 0.04138212 0.007946952 -0.014325058 0.002545084 0.019947112 0.03979383 0.044711255 -0.014663526 -0.040009633 -0.07314353 -0.04287812 0.050222207 -0.006659873 0.006433734 -0.009139774 0.0056175105 -0.04027587 0.0011223964 -0.037822492 -0.064732514 0.002361061 -0.011020007 -0.07770961 -0.09704035 -0.06112539 -0.0771912 -0.045645807 0.059839327 -0.0028175612 -0.028765477 -0.096545264 -0.06860597 -0.07101525 -0.062213216 -0.0486245 -0.019981964 -0.040809356 -0.01788192 0.07624954 -0.0050965208 -0.02153293 0.0039189397 -0.046080854 -0.02354105 -0.04753622 -0.0013586779 0.058689326 0.07304459 0.07644067 0.056722917 -0.0024821926 -0.057403497 0.16669138 0.07375995 0.032684956 0.053244654 0.013222807 0.07380173 0.14495863 -0.010469358 0.01917265 0.0101251425 -0.10318908 -0.08539767 0.00035626718 0.02574542 0.03630069 0.029825028 -0.01680423 -0.09232913 -0.13764405 0.007033767 0.06856067 0.10457597 -0.057571895 -0.059290256 -0.04801173 -0.07919454 -0.05308424 0.055766165 0.08973283 -0.04775486 -0.037175708 0.02319763 0.041952003 -0.03988837 -0.024962557 0.044654995 0.009993268 0.020528393 0.02603948 0.058704738 0.021704825 0.071470656 0.14376196 -0.016841907 0.04412178 0.08480014 -0.003414218 -0.0116528645 0.0754399 -0.014398968 -0.025692243 -0.006219416 -0.015782356 0.008427411 0.000964943 0.018840343 -0.035812203 0.00076366705 0.045906067 0.026009483 0.027430763 0.037114564 0.024159115 -0.033366457 -0.05214952 0.019446768 0.04198999 0.020209042 -0.0399897 0.023891225 -0.05354028 -0.021247374 0.052618198 0.1299723 0.03322908 -0.030341497 0.05342129 -0.024971247 -0.022156132 0.054587778 0.060382944 -0.019938031 -0.009452338 -0.018324424 -0.005674074 0.0473458 -0.027197277 0.039719414 0.0043055955 -0.027504563 0.00047924914 -0.023756372 -0.041908734 -0.0027524745 -0.058457285 -0.029248942 -0.02419496 -0.06252131 -0.11597345 -0.16279982 -0.06318161 -0.019306922 -0.03996863 -0.093334526 -0.036366984 -0.077265896 0.013137794 -0.002034135 0.02018284 0.0445371 0.03707851 -0.055727024 -0.08515089 0.02541832 0.101928964 0.07845532 0.054627124 0.03614906 -0.0730439 -0.03372467 0.066269025 0.070358284 0.0016227138 -0.017751725 0.005746894 -0.08677975 0.026623521 -0.059230566 -0.01056316 -0.052609 -0.035560064 -0.035771884 -0.022917593 -0.019163223 0.04368429 0.00032294137 -0.096891195 -0.054054506 0.020537259 -0.08658721 -0.06739455 -0.041293997 -0.024216564 -0.098358944 -0.013421532 0.015678676 -0.0511544 0.035513222 0.032423694 0.0453915 0.0911597 0.06012432 0.07668286 0.109818384 -0.03812287 -0.037881803 -0.044435143 0.056390777 0.026054397 0.057793327 -0.083609655 -0.034760077 -0.028764524 0.04905416 0.10389938 0.031217817 -0.028623767 -0.09995391 -0.069469765 -0.01501155 0.028935984 0.054178298 -0.0022524656 -0.016473595 -0.04534413 -0.047379702 -0.02093401 0.05302596 0.03989336 -0.034508415 0.0032702684 -0.017319065 0.014422655 -0.027014984 -0.099842355 -0.02280396 -0.02201717 0.00482064 0.046315104 -0.087108046 -0.04078195 -0.062646374 0.0673222 -0.023504928 -0.11124334 -0.091254614 -0.11699482 -0.08613319 -0.1082796 -0.0495164 -0.042107325 0.032779396 -0.10913003 -0.01428392 0.024285771 0.056831066 0.05677278 -0.05509038 0.049869664 0.12209348 0.09900799 0.12545079 0.057798836 0.019309096 0.009512634 0.077982165 0.11253538 0.022949278 -0.018137457 0.046891276 -0.01543444 -0.03247127 0.029457273 0.04082257 0.0559988 0.06795834 0.08387635 0.07232876 0.0012342001 0.06606964 0.0389524 0.048022926 0.017716968 0.045355782 0.014878054 0.09107329 0.030423801 0.0011305404 -0.0008946832 -0.05448584 -0.025270123 -0.01579758 -0.017054625 -0.08629002 -0.08984459 0.016389286 -0.007939434 0.041664097 -0.007153004 0.024007766 0.042350195 -0.021161294 0.031133326 -0.03682986 -0.017366717 -0.030691406 -0.018718919 0.0010549664 -0.05304065 -0.046308316 -0.047929663 0.017483823 -0.019993884 0.006416807 0.037658136 0.013144339 -0.037430085 -0.02797179 0.02362025 0.06374931 0.029654989 -0.002979814 -0.026832968 0.052356757 0.005191852 0.05111293 0.02842582 0.04880736 0.020863362 0.007931567 -0.018418496 0.038311735 0.029871661 0.03775031 -0.036976866 -0.015714206 0.032862913 -0.047034353 -0.011024441 -0.039039988 0.024709065 0.023650097 0.040623046 0.02237218 
0.059927367 -0.011145825 -0.0026717559 -0.021669755 0.02105483 0.04574591 0.015417981 -0.016384948 -0.019231113 0.030844904 0.03143115 0.029188871 0.012959497 -0.0029945127 0.037490774 0.04313317 0.027838606 -0.049048852 0.020452134 0.042144194 -0.043295134 0.0006198177 -0.014410889 -0.04689601 0.036114607 0.013099235 0.03455894 0.041241765 0.04580541 0.037085697 0.015620282 0.004168571 -0.058995336 0.002656187 0.0064400267 -0.044371698 0.007514784 -0.03144121 -0.038001858 0.023644306 -0.017953005 0.0007401586 0.047413077 -0.012376924 -0.041276094 0.038569223 0.042883933 0.011711632 0.008456609 -0.011663552 0.08713344 -0.008519922 0.017055688 0.06642647 0.021921879 -0.0089769475 0.013240869 0.09587062 0.063558 0.048375364 0.038692158 0.043716695 -0.002897843 -0.07823957 0.085255146 0.029170325 0.056686457 -0.013497472 -0.021791976 -0.0051263073 -0.103558004 0.040429898 -0.001006203 -0.06481666 -0.009654126 -0.05115893 -0.083400816 -0.18997416 -0.18207648 -0.05653272 -0.04251292 -0.049000725 -0.0716974 -0.14915815 0.035024464 -0.07277262 -0.114353865 -0.075422466 -0.010206122 -0.048948765 -0.03810988 0.117972456 0.040411755 0.03921022 0.00470472 0.081863806 0.014664671 0.10376538 -0.026847124 -0.123763196 -0.06845968 -0.031069327 -0.014943721 0.058266934 0.03771851 0.0043200147 -0.025540212 -0.03244424 0.03574153 -0.0045911404 -0.016974604 -0.036246717 0.024275204 0.030967241 -0.01984922 0.06298099 0.08276605 0.05287531 -0.030572088 0.04559186 0.08676101 0.10327754 0.14741425 0.03308219 0.08002163 -0.03977045 -0.06663408 0.035288338 0.0014716255 -0.03783379 -0.009376676 -0.0026591476 -0.0959086 -0.11814051 -0.08817376 -0.06464333 -0.053149734 -0.06378591 -0.04022344 -0.09268204 0.03236643 -0.0065804124 0.012659564 -0.00947088 -0.0372038 -0.012931557 -0.023492265 0.028233236 0.050196808 0.05810526 0.012252868 0.055389274 0.021885315 -0.02691927 0.056199208 -0.021795223 0.004283418 7.813933e-05 -0.05624191 0.035932843 -0.05316435 0.057030402 0.046077747 -0.0014488229 -0.04113064 -0.073651664 -0.03676364 0.048980467 0.057202987 0.11529922 0.03606084 -0.024207788 -0.0029402007 0.106856994 0.04271837 -0.07203761 -0.0033797058 -0.027054248 0.009786754 -0.021798175 -0.00450109 -0.049067557 -0.043776665 -0.028088918 -0.04119801 -0.060553487 -0.05388612 -0.011340822 -0.04337217 0.03535949 0.010805489 0.0024895265 -0.01964063 -0.045345284 0.0067279967 -0.044010717 0.03465193 0.006114648 0.033301458 0.04293729 0.020020775 -0.050484583 -0.00832643 0.0019978753 -0.04890038 -0.05523761 -0.009413323 -0.03303795 0.0068742647 -0.0012618823 -0.013577158 -0.050496325 -0.02434274 -0.10797385 -0.04299608 -0.037857343 -0.012602196 -0.0015543296 0.027440239 0.023002883 -0.022084102 0.0023895535 0.019365279 -0.011566282 -0.09914727 -0.023837483 0.05795317 0.05436592 0.054280568 -0.050626196 -0.053646788 -0.07769537 -0.05279865 -0.021599876 -0.07638134 -0.054782048 -0.06175566 -0.070670836 -0.009945231 0.0056752665 -0.054712288 -0.043913625 -0.041021112 -0.047324706 -0.014754975 -0.0017685875 0.051264353 0.048302542 0.0785639 0.011871405 0.019404607 0.030275483 0.019721752 -0.06391098 -0.068272516 -0.033809908 -0.025753539 -0.020039516 -0.008592718 0.05973581 0.114147745 0.06631205 0.09069216 0.10926338 0.12791878 0.09577474 -0.045855645 0.030417629 0.045092817 0.06565109 -0.042594172 0.01813833 -0.07918689 -0.16939062 -0.17298739 -0.1174156 -0.11899784 -0.11974294 -0.11128822 -0.12516113 0.020009847 -0.09010489 -0.06835121 -0.008823782 0.037737515 -0.018298239 -0.085223734 0.09410658 0.098418854 -0.0037079959 0.13927478 0.05122874 0.06271276 0.09220677 -0.071429156 -0.090469055 -0.0442711 -0.017647857 -0.04862986 -0.01800575 -0.033362832 0.040142253 -0.054221768 -0.11068201 -0.08901387 -0.017182475 0.009832034 0.054796718 0.124659255 0.096729584 0.076048516 0.032162912 0.111475356 0.112163894 0.0049770754 -0.023560064 0.056865904 0.012494709 0.0026481773 0.004322112 0.047123823 -0.047528543 -0.054049183 0.0054710153 -0.0060979994 -0.025840798 -0.0189557 -0.023342127 0.055603947 0.03915502 0.074411646 0.022909166 -0.029805921 0.0024510527 -0.0072868727 -0.021116221 -0.044367142 0.042092405 0.059539087 -0.0019595907 -0.042864874 -0.022784812 0.009115162 -0.0028885952 -0.046114095 0.06040601 -0.03761149 -0.0018968272 0.010857048 -0.034913 0.017731266 -0.0068402854 0.053945247 0.051790897 -0.033449568 -0.020424131 0.050757162 -0.014045047 0.030076116 -0.010826833 -0.004060783 -0.01551046 0.011743403 0.01337535 0.04058135 -0.0022300954 0.10786721 0.03386329 0.077208616 0.073584095 -0.022787182 -0.026753388 0.048341252 0.014761912 0.035231423 0.07486641 0.014799492 0.04664024 0.039221827 -0.042801734 -0.04520116 -0.040034197 -0.0028564674 0.0028608493 -0.043061193 0.027787935 -0.036093194 0.017539367 -0.01950998 -0.008860971 -0.043647297 0.018263543 
-0.048299994 -0.0326527 0.053071715 -0.022993904 0.017062115 0.011352466 0.025590656 0.029843047 -0.017830655 0.014803846 -0.015374604 -0.04644158 0.046517916 -0.047041092 -0.0014657512 -0.02719887 0.0315504 0.04018582 -0.025329828 -0.012692308 0.021023408 -0.0487054 0.04138419 -0.03530477 -0.045562245 -0.0414616 -0.011860766 -0.0075276345 -0.032108855 -0.029037422 -0.04345868 -0.01721641 0.016115466 -0.019645093 -0.008721862 0.0040442073 0.034371514 -0.032605276 0.013430046 0.0041614203 0.0202547 0.04834816 -0.048031412 -0.023630831 0.030864222 0.005330283 -0.023415703 0.018416155 -0.016836843 0.15921324 0.09551178 0.09503567 0.053510167 0.06713975 0.02352101 0.055246353 0.03402519 0.035150543 -0.07904346 -0.05259753 -0.081806764 -0.01116199 0.009592295 0.03353015 -0.09559061 -0.11165994 -0.12051723 -0.08020157 -0.010217744 0.03566257 0.04241028 -0.085563175 -0.077976495 -0.014789917 -0.05589053 -0.021726204 0.014015874 0.0635356 -0.12518878 -0.028362785 -0.073364 -0.04698301 -0.04486956 0.08869496 0.13089088 -0.036756314 -0.08353384 -0.053040247 -0.058491196 -0.014822125 0.13747358 0.11984094 0.12911054 0.05624267 0.02256331 0.026627108 0.040724955 0.10074293 -0.002362729 0.061932903 0.026655542 0.035551805 -0.019392341 0.013552213 0.040183116 0.0085114585 0.0014822406 0.011483289 0.0118800355 0.04175187 -0.02874068 -0.03838611 -0.05915452 0.006604159 0.054491784 -0.046090703 -0.03195167 -0.0061357417 -0.07437279 0.03513203 0.063277036 0.03181239 -0.036455248 -0.029247796 -0.019389208 0.032132223 -0.0506966 -0.04984495 0.01223085 -0.040357023 0.01202138 -0.005565141 -0.072760224 0.02076673 0.030990079 -0.071453415 -0.0055564917 -0.019054204 -0.015581356 -0.03242818 0.001609826 -0.0811181 -0.05831194 -0.033773083 -0.020055931 -0.047190465 0.03383289 0.0074727954 -0.043021135 -0.019479768 0.009436684 0.0030778511 -0.05018417 0.003917086 0.028217722 -0.006895215 -0.021509232 -0.040858537 -0.004285002 -0.058575973 -0.06107834 -0.0012881166 0.008168096 0.02014858 0.078197554 0.051542375 -0.0008419066 0.047592483 -0.033207417 0.07107385 0.03934539 -0.05260993 -0.035242073 0.0061129504 0.052675895 -0.011291381 -0.021854153 -0.014284958 0.027124712 -0.041043706 -0.02516403 -0.0028512697 -0.0590062 -0.015225062 -0.021277027 -0.0024303806 -0.03141298 0.032236688 -0.029473536 0.0019888773 -0.06369118 -0.0008595215 -0.011975684 -0.0027401256 -0.043202803 0.02377197 0.017310098 -0.0030565895 0.014847741 0.047451533 -0.0076271356 -0.032430228 0.0016684982 0.048896387 0.03006192 -0.055686343 -0.009339703 0.0098535605 -0.050397437 -0.03643151 0.050047718 0.006188466 0.0515027 0.06666076 0.09650297 0.05646682 -0.016300326 0.010620338 -0.003020809 0.008256612 0.047516037 0.08751034 -0.017183935 0.0046521854 -0.07877102 0.021346705 -0.018427126 -0.014975813 -0.010330241 0.028733749 -0.002721145 -0.07505784 0.01920085 0.048577953 0.013203747 0.037111398 0.005293082 -0.050054763 -0.05445061 -0.016421549 -0.089463204 -0.06784736 -0.03300132 -0.08977315 0.005058566 -0.036878914 0.020691762 0.05525862 0.032547347 -0.05184341 -0.11081765 -0.08928831 -0.04458899 -0.05839893 0.05573506 0.0473827 0.018436084 -0.021375112 -0.08049078 -0.015842518 0.039585333 0.046449013 0.08917485 0.10443272 0.0008295268 -0.122035176 -0.07624942 0.007084739 -0.000149351 -0.001093574 0.028998474 0.027026972 -0.026906569 -0.038492825 0.0134108765 -0.03307082 -0.0099701565 0.024528196 0.0019113086 -0.011596113 -0.023366103 0.001361381 0.02199199 -0.013088426 -0.0004972795 0.012059989 -0.022258773 -0.005383345 0.025309734 -0.046726797 -0.017113235 -0.019779336 -0.1488968 -0.14318271 0.09007141 0.0030582189 0.016233737 -0.009771262 -0.042260416 0.008414649 0.032138277 0.09083485 -0.01703188 -0.056834143 -0.09127305 -0.005699591 0.012985743 0.07499918 0.022721859 0.010166931 -0.06551297 -0.12755969 -0.082612045 -0.017130153 0.029364446 0.015130805 -0.026119653 -0.056898605 -0.023479126 -0.04461154 -0.076470904 0.06624328 0.019424353 0.04662182 -0.08345714 -0.08260274 0.048855353 0.007130871 0.029974997 0.09564678 0.072199635 -0.009169435 -0.07924159 -0.01572834 -0.05784367 -0.0041246666 0.023155112 0.051606804 0.08099025 0.0030289672 -0.08148414 -0.03271767 -0.0087336125 0.025236633 -0.06381295 0.0033725847 0.016392702 0.028000178 -0.008687113 -0.0003011138 0.016985113 -0.0010205456 -0.034434106 0.047288775 -0.02478775 -0.015591917 -0.035111107 -0.02556541 0.047727864 0.070932984 0.0026967528 0.020385211 0.048357815 0.017908797 0.04437338 0.035650056 0.062207587 0.05360607 0.020659102 -0.009674701 0.04530764 0.04224061 0.00891197 0.05395964 -0.034113824 -0.020074436 0.010433914 0.0086149555 -0.03721579 -0.021238863 0.0067005083 -0.044175725 -0.023039928 0.04318762 -0.028368752 -0.028321512 0.048767604 -0.039071005 0.020416725 7.65859e-05 -0.042669803 0.018491989 
-0.018786253 -0.00320787 -0.008783628 0.010116967 0.011223767 0.009228882 0.0104965735 -0.03408082 -0.01928258 0.041759614 0.0041675637 -0.032669198 -0.035116147 -0.018338295 0.032587737 0.021094397 -0.0056780465 -0.039100006 -0.033510104 -0.03385436 0.0020444768 -0.027862485 -0.0010198355 -0.024675017 -0.018420326 0.0015961301 -0.009203184 -0.027219957 0.020985894 0.020916536 0.03147398 0.03242595 0.0073315734 -0.03902045 -0.010029283 -0.007935983 -0.018307352 -0.022152787 0.033184335 -0.020078631 -0.043728184 -0.013427309 0.008395213 0.020087928 0.016563147 -0.013899528 0.03824596 -0.014918927 -0.0075450805 -0.05193266 0.114476725 0.02052159 0.110641114 0.06808855 0.015052733 0.05857359 -0.01444708 0.0673025 0.093701325 0.14412266 0.09955625 0.06618681 0.039302308 -0.0075935787 0.040516492 0.07919522 0.14543478 0.05816291 0.0395674 0.07220547 0.0043208217 -0.04720234 0.026169622 -0.022924505 0.0060928985 -0.07992857 0.009209488 -0.0075347424 -0.02831093 -0.051501583 -0.050202187 -0.09323344 -0.047973752 0.040961646 0.036803626 0.07623027 0.024260314 -0.0463017 -0.06426271 0.028984597 0.05494406 0.023357857 0.07804976 0.039213672 -0.009994715 -0.0038749021 0.066424966 0.055897854 -0.10599992 -0.016124582 0.0015508897 -0.04881909 -0.063130274 -0.0069738734 -0.10313556 -0.017138848 0.015146021 0.027981281 -0.054797467 0.044002872 0.07215814 -0.046023954 -0.059082404 -0.057241198 -0.027196497 -0.025198987 -0.051256727 0.022861432 -0.05909956 0.040160663 0.0049786335 -0.04852687 -0.062000584 -0.0027097105 0.026318515 0.050130762 -0.00045771647 -0.045913324 -0.07172102 -0.12350687 -0.038711205 0.021949459 0.10061121 0.007970235 0.044703722 0.044881664 -0.0896399 -0.0032656633 0.014551041 0.08494112 -0.045435186 0.016175369 0.010006062 -0.04813343 0.012838409 0.031174546 0.016946224 0.058863036 -0.016056621 0.014448237 -0.02633506 0.013409235 0.047655366 0.03718723 0.039088104 -0.028240036 -0.00093565154 -0.052765608 -0.03001325 -0.07161153 0.003150815 -0.012436328 0.0063268477 -0.046170108 -0.07028669 -0.045975152 -0.035166755 0.01870849 0.02186148 -0.009889976 -0.054840546 -0.034173377 -0.023641817 -0.01764053 -0.01586051 0.053176578 0.04388063 -0.014010658 -0.10771309 -0.0010882241 -0.025210725 -0.048651986 -0.025265057 0.06016161 0.05799292 0.046069283 -0.039748564 -0.029968662 -0.0046096537 -0.025423922 -0.0066187354 -0.014159734 0.011465767 0.02431722 -0.081546485 -0.026685825 -0.02482558 -0.029249186 0.014415549 0.01728489 -0.018712092 -0.025806101 -0.040607326 0.012370012 -0.05888634 0.0062395274 -0.067767285 -0.06882691 -0.008109731 -0.0074579394 -0.00024104539 -0.032562166 -0.031113636 -0.05483083 -0.03651231 0.008809131 0.07634645 -0.010610796 -0.03256071 -0.09222702 -0.03539146 0.02080981 0.08536188 0.011582839 0.019399099 0.012155408 0.012800266 0.029579265 0.06930089 -0.0056977198 -0.04131383 -0.0052338145 0.017408334 0.039165195 0.0757731 0.070530675 0.014459329 -0.031928364 0.003753957 -0.059358485 0.02048964 0.013965309 0.0046235877 -0.01172851 -0.041617393 -0.08226619 -0.032716326 -0.04862114 0.016548758 -0.02134565 0.027776621 -0.08877582 0.01869536 0.087771386 0.043346964 0.06667138 0.1425137 0.087990664 0.041193023 -0.03696404 0.034096558 0.08196656 0.06423755 0.053203046 0.06105653 0.051830772 -0.026468799 -0.04216779 -0.004741328 -0.09588369 -0.0019470373 -0.009990448 0.04816187 0.060124263 -0.0012679301 -0.022392511 -0.14646369 -0.04791327 -0.05345871 -0.00015118073 0.028133588 0.008858906 -0.072831936 -0.062357783 -0.04738504 -0.005680569 0.06001838 -0.07378811 -0.05939094 -0.05183303 -0.058037564 -0.015446208 0.0017516892 -0.11982439 -0.02576651 -0.01912572 -0.07042724 -0.03930969 -0.016923202 -0.041333582 -0.046075024 -0.11371754 -0.09986774 -0.057852324 -0.07093693 -0.040485714 -0.08258388 -0.08629654 -0.047684055 -0.03273601 0.04337726 0.0830484 0.044919215 -0.040253356 -0.035593126 0.000104129576 0.04134539 0.010213054 0.028392013 0.085107364 0.059645157 -0.03885219 0.069617786 0.10761082 -0.022665426 -0.08713387 0.047044985 0.094157204 0.012062398 0.05797228 0.043927263 0.04090971 -0.0057233954 0.040972028 0.082800075 0.01190655 -0.024544522 -0.03247503 0.042022243 0.024887403 -0.0010950108 -0.044993762 -0.016785214 -0.027462697 -0.05272969 -0.057346653 0.032441687 0.020008653 0.041067563 -0.0387744 0.021700647 -0.038394228 -0.014482247 0.0203109 -0.019318048 0.010856311 -0.026843967 -0.010797262 -0.047056872 -0.046210382 0.026465688 -0.0058850464 -0.008895869 0.05060271 -0.037562996 -0.010065613 -0.044356607 -0.06384781 -0.050081067 -0.05786774 -0.023496855 -0.01375255 0.023244325 -0.053125698 0.010658665 0.029630346 -0.045705143 0.01208799 0.036414474 -0.037477184 -0.006281777 0.015121228 0.026888499 -0.049982935 -0.022152105 -0.0027479364 0.01674535 -0.013818813 -0.0055044065 0.013914504 -0.030852003 -0.026123628 
-0.03144834 -0.034104034 -0.010431925 -0.003755309 0.04529844 0.04039039 -0.05115927 0.00095390284 0.025506696 0.03135093 0.008990408 -0.0051199356 -0.044839058 0.03762537 0.0059749135 0.019647332 0.039017852 -0.040583767 -0.0059574745 -0.008781399 -0.04349139 -0.04689398 0.011083923 0.03547249 -0.025693327 0.038524743 0.016590714 -0.009267508 0.031218784 -0.015250342 0.02978558 0.04119617 -0.043526944 0.010239192 0.02659567 0.03720566 0.046972595 -0.019706203 -0.025946883 0.0070298733 -0.03011099 0.007263657 -0.049160358 -0.033622477 -0.032996953 0.023147365 -0.050437998 0.04214204 -0.0038059093 -0.05700219 -0.03876438 -0.023458807 0.04014874 0.05020192 0.067011245 -0.009409762 0.018844068 -0.010313462 -0.010348522 -0.01927953 0.05397939 0.016441965 0.007178972 -0.017872436 0.033701718 -0.054976135 0.0029108126 -0.00743626 0.017795643 0.04143391 0.009984034 0.007124481 -0.03645004 -0.052358225 0.038826045 -0.0029058359 0.008856333 0.036268413 -0.0052062715 0.029722756 -0.06291614 -0.029781247 0.0293867 -0.029124927 0.016420856 0.006529209 -0.02253654 -0.019663364 -0.01289982 0.0052543883 0.051798888 0.007010854 0.030483939 -0.032041617 -0.054040026 0.008618531 0.047364186 0.028016314 0.0509117 0.064424574 -0.007869749 -0.021693345 0.0041581313 -0.023067286 0.033012252 -0.02163757 0.012801305 0.017902903 -0.028066428 0.013649343 0.021667741 0.03303236 -0.030237619 0.036528237 0.02479833 0.006352374 0.011273335 -0.06948702 0.0067745717 0.024941234 0.06678834 0.086105414 0.053950068 -0.06104056 -0.08788295 -0.0007465271 0.0065593887 0.02008044 0.13674381 0.045377232 -0.04689375 -0.058222353 -0.052568257 0.026456743 0.009069055 0.05827293 0.036298905 0.014383675 -0.08698934 -0.017931888 0.011127656 0.083137065 0.08132855 0.017919721 0.01819553 0.011679632 -0.043508094 0.017175466 0.002602485 -0.052056223 -0.0430199 -0.010084915 -0.022071 -0.038491435 -0.037356634 0.017964637 -0.024157321 0.020902708 -0.052192234 -0.055134453 -0.018933415 -0.05999556 0.04081452 -0.020369682 0.04451709 -0.015349665 -0.05649263 -0.0063123093 -0.023250211 -0.0009165946 -0.009584575 -0.019742029 -0.033574577 0.011790891 -0.030196246 0.0072251167 -0.048054766 0.02592013 -0.03263101 0.018316107 -0.0018675652 0.005445238 0.0072723883 0.007927707 -0.0452887 -0.005814158 0.042423915 0.026038045 -0.026966644 -0.0119757205 0.019366877 -0.009934781 -0.0340899 0.0075446763 -0.006416943 -0.0023956378 0.00567584 0.01741455 0.013076631 0.01340887 -0.0071936753 -0.018003363 -0.03278375 0.013685811 0.04906639 0.06199862 -0.023009865 -0.0008478121 0.014939534 0.011348039 -0.011791598 0.018774042 0.04084988 0.043629553 0.030732034 0.012053792 -0.022213923 0.032760184 -0.016828217 0.0022016214 0.00017628881 -0.0062587596 0.006262089 0.021926787 -0.014452048 0.0063520866 -0.03486224 0.052827157 0.031251647 0.023242872 -0.049334366 -0.06111458 -0.081691444 -0.044786878 0.01475889 0.016469166 -0.005994852 0.010870111 -0.022310145 -0.036067124 -0.0015338956 0.037475564 0.0400793 0.0022359355 -0.0044200234 -0.041943308 -0.04076197 0.0055061886 -0.059708666 -0.030523453 -0.015893416 -0.040869977 -0.040987533 -0.039640334 -0.061657976 0.026195468 -0.011871654 -0.0049035857 -0.035037406 -0.032135103 -0.033427436 -0.07361576 -0.023254775 0.0012968953 0.0061441576 -0.042280223 -0.055699993 0.0057038986 0.010409453 -0.056540016 -0.040347613 -0.010888367 0.058950868 -0.07998397 0.050844632 -0.029626366 0.01877403 0.02607668 -0.0035555928 -0.06349847 -0.054836795 -0.020282006 -0.03620738 -0.026062995 -0.03207064 0.021249443 -0.04671007 -0.01841863 -0.06271287 -0.03090506 0.023086535 -0.00729134 -0.014001363 0.00026668864 -0.049143746 0.023327904 0.0017690806 0.07981394 0.043377694 -0.025609983 0.042578336 -0.06613088 0.0145102125 0.097342975 0.0058618807 -0.026538363 -0.04527 0.010382327 -0.06563916 -0.078745574 0.026787745 -0.0305615 -0.05419285 0.046984255 -0.006923445 0.026395025 -0.038711663 -0.052121405 -0.012768518 0.053219363 0.054348204 0.014237587 0.0022565054 0.03890773 -0.03594819 0.051163707 0.0597743 0.018647775 0.017109182 -0.021394093 0.0053739036 -0.030408956 -0.031942043 0.060490012 -0.019261453 0.08984629 0.013274551 -0.006465532 -0.04623443 0.0023572356 -0.002449839 0.080678344 0.033278987 0.022807213 -0.024341542 -0.048597485 -0.04939066 -0.048495952 -0.048232116 -0.030610384 -0.049390435 -0.012078827 0.03845626 -0.03840925 -0.03152908 -0.029652316 0.011221979 0.027362978 -0.023861723 0.04022968 0.034402166 0.022069095 0.011553763 0.0045455256 -0.03897788 0.002682622 0.022421956 0.04286031 -0.023531834 0.0017914933 -0.0001487692 0.038313914 0.031792648 -0.048928663 -0.005326999 -0.042837087 0.028676437 -0.0050688456 -0.011689488 -0.048440307 -0.040595066 0.047095194 -0.009761039 0.011017397 0.005389515 0.02622374 0.007730768 0.026254874 0.020071995 -0.0025163717 0.027945973 -0.0014083502 
-0.007968893 -0.032187536 0.0010335218 0.019405542 -0.0011566646 0.012348777 -0.015555905 0.0039353766 -0.043512855 -0.014463641 0.046518065 -0.03197252 -0.002202368 0.024797698 -0.035123102 -0.03605131 -0.0059173997 0.020041004 0.00056059955 0.018728862 0.028836785 0.050066322 0.006043431 0.0046574585 0.02083678 -0.042149782 -0.031364877 0.008766511 0.04651818 0.0203175 0.025807401 0.033323687 0.039864596 0.022912245 -0.022554182 0.030883467 0.032080844 -0.04772698 0.021902993 -0.028866809 0.008276607 -0.02196873 0.024017887 -0.034332145 -0.045414995 -0.04554993 0.048351657 0.04276016 0.01721035 -0.045545343 -0.06513532 -0.041761294 0.013907157 -0.025588349 0.0034794922 -0.0895751 0.048270818 -0.0071236016 -0.029651536 -0.04056887 -0.04424132 -0.014172864 -0.028003665 0.0709857 0.0037042939 0.014562199 -0.059513867 -0.023268694 0.010886525 0.031858243 0.026313826 0.06567461 -0.011090927 -0.011526487 -0.006789138 0.042556502 0.012413472 0.08487206 -0.01723705 0.06367501 0.06627835 0.08511549 0.11523018 0.07074712 -0.0008257583 -0.010182437 -0.02320301 0.06906422 0.009619686 0.06529602 0.06509724 -0.014888125 -0.030498583 -0.028785532 -0.018670324 -0.065420374 0.0046101613 -0.020895395 -0.04098902 -0.03317136 0.016876118 0.016687132 0.06528478 0.036812983 0.03297493 -0.051054258 -0.028357252 0.0235864 0.034726817 0.04292197 -0.039531443 -0.044539038 -0.014233576 -0.027922262 -0.031638376 0.04170438 0.011360016 -0.08375649 0.009960378 -0.0391119 -0.059404034 -0.038536835 -0.0074146576 -0.060941614 -0.04202477 -0.02360349 0.022900216 0.006667813 0.06665891 0.04139229 -0.048253525 -0.033674788 -0.00017019617 0.018413711 -0.025538357 -0.0057427743 0.0021391578 0.0036789284 -0.036609232 -0.03213476 -0.009053456 0.08443722 0.01658839 0.028126603 0.045251172 0.030606633 -0.025461158 0.048458215 -0.029278675 0.026823876 -0.011780558 0.0040724208 -0.01567774 0.010902349 -0.044190314 -0.008256616 -0.00037595126 -0.019034773 -0.0367047 0.05407763 -0.01963697 0.034665603 -0.017706193 0.00470953 -0.027150549 -0.025068648 -0.04034231 0.008868762 -0.05328616 0.030168202 0.031567097 -0.042107325 0.04589327 0.051923193 0.035163186 0.021202452 -0.020046452 0.022022793 0.013108123 -0.0048012314 -0.006274214 0.014862544 -0.04741379 0.043806124 0.016025446 -0.06579747 -0.070552245 -0.02337475 0.011401018 -0.01638367 -0.0031950395 -0.036634278 -0.008902534 -0.057227224 -0.05318197 0.0062625497 -0.018070115 -0.022062803 0.009569855 -0.00043117415 0.034878623 -0.005024535 0.0315494 -0.02928683 0.021210525 0.048594564 -0.021654386 -0.000110169276 0.038568635 0.026234942 0.04405194 0.026702093 0.05292815 0.023536015 0.015950924 0.010220014 -0.032745738 -0.02194843 0.06687348 0.046959244 0.06895267 0.03521612 0.08100538 -0.015849983 0.0362379 -0.001020408 0.047803506 0.023092326 0.06587919 0.00946306 0.056900125 -0.0091117555 -0.04355831 0.018050328 -0.021779662 -0.004761548 -0.010441115 -0.042124227 -0.06639394 -0.016218066 0.004132323 0.0043564243 0.01672055 -0.057142135 0.0027080977 -0.047697306 -0.004026115 0.06116189 0.024130505 0.008519832 -0.07087704 -0.030924331 -0.0471612 -0.033517893 0.014890512 -0.041862663 -0.019181905 -0.06685132 -0.082718104 0.024878843 -0.0076364004 -0.041409157 -0.012421002 -0.0057522473 0.0016609199 -0.030344365 0.029898984 -0.052594535 -0.020544294 -0.030856008 -0.03889067 -0.027448937 -0.009955995 -0.0401464 -0.07316367 0.047752976 0.008116993 -0.0005953853 0.014247011 -0.020188145 0.0010547928 0.00021390774 0.060444035 0.039003156 -0.04149962 0.014694396 -0.01499111 -0.0025169563 -0.027519021 -0.0009637747 0.0014100624 0.029267354 0.043552037 -0.022307495 -0.022364177 -0.030880222 0.050825294 0.05473205 0.04539335 0.008509524 -0.040984567 -0.052411087 -0.0626098 0.02719423 -0.04496537 -0.072254084 0.0037193296 -0.0053616785 -0.03034978 -0.04331404 -0.04665738 -0.084637985 -0.0706363 -0.0027622527 -0.0002553286 0.040884383 -0.014063403 0.13195235 0.17161477 0.1327309 0.0071295835 -0.054941453 -0.072565675 -0.041275833 0.055494227 0.0039910516 -0.052052584 -0.091418885 0.021275075 -0.049075894 0.01809798 -0.0016627645 -0.015251575 -0.03427162 -0.07608138 0.003673572 -0.001862043 0.04287888 0.01774585 -0.055475637 0.040537417 -0.055458482 0.028100168 0.04442167 0.0507577 0.022234919 -0.011292725 0.00029047244 0.026787445 0.018802997 -0.032158364 -0.008453596 0.030368574 -0.0009696611 -0.035855364 0.014424221 0.052579463 0.0076510413 0.048898593 -0.009041921 0.0060653095 -0.008370188 -0.018900549 0.0049425326 -0.035704255 -0.05035089 0.0056211064 -0.037082482 -0.043112908 0.021818306 0.02163949 -0.031157875 0.016517846 0.0073040514 -0.031643316 -0.010410509 -0.009769488 -0.021505378 -0.038753908 0.0060273306 0.05161307 -0.0056652017 0.03948647 0.04811188 -0.022135923 -0.041707862 -0.021392688 0.035857134 -0.029612748 0.01730618 -0.014700999 0.0031703378 
-0.02120456 0.010533969 0.012669153 0.046547025 0.07624828 0.038036253 -0.03378459 0.04662646 -0.011569739 -0.029734895 0.029607426 -0.089181244 0.06697191 0.13516076 -0.015431302 0.07332633 0.0062803663 -0.06253526 0.03807708 0.008646352 -0.02162787 0.030226352 0.08156152 0.0239251 -0.06982249 0.024254283 0.06589009 -0.087438494 0.03437732 0.1407717 -0.011354372 -0.08696951 0.05833146 0.12282035 0.0035344283 0.03343985 0.05567217 -0.009624636 -0.089795664 -0.002019736 -0.015670119 -0.061801728 0.029698083 0.14379889 0.15800229 0.018127447 -0.023425344 0.019086797 -0.017764268 -0.00734976 0.035990756 0.06631133 0.053621203 0.054757793 -0.035565414 0.078898996 -0.0016780368 -0.030036017 0.017594501 0.009668015 -0.011724002 0.03069442 -0.011594726 0.027419744 0.0036907743 0.12304261 0.046589103 -0.08106957 0.039761823 -0.00431915 0.098370485 0.02770514 0.020508502 -0.044690717 0.15319039 0.107174 0.06358677 0.027838364 0.081864215 -0.030442834 -0.0020974865 -0.08378168 -0.124076456 0.22380541 -0.0040843496 0.1681319 0.018596487 -0.030050974 0.055701617 -0.012336521 0.025650388 0.1538423 0.11600119 -0.044104457 0.049994696 0.030322796 -0.041771933 0.0349944 0.009927666 -0.036442775 
0.1483863 -0.07690188 0.25948438 -0.10737539 0.028979378 -0.29092836 -0.09620771 0.100770384 0.1395938 -0.26789418 0.13363339 -0.21348728 -0.07913988 -0.06363686 -0.0434659 0.12850901 0.20475829 0.11471775 -0.06859195 0.24008127 -0.013495461 0.10487918 -0.04874418 0.18475932 -0.03512712 0.073710695 0.056299098 -0.088461876 -0.0797086 0.16271912 0.011911863 -0.0037285592 -0.12224205 -0.00948468 -0.06556002 -0.019214518 0.037027873 -0.10227593 -0.0787773 -0.13205478 -0.108122244 0.046855472 -0.05988633 -0.085882954 0.07336199 0.13362351 -0.06401158 0.20997371 0.027708378 -0.0811281 0.09632011 -0.057342965 -0.043702994 0.09294614 0.2845584 -0.10507525 -0.03024391 0.0364397 -0.021757359 -0.15827663 -0.0027299707 -0.056602105 0.16710585 -0.046915278 0.024729583 0.08072233 0.14552733 -0.038899455 0.17939724 0.28155056 -0.11811394 0.2584836 -0.24946637 0.22722685 -0.19064689 0.2186302 -0.106012456 -0.002570293 0.13912605 0.2356371 -0.1405577 0.3644651 0.2216651 0.30143628 0.14244412 0.10978693 0.022241041 -0.09636997 0.28334567 -0.044055555 0.030577764 0.031163767 0.15528147 -0.15094067 -0.19643922 0.0633459 -0.07076992 0.014991079 -0.08386801 0.14119083 
0.034033384 -0.00017083803 -0.052161273 0.22830382 0.097514085 0.05700847 -0.19433807 0.101480335 0.059172764 -0.01643498 -0.02857919 0.111815296 0.05610593 -0.10101521 -0.0814158 -0.009907916 -0.0036076957 0.25848955 -0.05470179 -0.025940409 -0.08178432 0.046563312 0.23179473 -0.06836058 0.13781072 0.11358404 0.10293671 0.028101709 -0.18741305 0.0059436182 -0.099548995 -0.15095973 0.106010646 -0.0011582811 0.022175716 0.25314406 -0.03360763 0.16563739 0.19286104 0.111257836 0.0263765 -0.19260782 0.2187615 -0.057564013 0.06404659 0.19533508 0.08395005 -0.024112146 0.009810818 -0.06766585 0.03499537 0.024385316 -0.043298744 -0.041897837 -0.048437826 0.11382957 -0.14697956 0.2832968 -0.04770206 -0.06572016 -0.09998532 -0.091101944 0.027692383 -0.059086006 0.07935632 0.008168133 0.31658185 0.015255466 0.20299946 0.30630895 0.016669696 -0.08167869 0.16650337 0.12651819 0.23766729 -0.07769282 0.11176136 0.023042722 0.12741515 -0.24952275 -0.01932709 -0.07987895 -0.08489721 0.10541306 0.3184333 0.006900215 -0.079390414 0.010361257 -0.049884755 -0.02691017 -0.17820467 -0.0045108018 -0.0034229718 0.025045745 0.18355481 0.011590747 -0.08393568 -0.12717234 -0.13342768 -0.043266032 
0.30663157 0.28572732 -0.1829546 -0.085058756 0.059735302 -0.13111581 -0.00037038332 0.054189153 0.08272193 -0.18331818 0.044824913 -0.008448969 -0.41327882 0.10358165 0.0077661388 0.12146869 -0.018229716 -0.1359214 -0.28300563 -0.0057937917 0.018553693 0.058899414 0.16486064 0.057207853 0.18905929 -0.009310933 0.103197515 0.12061369 0.18647622 0.18908122 0.036476515 0.23680295 0.057826445 0.047497675 -0.028090252 -0.17735608 -0.0634371 -0.28511432 0.16927789 0.07570567 0.20779924 -0.19146848 0.053407073 -0.04919548 0.086719394 0.037422664 0.027990315 0.18530087 0.05110706 -0.045184527 0.05877562 -0.046282724 -0.014257459 0.056282718 -0.13601981 0.13529067 0.02537715 0.23078051 -0.07280758 -0.0070838896 -0.25712597 0.074492395 -0.20285906 0.21471551 -0.21033953 0.044513863 -0.16860677 -0.025176072 -0.0935141 -0.23100716 -0.08661192 0.24016656 -0.3002792 -0.17110245 0.1531677 0.21932025 0.21805826 0.096604496 -0.19154069 0.091297485 0.10091556 -0.021851322 0.020729696 -0.11406541 -0.14652395 -0.0707216 -0.19708796 -0.12640926 -0.33200923 0.19947402 0.15496343 -0.12189806 0.16125831 0.29749784 0.22444905 0.18293823 -0.24938981 0.2653111 -0.02957476 -0.044326413 
0.08200608 0.05921758 -0.1419279 -0.25347224 -0.05594854 0.10672793 -0.030054456 -0.17510304 -0.13991696 0.024302699 0.1698104 0.20347363 0.13301705 -0.32010594 0.15967663 0.029924413 -0.017272262 -0.35657805 -0.102813356 -0.08018775 0.034224436 -0.08296761 0.17113112 -0.11205644 0.167584 -0.08594354 -0.26417342 -0.15804233 0.14077859 -0.119344056 0.0020409606 -0.15131897 0.05606223 0.1097822 -0.3109083 -0.13112006 0.033380233 -0.025512962 -0.08014887 -0.20349997 -0.04306338 0.11455453 0.23246782 0.23550849 0.041806754 -0.05029248 -0.040906295 0.039390426 -0.24414775 0.081266254 -0.29007164 0.3167168 0.22200996 0.20943397 -0.16365598 0.097379886 -0.33092296 0.10318867 -0.04453428 0.22427347 0.1772074 0.055817746 -0.09804058 0.3168548 0.10647395 0.057318855 -0.11385224 -0.21164882 -0.011333211 -0.051773004 0.24108803 0.2024548 0.0300156 -0.06486757 -0.019058084 0.040653966 0.19717717 -0.012610048 -0.08727912 0.0813223 0.28922257 -0.15775353 -0.049357455 0.29931065 -0.12900685 0.13927373 -0.19003788 -0.06229882 0.1885682 0.19931518 -0.0056497725 0.29083213 0.15551287 -0.12378854 -0.008610506 0.16607128 0.27005816 0.17670102 -0.02078976 -0.019948805 
-0.001053153 0.113612875 0.14655632 -0.19405876 0.22602156 -0.03714366 -0.07477062 -0.031882685 0.10112629 -0.059258357 0.047492415 -0.08692449 0.05203736 0.04470308 -0.023223912 -0.0762582 -0.11647282 -0.02741645 -0.21213509 0.25037232 0.1294198 -0.11030872 -0.077558756 0.123508066 -0.12908432 0.05568468 -0.093764365 -0.027847685 -0.12199115 -0.011663337 0.005621367 0.11087517 0.16525775 0.051071785 -0.058550723 -0.22089355 -0.021024713 -0.13036413 -0.010140924 -0.1162038 -0.06327106 -0.20475848 0.02616455 -0.06562195 0.11161444 0.099873364 0.05382155 0.16639392 0.044552952 -0.06961439 -0.021541057 0.1628889 -0.05052701 0.08785903 0.12633838 0.08161202 0.23957339 0.05959458 -0.05828223 -0.0800549 -0.16537158 -0.0915941 0.015253311 -0.08326693 -0.033088055 -0.14339761 -0.12383752 0.19627742 0.13725479 0.2587315 0.010865043 0.059808746 0.07657948 0.17708294 -0.036266144 0.08434753 0.07781239 0.07675087 -0.02944403 0.21923454 -0.00940447 0.12727644 0.053748325 0.017865142 0.12899141 0.00924982 0.06720494 0.08698824 0.07778346 0.024226116 0.09452451 -0.09674478 -0.02310457 0.06429221 0.33523488 0.003999061 -0.20495301 -0.102158666 0.10569406 0.05085091 
0.11582574 -0.16708052 -0.094269454 0.07016604 -0.2028669 0.07421674 0.14685811 0.22580734 -0.060484465 0.033553455 0.13425934 -0.07317537 0.10002885 0.26200682 0.10802448 -0.10779864 -0.006038655 0.07770759 -0.036158755 -0.2027157 0.10907879 0.08285047 0.0013328673 0.1823996 0.19634092 0.101139724 -0.09533605 0.015133319 0.04142955 0.3466812 -0.30811355 0.010676703 0.22866093 0.056379016 0.28680414 -0.006382226 -0.028889159 0.051654417 0.07385216 0.1755101 0.115465306 -0.21890317 0.19947948 -0.05170039 0.33388582 0.18972987 -0.09079288 -0.17404431 0.040793892 -0.088578165 0.045583356 0.050245173 -0.14777815 0.21769895 0.011343806 0.002530181 -0.010234937 0.13944827 0.082353875 -0.14301623 0.085003056 -0.07471817 0.018507505 0.100971386 -0.08680691 0.19406539 0.10206377 0.24602093 0.14301796 0.045638748 0.015071473 0.010509178 0.17222007 -0.030199066 0.1439897 0.31491122 0.104187265 -0.082483 0.04981308 -0.129406 0.024131563 -0.032676946 -0.09730267 0.30564696 0.09243764 0.32740033 0.30220854 0.08963865 0.03629963 -0.00381566 -0.2870656 0.15550035 0.20434244 0.16228673 0.057186555 -0.12024246 -0.1050062 0.20737034 0.16704127 0.18730754 
0.18321562 0.10304947 0.027972443 0.12941793 0.03298105 -0.09694098 0.0054859645 -3.424439e-05 0.083152294 0.18231975 -0.014402997 -0.10979922 0.05040105 -0.21135925 0.08846348 -0.12704691 0.09537701 0.116817184 0.10079478 0.0672936 -0.1495848 0.1308486 -0.14914128 0.01102413 -0.13905796 0.019951781 0.0081286905 0.27528936 -0.0055902093 -0.040610824 0.09113781 0.2567549 0.0015793453 0.097513005 -0.17623498 0.1902687 0.004540799 0.16911219 0.33765692 -0.122281305 -0.018203497 0.09440378 0.117719226 0.2545916 -0.10483697 0.15372154 -0.0058932 -0.07203107 -0.1675665 0.11523325 0.026310787 -0.05186647 0.043701254 -0.029577779 -0.09078144 -0.10051951 0.080867626 0.33312425 -0.0055732187 0.07338232 -0.007959899 0.009859784 0.12125694 -0.11195818 0.02825786 -0.05232398 -0.086069986 -0.1520934 0.2446804 -0.090197295 -0.16799435 0.06171644 0.114766195 -0.004063505 0.14239033 0.0063401787 0.013006887 0.10292246 0.24880774 0.04620504 0.083263844 0.019816725 0.06809278 -0.09361772 0.15683325 -0.0077845138 0.15163654 0.20796895 0.14746007 -0.06399527 -0.13414927 -0.12293473 0.054273073 0.089502744 0.056363497 0.24116421 0.06819888 0.015845489 -0.15797591 0.1314198 
-0.021060007 0.14912324 -0.09982459 0.024888448 0.31049517 0.10664928 0.0038918294 0.21728764 -0.09125853 0.16444834 -0.14468658 0.024400925 0.13836072 -0.15000962 0.08137179 -0.17929044 0.15920696 0.17760374 0.148302 0.29576972 0.043711573 0.01136714 0.010968345 -0.24731046 0.02735669 0.19381957 0.0083641345 -0.023809198 0.066238336 0.07548907 0.18671934 0.08000925 -0.021910045 -0.03348186 0.124186665 0.16237706 -0.07219773 0.08262071 0.16302115 0.10488489 0.272859 0.13022783 0.09981072 0.25400758 0.01560949 0.09973343 -0.025456578 0.06715395 -0.020753283 0.11819068 0.11696891 0.3703988 -0.035656963 0.23841311 -0.04941903 -0.053694732 0.1961544 -0.095455214 0.008993824 0.12866962 0.28319508 0.07448531 -0.17005454 0.022554507 0.00019584414 0.053894006 -0.1449221 -0.18750617 0.13703243 -0.057377692 -0.15529035 0.12594636 -0.027307823 0.10255698 -0.18877466 0.13567024 0.123821735 0.22198632 0.1956961 0.06708912 0.22070192 0.27078044 0.30311707 0.08029901 0.2689982 0.10772279 0.028706962 -0.054666314 -0.05242321 -0.11701085 0.24374387 -0.15819053 0.12357364 0.010468416 -0.16174574 0.20345554 -0.10461683 -0.030048752 0.012810579 0.2769609 
-0.20249279 0.19516882 0.23807831 0.14073789 0.16186534 0.18714657 0.040680382 -0.22445689 0.030611552 0.0033169303 -0.0372892 0.025750795 -0.12693025 0.009978944 -0.17617908 0.11877508 -0.045103915 0.018718552 0.0537294 0.08384583 0.043571383 -0.061181024 -0.013107452 0.088728905 -0.12155504 -0.10812928 0.14071272 -0.031970695 -0.03706811 0.10425732 -0.011417045 0.024778716 -0.043827433 0.1079201 -0.12834229 0.08939198 0.034759995 0.21669331 -0.1542152 0.082367666 0.078841135 0.15945642 0.14558975 0.30585182 -0.01170107 0.10893382 0.04501492 0.060390178 -0.015400802 0.049686007 0.0633674 0.09719046 0.19142208 -0.15183707 -0.11166843 0.06648951 0.0122808935 0.19572833 -0.09910023 0.10775044 -0.025778001 -0.029830297 -0.06687027 -0.17112744 0.11673233 -0.19605005 0.07727801 0.047090296 0.025578918 -0.063905135 -0.046257924 0.20524186 -0.09476978 -0.012006545 0.25418684 -0.08197728 0.10169795 0.06447478 -0.19313233 0.1918337 0.13736859 -0.04477428 0.014269727 0.033751503 -0.09637375 0.21440068 -0.062744334 0.20318854 -0.038470745 0.1142547 0.12155596 -0.04400217 -0.27269423 0.19309813 0.047755517 0.12954645 -0.08864352 0.13177797 0.058228564 0.04596103 
-0.023538362 0.05743157 0.11109072 0.16441612 -0.0028678998 0.040614046 -0.13315684 0.03074871 -0.1426043 0.19786458 -0.089662895 0.2388226 -0.044129726 0.2706097 0.06273051 0.3929997 0.2266603 -0.09177776 0.28379425 0.12007854 0.012401288 0.04387352 0.2873172 -0.22461362 -0.1881841 -0.09873282 0.118223555 -0.057784006 0.17842256 -0.17899108 0.10804358 0.039676566 -0.3130765 0.407648 0.10093029 0.035404384 0.022336084 0.15445039 -0.30712122 -0.069279164 -0.049701266 0.23766483 -0.020880964 0.12361931 -0.029058984 -0.16312198 -0.09795134 -0.011941228 0.21544082 0.07042108 0.09492013 -0.16497153 0.1975303 -0.13715672 -0.027780635 0.18354455 -0.018427745 -0.11844978 -0.073676854 0.07608238 0.32625332 0.07392421 0.09533343 0.08657262 -0.10160056 0.22123303 0.036088023 0.123875596 -0.14059466 0.02576115 0.023693524 -0.15289417 0.059495714 -0.111621246 0.24737164 0.1345024 -0.108947694 0.011893313 0.1508849 0.092233144 0.0119665805 0.06130996 -0.04889492 0.04147645 -0.15731709 0.05171204 0.15467851 -0.05853717 0.06404885 -0.08945355 0.046964217 0.074289046 0.04291163 0.13384944 0.07171746 0.03593347 0.14653915 -0.017141644 -0.13907255 -0.044579376 
0.32961404 0.11153288 0.04940497 0.33928192 0.08403656 0.48382634 -0.19305561 -0.3117011 0.29120827 0.3476422 
-0.50831175 0.055488113 0.8851702 0.42161745 -0.019960787 -0.101539716 0.31551218 0.2771776 -0.24475214 -0.22874379 
-0.008963865 -0.4025349 -0.16907795 0.624259 -0.16018271 -0.96822643 0.1470174 0.73670274 0.32829934 0.3343047 
-0.5710298 0.063782826 0.21278003 -0.117128514 0.16336796 0.75216675 -0.43339464 0.15008132 0.22977586 -0.3497074 
0.23152815 0.11912732 -0.036255043 -0.32975754 -0.5406842 0.41888228 -0.07861444 -0.19705673 -0.097987 0.40847918 
0.6480879 -0.2950969 0.2282352 0.25652483 0.28619644 0.3512118 -0.20994991 -0.35690093 0.23240294 -0.5965911 
0.13118474 -0.17095128 -0.17349674 -0.54800576 -0.12149459 0.69220966 0.2023125 0.050383314 -0.4069892 0.25125173 
-0.32098195 -0.04283413 -0.47912544 0.9227139 -0.20715345 0.51639265 -0.37556633 -0.73816 -0.21037528 0.13160992 
0.4710658 0.55469555 -0.20709638 -0.39185584 0.55086666 0.10006819 0.37710947 0.28332546 -0.15796432 -0.7257995 
-0.09632843 -0.62641054 0.8709879 -0.13591877 0.3212801 -0.64193213 -0.016031554 -0.4155201 0.48220432 0.5119018 
-0.16799732 0.15690239 -0.30735186 0.2654659 -0.27113664 -0.5557919 0.785243 0.061931927 0.7501432 -0.005445361 
-0.489941 -0.2752798 0.22316608 0.5930544 0.20891018 0.049366765 0.64995825 0.1719041 -0.028462298 0.14701708 
