-0.055807453 -0.09932569 0.034528974 -0.08511874 -0.10129256 
-0.0042439834 -0.038053147 -0.11080165 -0.1172763 -0.0047244965 
-0.2071036 -0.11465958 -0.11177081 -0.098914586 -0.1851299 
-0.17222331 -0.0469388 -0.067047395 -0.15758894 -0.19600867 
-0.09203402 -0.103470676 -0.14356606 -0.21366602 -0.16512088 
0.19556735 0.1787467 0.19867493 0.08951348 0.115231164 
0.10275626 0.036077462 0.04308199 0.13582146 0.0089793885 
0.101883814 0.1576446 0.103200264 0.17140567 -0.029013952 
0.14739989 0.16832973 0.067175865 0.051093232 -0.058915142 
-0.05532791 0.045965664 1.1050561e-05 0.068206854 0.02993881 
0.15674447 0.046013694 0.11803809 -0.025057642 -0.03676073 
-0.05599985 0.09619832 0.066383384 -0.10122746 0.009332161 
-0.119824305 -0.065211244 -0.040340334 -0.07413574 -0.07689732 
0.09714101 0.1007335 0.029622225 0.052179378 0.07698814 
-0.011554115 0.076565936 -0.06730015 -0.09775551 -0.08478196 
0.11846532 0.29473823 0.39328542 0.37107685 0.24209212 
-0.009683092 -0.047452316 -0.087535985 -0.2647717 -0.2597302 
-0.22159977 -0.28093755 -0.20856732 -0.33118334 -0.1918285 
0.15546411 0.13230133 0.1285704 0.11767373 -0.05008473 
0.08148323 0.16162603 0.20823848 0.21171276 0.016065152 
0.008242159 0.00057360315 0.09757284 0.16233945 0.056368224 
-0.17333326 -0.41403332 -0.42939857 -0.43837386 -0.41574126 
-0.3372687 -0.37473404 -0.32993254 -0.40209293 -0.16997261 
-0.02902382 0.05575033 -0.023212362 0.16971508 0.030483969 
0.3029813 0.2442811 0.23974687 0.18238778 0.30881953 
0.21781099 0.15066397 0.12247013 0.18493588 0.2256081 
-0.09725377 -0.14893395 -0.13277428 -0.28975457 -0.107429855 
-0.22875367 -0.17548813 -0.2624298 -0.31273496 -0.061576694 
0.08871271 0.06962257 -0.0025619504 0.25016543 0.10717443 
0.11787666 0.255598 0.3294899 0.29413572 0.28942168 
0.008605893 0.011683744 -0.08111864 -0.15600458 -0.05404165 
-0.009609516 -0.12320113 0.017297514 -0.116840914 -0.0716045 
-0.028561871 -0.02689664 0.09068004 0.17996463 0.011642182 
-0.00044913025 0.16655819 0.082337275 0.112551995 0.049854062 
0.11310093 0.16902144 0.1671962 0.0033502493 0.1135923 
-0.045124482 0.010246248 -0.06420136 -0.012286325 -0.060335122 
0.003966301 -0.019189361 -0.057906337 -0.09370802 -0.040780634 
-0.07118516 -0.07275159 0.06476162 0.023734296 0.11773176 
0.013124349 0.06335928 0.04553563 0.018619446 0.075221926 
0.02461291 -0.09554673 0.044480562 0.026176352 -0.02252099 
-0.03927647 0.07951826 -0.12103498 0.023726445 -0.11391929 
0.027856838 -0.11735865 -0.10898784 -0.0539157 -0.058718204 
0.021396302 -0.10446032 -0.085679874 0.059222158 0.002406718 
0.07949633 -0.073032625 -0.013718253 -0.030336494 0.074765645 
0.0887981 -0.04749746 0.092961825 -0.040287513 0.09304842 
-0.092951894 -0.12900957 -0.09823085 0.053760555 -0.025248053 
-0.098066464 -0.044687234 -0.042929932 0.07533136 0.0043678284 
0.16755743 0.19165279 0.13731845 -0.0069576236 0.15615249 
0.15556662 0.17199048 0.17393272 0.029218048 -0.11080247 
-0.17104849 -0.2421547 -0.2769581 -0.30455688 -0.26420712 
-0.0056140507 0.048228405 -0.025759825 0.0006518153 0.12886736 
0.032202125 -0.0067309733 -0.006160885 0.010751866 0.05424119 
0.059270345 0.021231258 0.18162505 0.06649318 0.06324509 
0.18702488 0.11240662 0.104861274 0.11965691 -0.035524197 
-0.08384213 -0.194888 -0.28988555 -0.17870416 -0.123389944 
-0.01813983 -0.0010762427 0.0039721387 0.10972919 -0.060634278 
-0.14611216 0.07770559 -0.083718024 0.025079837 -0.068543516 
-0.068357795 0.094784506 0.031607453 -0.022574145 0.099560864 
0.070161805 0.0005450461 0.20025003 0.07481503 0.104712285 
-0.045756966 -0.17508331 -0.031032247 -0.20350778 -0.13478903 
0.09549345 0.261469 0.14956902 0.2250416 0.22668757 
0.054076627 0.2106983 0.09255025 0.23753248 0.048059873 
0.04151964 0.0761302 0.09688152 0.12664661 0.0078830905 
0.027080892 -0.12184899 -0.029023407 -0.115744196 -0.08366454 
-0.060732547 -0.31419602 -0.23348485 -0.37081507 -0.22277108 
0.023206715 0.09788445 0.20308478 0.12570676 0.16782586 
0.16470191 -0.0004859826 0.15775584 0.1788807 0.12031155 
-0.0023896268 0.050294224 0.08099362 -0.16804662 -0.10376116 
-0.020329362 -0.036725815 -0.19941542 -0.17797066 -0.23053911 
-0.14054522 -0.30506074 -0.33139548 -0.3841341 -0.36785966 
-0.028120456 0.058778852 0.19614354 0.24299608 0.2563123 
0.19761753 0.026276026 0.15547332 0.07751283 0.1799249 
0.14017737 0.17906308 -0.054443654 0.120385684 0.009301771 
-0.050286133 -0.040803153 0.039183524 -0.21925421 -0.16589153 
-0.179586 -0.27444613 -0.24508819 -0.26046163 -0.14251417 
0.07242778 -0.09538391 0.008761044 0.041562345 -0.03932867 
0.10351942 -0.017277602 -0.0710363 0.10538169 0.092484094 
0.1014583 -0.028859768 -0.11179677 -0.04043102 0.11155151 
-0.0058683385 -0.019727716 -0.019205963 0.06797435 -0.0047472892 
-0.02324411 -0.05354708 -0.09997177 -0.06684243 0.10273313 
-0.05166225 -0.078582674 -0.09194928 0.08217281 -0.006631029 
-0.115103364 -0.10914963 -0.09449199 0.048193432 -0.08549324 
-0.06006052 -0.04000877 -0.04748945 -0.06970849 0.042932853 
0.05404893 -0.114355415 -0.090590075 -0.110055715 0.008172195 
0.07336958 -0.009074703 -0.08720949 -0.056693237 -0.0111821275 
-0.08106869 -0.05572849 -0.11521396 -0.005909921 0.0011096804 
0.033149928 0.009863419 0.040130317 0.09111441 -0.06845549 
-0.029407004 0.011952766 -0.058070317 0.026845068 0.07677662 
-0.057962462 0.0079132365 0.063483626 -0.040912136 -0.03960404 
-0.013447846 -0.05145776 -0.070350066 -0.10371752 0.014346892 
-0.13781787 -0.17936862 -0.010279267 0.16118334 0.28301957 
-0.07050148 -0.14200234 -0.05605789 0.26554173 0.19429056 
-0.19485605 -0.27583805 -0.023086136 0.15264899 0.2802909 
-0.25224462 -0.26342952 0.03673942 0.27086076 0.27423784 
-0.22233258 -0.17853111 -0.010883891 0.30188242 0.13585757 
-0.17771916 -0.16273104 -0.07380536 0.21288505 0.25126794 
-0.21883093 -0.26296923 -0.20367593 0.14785354 0.14619784 
-0.21897635 -0.34343764 -0.1580555 0.16634947 0.25796333 
-0.13841973 -0.31499255 -0.13580982 0.11843533 0.23341393 
-0.12236809 -0.14568359 -0.042151447 0.21427807 0.22631831 
-0.24946065 -0.1477742 -0.14499852 0.08886985 0.11453329 
-0.29247734 -0.22775607 -0.020514963 0.23756738 0.27558988 
-0.26688668 -0.19434427 -0.0968092 0.21509269 0.29398885 
-0.15324365 -0.29323104 0.02558838 0.15384506 0.2428409 
-0.20543104 -0.043246176 0.030034326 0.16326572 0.2414438 
0.010751559 0.12498438 0.034248825 -0.11533004 -0.16579214 
0.1431982 0.1125568 0.0944613 -0.1705719 -0.15650067 
0.14791486 0.05534754 0.012450339 -0.09453436 -0.1273022 
0.0407077 0.009113371 0.019852921 0.032915913 -0.21555991 
0.17825244 0.15925522 0.024570024 -0.060072508 -0.08571267 
0.0033680513 -0.03417797 -0.040911686 -0.1913063 -0.18187928 
0.03497563 -0.008398106 -0.05173045 -0.045598753 -0.12337954 
0.06390684 0.12541209 -0.11193443 -0.08396427 -0.11326341 
0.1514923 0.081442624 0.064080775 -0.045113597 -0.22447447 
0.017041013 0.07550318 0.102118544 0.064357795 -0.053365037 
0.18253402 0.088578016 -0.10823351 -0.18252465 -0.10527283 
0.2022295 0.03627504 -0.0627364 -0.07679445 -0.097089924 
0.033158477 0.16977032 0.008380318 -0.08435287 -0.08305411 
0.21514529 0.039207295 0.11847339 -0.14451161 -0.17042488 
0.19136573 0.016247114 0.05427749 -0.080718756 0.009238279 
0.102704816 0.13153453 -0.08459666 -0.011192019 0.1086341 
0.054740455 -0.041088257 0.008894995 -0.11443037 -0.014657765 
-0.03833244 -0.10496208 0.1049729 -0.039092075 -0.0778964 
-0.052170943 -0.0102133555 -0.04069215 0.03479092 -0.030047169 
-0.046153415 0.01167767 0.04052722 -0.0523871 0.019408666 
-0.0032100144 -0.051519375 -0.08648438 -0.03990148 -0.062861495 
0.12835534 -0.061192814 0.010570518 0.1021001 0.022119842 
0.022046272 -0.081942715 0.055686448 0.064836495 -0.083249085 
0.10104756 0.034357596 -0.074016474 0.09439379 0.10981035 
0.07312388 -0.101171575 0.020565689 0.0009973227 -0.07245822 
0.07809082 -0.026955372 0.01954392 0.05184402 -0.009266246 
0.118542686 0.00041005766 0.10063781 -0.105328456 0.08874976 
0.13292505 -0.09445827 -0.0057581305 -0.06702398 -0.10164555 
0.0344271 -0.09183082 -0.06102265 -0.023721494 -0.09553249 
0.02500703 0.03982063 0.0035889242 -0.10334671 -0.049932577 
-0.057931755 0.014975013 0.06579011 -0.045302235 0.022473086 
0.005143685 0.11291806 -0.09066877 -0.06426546 0.06325633 
-0.09894262 -0.07457213 -0.07850676 -0.05622822 0.0020527937 
0.09310236 -0.016377179 0.0014865681 0.008568457 -0.10214204 
-0.039052635 -0.061105754 -0.065159366 -0.090942316 -0.08350085 
0.0033834164 -0.062901795 -0.08046004 0.035750538 -0.060253713 
0.105180316 -0.024867507 -0.05490349 -0.046046134 -0.026139364 
-0.025350323 0.011367076 0.029737862 -0.026175922 0.11090901 
-0.07071494 0.020961063 -0.007215098 -0.08661339 0.06288454 
-0.0422659 0.076792784 -0.0963978 -0.0116388565 -0.03653192 
0.057924893 -0.027449494 -0.045145437 -0.022621084 -0.079111 
0.06805552 -0.0074724313 -0.069719404 0.11113999 0.080946274 
-0.023115238 0.095415354 -0.082743205 -0.08924201 -0.061305564 
-0.0005517546 0.09745304 -0.0013361664 0.009878773 -0.012256168 
-0.017284876 -0.030942064 -0.06223936 -0.0075168936 0.07689085 
0.101152614 -0.060785607 -0.03506493 0.025363915 0.056844823 
-0.019396534 0.08529027 -0.0012957458 -0.067787886 0.063639514 
-0.023309855 -0.023001926 -0.08183771 -0.011428152 -0.057795018 
-0.10243405 0.052314397 -0.0656668 0.10952027 -0.07229398 
-0.076687396 -0.012158209 -0.07549226 0.1259979 0.09978558 
0.018435404 -0.07281263 -0.058556356 -0.028999195 -0.075494625 
-0.063568965 0.023878722 0.05587932 -0.019353477 -0.00017690584 
0.023913505 -0.04814215 0.01014098 0.12312098 0.052818734 
0.034182988 0.024189847 0.021452516 0.03289338 -0.09776591 
-0.059354853 -0.10549564 0.10594602 0.045701295 -0.059806585 
0.07171505 -0.008812168 -0.013483695 -0.0445229 -0.09504145 
0.09766996 -0.09019022 -0.024039224 0.06571825 -0.12014144 
-0.056032494 0.057024166 -0.09275402 0.054153822 -0.021749957 
-0.089262985 -0.03281575 0.07782484 -0.030439962 0.008963266 
-0.0052651754 -0.05035212 0.07455637 0.12086469 0.09964837 
-0.007243862 0.025197506 -0.00083981315 0.02126756 0.036426254 
-0.0051655867 -0.047497205 -0.105413824 -0.09852641 0.071503825 
-0.17616317 -0.0069883643 -0.09269601 -0.069577396 -0.03313457 
-0.06361438 -0.0141105885 -0.071157835 0.029101962 -0.008561418 
-0.16612193 0.08677529 -0.05916713 0.13720046 0.045558427 
-0.14055678 0.07214212 -0.011297343 0.028137924 0.07734808 
-0.17376056 0.06082829 -0.11231892 -0.06184732 0.11644654 
-0.14914313 -0.12816997 -0.0024047417 0.035152916 0.12178426 
-0.09277984 -0.042087805 0.023048174 0.0030249846 0.03134911 
-0.16735035 -0.13279995 0.03420345 0.08325329 -0.04633018 
0.17458047 0.08100198 0.15123585 0.03220873 0.15748024 
0.0017069727 0.10051621 0.16152295 0.18383868 0.22678927 
0.057803366 0.1684073 0.0680574 0.20715062 0.012836328 
0.09885768 0.0425254 0.026873276 0.07806336 0.14011611 
0.05883438 0.10426965 0.00981609 0.040347416 0.061896775 
0.057962053 0.1473725 0.2479186 0.12133312 0.14232236 
0.12961172 0.10130463 0.2543664 0.2820635 0.16903374 
0.23063248 0.25088814 0.19519496 0.27525607 0.114335515 
0.2812695 0.35548636 0.3175382 0.27354974 0.10212802 
0.16844541 0.285789 0.2752994 0.32774022 0.18574631 
-0.19986482 -0.22127631 -0.04845884 -0.19026862 -0.27934086 
-0.16296236 -0.10913978 -0.08555457 -0.13172829 -0.31072903 
-0.25599572 -0.1139126 -0.25214866 -0.21751852 -0.25214237 
-0.21540563 -0.16542095 -0.23958753 -0.25751558 -0.20929308 
-0.17892696 -0.2241963 -0.12635267 -0.21375835 -0.037588973 
-0.025910275 0.09253383 -0.04216873 -0.046168387 -0.045575947 
-0.08827201 0.08543807 0.047496475 -0.028823223 0.030269658 
-0.0657674 0.0031558434 0.02370786 0.025346963 0.06476991 
-0.09183854 -0.02220303 0.062030997 -0.022582917 0.023335846 
-0.104701065 0.065607935 0.089968614 0.029727597 -0.037246972 
-0.04621076 -0.24823341 -0.21646723 -0.2187164 -0.11416431 
-0.00457423 0.019357048 0.01111545 -0.09105606 -0.048345048 
0.06740275 0.10194601 0.09671673 0.12769549 -0.027834477 
0.068485774 0.13032377 0.120136134 0.1848418 0.18832015 
-0.280516 -0.298502 -0.19290504 -0.10327319 -0.19622129 
-0.0683212 -0.11278536 -0.20577352 -0.044070702 -0.030620478 
0.01750614 0.003536264 0.12026822 0.09220338 -0.010303224 
0.22953165 0.22962612 0.13326935 0.06817289 0.23431836 
-0.014757871 0.15900446 0.13496324 0.123054005 0.012509961 
-0.25190976 -0.17847496 -0.16688548 -0.12961976 -0.1842712 
-0.21141839 -0.14132337 -0.20113933 -0.035770357 -0.13853836 
0.026197352 -0.11680337 -0.04401622 0.06823384 -0.11116579 
0.26800683 0.23312157 0.2221745 0.085943766 0.22176772 
0.24842814 0.20661992 0.25482607 0.07830578 0.19948322 
-0.0804333 -0.12152564 -0.2269604 -0.105027005 -0.10547465 
-0.05625743 -0.15739496 -0.032910567 0.08050755 0.03898905 
-0.41415337 -0.44832587 -0.52216226 -0.3319126 -0.28855056 
-0.20357741 -0.30465037 -0.3120404 -0.34889302 -0.33369958 
0.08757068 0.21772729 0.15012915 0.22857718 0.05575807 
0.3904565 0.40128148 0.49079046 0.45351335 0.47410995 
0.16035612 0.14375289 0.13972834 0.07010253 0.21156332 
-0.22900087 -0.24677545 -0.31250456 -0.31979498 -0.28453904 
-0.07334079 -0.1250968 -0.2890308 -0.2268386 -0.17686966 
0.08014202 0.10621859 0.16116293 0.2305102 0.1416668 
0.31931132 0.29346412 0.3679819 0.29723534 0.33926946 
0.1855572 0.2394226 0.14533465 0.109598614 0.035837024 
-0.18362409 -0.20911655 -0.20684248 -0.24973445 -0.19299027 
-0.14130646 -0.102015235 -0.12728919 -0.22948031 -0.11905396 
0.013446589 -0.07835902 -0.034330886 0.09695375 0.0092455875 
0.008074698 0.20031466 0.2397828 0.085108876 0.12205916 
0.08274475 -0.021238683 0.10001239 -0.08211705 0.14134346 
-0.13000485 -0.13019258 -0.075416505 0.11398324 -0.0046021454 
-0.13668597 0.015367104 0.08847967 0.03485017 0.16467308 
-0.118152365 -0.09400305 0.0565512 0.06973691 0.094846204 
-0.1467245 -0.054545067 0.08346932 0.042143144 0.042775005 
0.00018426956 0.07740116 0.03970239 0.01878733 0.04105651 
-0.037478622 -0.074250706 -0.039756667 0.047947984 0.059162702 
-0.073400445 -0.0006915003 -0.06987572 0.10744136 0.09720189 
-0.053507447 -0.10290092 -0.058488853 0.15192921 0.0377823 
0.028665336 -0.119777404 -0.039978243 -0.0073830136 -0.05419054 
0.040820383 -0.028098853 -0.02537002 -0.044312466 0.051311977 
0.021110024 -0.031209243 0.019472366 0.0030452248 -0.056193788 
-0.051769555 0.005197799 -0.05943005 0.016428512 0.07843865 
-0.16670686 -0.15212086 -0.07660185 -0.011447824 0.04196419 
-0.07369022 -0.0008669953 0.11648026 0.15191673 0.084347434 
0.07339307 0.20288469 -0.0046365215 -0.1821475 -0.19818036 
0.1967878 0.15240142 0.004510066 -0.022507695 -0.105430864 
0.14851014 0.18328847 -0.05277327 -0.21052636 -0.05597076 
0.17141628 0.07897639 0.08158415 -0.19172308 -0.07737044 
0.07222168 -0.0287383 -0.11345463 0.028562365 -0.1283757 
0.15525982 0.2018615 0.05472428 -0.038091507 -0.25790116 
0.17652845 0.0044693686 0.03739119 -0.20744984 -0.23642485 
0.14138624 0.07207475 0.042052608 -0.15246387 -0.2218387 
-0.011472789 0.032611493 -0.11529582 -0.21063052 -0.02978155 
0.17307301 0.0075192717 0.026390359 -0.082699046 -0.03674387 
0.017831907 0.17952651 -0.034914438 -0.14141709 -0.124877416 
0.09270758 0.19905786 0.09977614 -0.08233302 -0.24961516 
0.14117694 0.15704334 0.10621219 -0.117257655 -0.1882741 
-0.0036525948 0.109741665 0.05421752 -0.17647253 -0.10625 
-0.014459498 0.084965385 0.090361916 -0.0790614 0.0064557786 
0.14979474 0.02394419 -0.024213435 -0.016649988 -0.02774995 
0.081627645 0.027141003 -0.07178316 0.042188805 -0.020266453 
0.18910545 0.10647113 0.09437349 0.110487655 -0.054992367 
0.13861535 0.14993612 0.1389273 -0.026233925 0.131217 
0.16717772 0.06646959 0.049226254 0.115858704 0.03581716 
0.12673092 0.088213265 0.07202307 0.025526064 -0.049279038 
0.009007188 0.07523293 0.0035989739 0.011457908 -0.085535035 
-0.08775243 -0.03446761 -0.07824554 -0.16728024 -0.011335498 
0.07900085 -0.0029687174 0.012143239 -0.11697626 -0.0662204 
0.0071130483 -0.032494124 -0.09215414 0.067159235 -0.040592816 
0.08289916 0.047712665 -0.06768507 -0.09860891 0.093298934 
-0.02545563 -0.04312279 -0.10153557 0.034191642 -0.008764571 
0.1016099 0.011401853 0.06017848 -0.07665886 -0.07280723 
-0.10798424 0.036067735 -0.17278041 -0.11409798 -0.02971454 
-0.024627062 -0.08581152 -0.07294241 -0.14074944 0.00043929438 
-0.061749075 -0.008714735 -0.02931311 -0.07904581 0.06501077 
-0.2120274 -0.21809195 -0.020800035 -0.05627409 -0.025954403 
-0.23696607 -0.04631235 -0.17086765 -0.03633673 -0.09943553 
-0.27175274 -0.13253513 -0.03518314 -0.17507125 0.01998852 
-0.107787356 -0.13265322 -0.10474378 -0.056692686 0.0011374599 
-0.14196683 -0.08272909 -0.0072463276 -0.026224097 0.008435318 
0.017342359 0.048769187 -0.03800197 -0.011374991 -0.024359839 
-0.074154206 0.012590578 -0.072637655 0.09002562 -0.05539978 
-0.12822728 -0.05905516 0.07902797 0.0534558 -0.034530584 
-0.02546987 0.07324282 -0.017905787 -0.09213837 -0.019274358 
0.06222955 0.23486662 0.16908213 0.04391518 0.108073905 
0.115740955 0.23119867 0.20367683 0.1922767 0.22673085 
0.016495124 0.14617276 0.20923127 0.1977264 0.039434895 
0.078954235 0.23172413 0.1616095 0.20150419 0.2590123 
0.08616379 0.18557972 0.19869807 0.20945852 0.16727366 
-0.09754139 -0.132377 -0.21103807 -0.10127176 -0.020838812 
-0.17689027 -0.053753845 -0.051690117 -0.07027126 -0.2261774 
-0.1917263 -0.09205379 -0.15958655 -0.2280045 -0.0883412 
-0.23111305 -0.23476075 -0.27767754 -0.076794475 -0.10047773 
-0.33527607 -0.27014005 -0.15937786 -0.07517501 -0.092982404 
-0.077692665 0.03036231 -0.07441818 0.05382521 0.02324659 
-0.015168211 -0.09628929 0.09608022 0.012488061 0.09700308 
0.085836545 -0.040424056 -0.016185174 -0.10208735 -0.11776407 
0.0060689477 -0.026307484 0.019812733 -0.08955671 -0.0050695245 
-0.05741934 0.054716576 -0.06925105 -0.12890664 -0.011390314 
0.065954946 0.0073414734 0.20921102 0.030398406 0.17423044 
0.15922432 0.20846097 0.016106533 0.18612778 0.026785132 
0.087081544 0.26823768 0.17282735 0.1234955 0.057804022 
0.25209993 0.17969014 0.2336854 0.061207857 0.19151743 
0.13792449 0.2068596 0.17513923 0.16355127 0.12884158 
-0.0422154 -0.17927101 0.083978936 0.06897517 0.068536155 
-0.0028278017 0.054845672 0.032191884 -0.09425345 0.016178718 
-0.13782264 0.07878062 0.019416228 -0.09971707 -0.016027838 
-0.035514854 -0.021740537 -0.032170527 0.12907407 -0.13891673 
0.06909745 0.07414053 0.11614303 -0.01794438 -0.04508634 
0.12717342 0.20710246 0.21161692 0.2214468 0.2896578 
0.16334589 0.2853812 0.29333094 0.27765808 0.25424644 
0.0137852365 0.27986473 0.33291718 0.23556992 0.17106587 
0.25187916 0.28434503 0.39456207 0.31453753 0.26563495 
0.23803662 0.27564058 0.29096982 0.24852037 0.2382499 
-0.3130116 -0.3575575 -0.24860407 -0.25567457 -0.26648545 
-0.40779176 -0.17234837 -0.11990234 -0.114237554 -0.22499037 
-0.34617957 -0.35318276 -0.115115896 -0.25877562 -0.23808707 
-0.4287872 -0.39180043 -0.20455718 -0.15387307 -0.31340536 
-0.49503475 -0.36208656 -0.15183116 -0.2916418 -0.2059135 
-0.0021943122 -0.11742009 -0.12112844 -0.045623094 0.025881251 
-0.12250895 -0.06612274 -0.1013598 -0.016350217 -0.037474524 
-0.07196567 -0.1339822 -0.13638917 -0.060977213 0.017626973 
-0.09416182 -0.101167604 -0.050299704 -0.062116746 0.007147875 
0.10796382 0.15542099 0.19244838 0.195952 0.18740842 
0.23123638 0.053852882 0.13513191 0.12784958 0.04329037 
0.084359296 0.1984739 0.072008274 -0.01459296 0.17706288 
0.0956968 -0.00919594 0.13663557 -0.058483437 0.048261534 
0.077865504 -0.07269962 0.14585567 0.060388986 -0.020647826 
-0.12776472 -0.043086633 -0.0573435 -0.05122653 0.101112634 
0.13202244 -0.032834675 -0.04752427 0.11131307 0.012338723 
0.1114976 0.042284384 0.16341026 0.14452393 -0.017690537 
-0.0012606604 0.09613669 -0.02333864 0.11200176 0.09959836 
0.10516476 0.18577133 0.03787281 -0.015376902 0.034733944 
0.024464173 -0.09321651 -0.024186576 0.030529615 0.08766529 
0.3411524 -0.053408712 -0.2335477 0.003871958 0.008749229 -0.11481258 0.008534004 0.0072048707 -0.014055002 -0.05998778 -0.062986836 -0.44661567 -0.26834953 0.129022 -0.13965231 -0.037561595 -0.008824499 -0.25162914 -0.2978477 0.62470186 0.4319868 -0.24492769 
-0.037198465 0.04564738 -0.042733815 
0.008960224 0.024585417 0.027789516 
0.012898897 -0.032824755 -0.0038834396 
-0.04542542 -0.027958456 -0.011321577 
0.088235945 0.0006585341 0.06334285 
-0.014050631 -0.042560034 -0.06640017 
0.0569668 0.03677424 0.018408827 
0.0069689634 -0.059413593 -0.011441273 
0.015065881 -0.006690179 -0.08553888 
-0.0011141828 0.004301064 -0.05603712 
-0.012695625 0.039412096 0.046742357 
0.037677392 0.027934004 0.094074465 
0.07937868 0.03188502 -0.11982587 
-0.016536236 -0.044182092 -0.094926186 
0.10828056 0.025019692 0.04101635 
0.021552956 -0.025768494 -0.045629367 
-0.05936869 -0.069137156 -0.05048519 
0.006977021 -0.0052214516 0.06786606 
-0.0038537907 0.035806697 0.13030645 
-0.05877159 0.08085282 0.020041535 
-0.004397844 0.02910272 0.10236718 
0.008818223 0.07100645 -0.004687072 
-0.028850682 -0.005866184 0.07395107 
-0.042679895 0.042287525 0.0050455634 
-0.065187246 0.0029939585 0.042183742 
0.025905197 0.059464253 -0.01871368 
-0.02878881 0.06790331 0.014924652 
-0.0076828087 0.010724061 -0.021355001 
-0.0331942 7.326304e-05 -0.025795229 
-0.0620569 0.050585676 -0.05070428 
0.0052669854 -0.025710635 -0.060938653 
-0.035699468 -0.010691863 -0.012482071 
0.05319362 0.013924747 0.0710481 
-0.062982045 -0.08349357 -0.05471561 
-0.00652872 0.038779095 -0.0014702199 
-0.04144623 -0.041549165 0.016631434 
0.030957567 -0.026848136 0.0044317427 
0.046148717 0.0026313611 0.044393983 
-0.025117131 -0.03928529 -0.09051257 
-0.013757479 0.057327718 -0.035995286 
0.010314073 -0.051919162 -0.051013358 
-0.036457673 0.0062914756 0.06574972 
-0.0033491142 -0.09967217 -0.10166043 
-0.0045521464 -0.0068451683 -0.05602449 
0.048309132 0.043833215 -0.07075956 
-0.08770903 -0.022182237 0.039090082 
-0.05467156 0.0017874407 0.026179299 
0.048179127 0.049722508 -0.00089353975 
0.003868768 0.077554986 0.019658243 
0.01565615 -0.015533194 -0.015532219 
0.057405155 0.048651293 0.034258053 
0.03874653 -0.06396246 -0.022509538 
0.0656566 0.053068995 -0.001449084 
-0.025120523 0.0567401 -0.03336932 
-0.09732776 -0.10231275 -0.06394951 
-0.07302206 -0.099881075 -0.023267988 
-0.07278466 -0.022748556 -0.04452517 
-0.082241036 -0.048227265 -0.09432012 
-0.08132797 -0.026162185 -0.100849934 
-0.09496344 0.009348277 -0.02962118 
0.031876426 0.04054717 0.07868159 
0.06630065 0.09341819 -0.06193027 
0.10500929 0.07058605 0.06284519 
0.0033855194 -0.028991481 -0.06460132 
-0.050126307 0.03281774 0.054862052 
-0.06377286 -0.027751718 0.002576385 
0.081503786 0.13594183 0.13217232 
0.004445074 0.03260687 0.025686275 
-0.03879932 -0.06473294 -0.11358792 
0.03862471 0.057331093 0.058201108 
-0.00022895174 0.019652886 0.0332185 
0.0129983695 0.05946597 0.05822317 
-0.06047861 -0.06466949 -0.026635215 
0.038863316 0.007642571 -0.020753993 
0.027329504 -0.02693483 -0.0029281767 
-0.0075196563 0.057267047 0.099647194 
0.042475067 0.036330096 0.059162427 
0.023428453 0.068915315 0.12565356 
0.08789899 0.061382763 0.13609347 
0.03356836 0.08600399 0.060407143 
0.11598325 0.02803295 0.13621645 
0.0017276658 -0.04313433 0.026439182 
-0.049477953 0.0558696 -0.024998715 
-0.04545551 -0.025218405 0.01925815 
-0.09404263 -0.100044675 -0.13713107 
-0.13548477 -0.19672242 -0.15239207 
-0.1543852 -0.20358954 -0.20001818 
-0.015745142 -0.09709544 -0.1551063 
0.010295077 -0.052853376 -0.14279804 
-0.01166081 -0.07609683 -0.09884861 
0.04900983 -0.06738645 -0.0053373524 
0.02954706 0.034861952 -0.0026984867 
0.03471789 0.03727396 -0.038715377 
0.022917889 0.05664422 -0.05942423 
0.045195065 0.028759087 -0.026082069 
-0.013552602 0.05088901 -0.07005601 
-0.014494031 0.03889514 -0.03451342 
-0.04300884 0.02605844 -0.03683258 
-0.032474022 -0.038540658 -0.026615357 
0.06085369 0.1250367 0.06952487 
-0.08651108 -0.058699705 0.008366688 
-0.041828938 -0.032446094 -0.025244953 
-0.18275174 -0.1690454 -0.11330977 
-0.042219497 -0.049451143 0.053937845 
0.14649354 0.12968315 0.07100004 
-0.0119371675 0.0886592 0.04119557 
0.028712202 -0.04537672 0.0054055625 
0.011725504 0.09498348 0.010830851 
0.028664576 0.052378654 0.088745855 
0.13382563 0.00623704 0.078191645 
0.014790571 0.056240376 0.054922596 
-0.00538525 -0.034584444 -0.07099993 
0.03702702 -0.08771148 -0.008886807 
0.020681607 -0.06351137 -0.037456397 
-0.02916257 -0.12956719 -0.117737874 
-0.0017203992 -0.024697397 -0.14299706 
-0.0005817848 -0.050567277 -0.13701245 
0.028284976 -0.038028944 -0.049580727 
-0.0114665255 0.0008382089 -0.0041708252 
0.1236309 -0.002049726 -0.014943017 
0.051922824 0.12278954 0.11006205 
-0.11465068 0.06964477 0.05183896 
-0.13892546 -0.057177946 -0.16242978 
-0.027755024 0.066027954 0.078326255 
-0.007743809 0.016904103 -0.026343394 
-0.03316715 0.0076650153 0.023844682 
-0.18269606 -0.22433668 -0.1719586 
0.08762847 -0.0006183182 -0.004660707 
0.13466008 0.13057408 0.19956385 
0.19541489 0.22568822 0.24585095 
0.032183845 0.16298568 0.059680916 
-0.10037723 -0.1667047 -0.1699671 
0.0030235746 0.010020627 -0.0564263 
-0.020624915 0.031189447 0.008760192 
0.05844183 -0.03794185 0.08136342 
-0.013591377 -0.037625264 0.082847685 
-0.0164334 -0.044762015 0.027817667 
0.009266222 -0.021106001 -0.056217894 
0.071515255 -0.04308255 0.09321921 
-0.010363587 -0.013688584 0.033022307 
0.035296913 0.013679109 0.050076593 
0.011846766 0.057801504 -0.047534984 
0.017702391 -0.084431045 0.014062228 
-0.0072497474 -0.060154192 -0.08328663 
0.027737182 0.13317595 0.13415262 
0.093621865 0.071346864 0.006553772 
-0.042860795 -0.0374161 -0.08185145 
-0.058523584 0.019700332 0.06496679 
0.018422812 0.023020355 -0.060526155 
0.028397582 -0.03494304 0.058394562 
-0.016172124 -0.0012287997 0.051333632 
0.073904395 0.008871905 0.05694283 
-0.01442016 0.025808658 -0.00015444608 
-0.047606315 0.075556256 0.03910988 
-0.028648486 -0.01447486 -0.0539607 
0.002427837 0.06121828 -0.024657063 
0.06776266 -0.023929518 0.060884282 
-0.06752274 -0.059652843 -0.05368528 
-0.00087885675 -0.0065327687 0.01099586 
0.024385715 -0.070845075 0.020595117 
0.049062513 0.03211481 -0.01348037 
0.029445415 -0.065742455 0.03420775 
-0.02953713 -0.0024106463 -0.023662217 
-0.03158836 0.06408389 0.023734523 
0.019640177 -0.04016912 -0.00033481323 
-0.07269629 -0.00094075425 -0.047429822 
0.025868481 -0.07098989 -0.0036645168 
-0.04847339 0.041959587 -0.058865257 
0.025152195 -0.040951613 0.036267303 
-0.052893244 -0.06261199 -0.020899164 
-0.06237038 -0.015378699 0.0027994085 
0.014841513 0.103513114 -0.026202759 
0.0045777177 0.016661342 -0.047711357 
-0.08436954 -0.027430579 -0.053214524 
0.06742919 0.084079474 0.0958784 
-0.06273832 -0.040506374 0.045235626 
-0.02664 0.015462032 -0.006421515 
0.04511358 0.0439661 -0.034070347 
0.011718625 -0.053172708 0.006609898 
-0.041010056 0.072314896 -0.06065332 
0.06448981 -0.031575747 0.01726115 
0.083814606 0.08994183 0.059362967 
0.07335389 -0.037912037 -0.0533729 
-0.032501146 -0.028758308 0.03223295 
-0.05824202 0.01928236 0.03206755 
-0.044014174 -0.026448185 -0.055057347 
-0.034275196 0.0744535 0.03746816 
-0.022232888 -0.029215448 -0.048060402 
0.023474267 -0.012487225 -0.018740918 
0.041588675 -0.015097334 0.04453068 
0.075836174 0.028841024 0.0725664 
-0.046540346 0.0052708946 0.04249848 
-0.009104577 0.096661106 0.092208445 
-0.036341578 -0.05600539 0.061990306 
-0.029161233 0.028727181 0.07687832 
0.011906636 0.014973798 -0.023199804 
0.046045247 0.05778569 -0.006010403 
0.0051234667 0.04909029 -0.025567414 
0.05811123 0.06902824 0.0066587282 
0.030356819 0.064135954 -0.05756184 
0.02636804 0.08869549 0.07078992 
-0.2854655 -0.24120057 -0.2597365 
-0.33626452 -0.32638255 -0.25190994 
-0.23328851 -0.29132646 -0.21529214 
0.022967855 -0.10722586 0.008652368 
0.004482135 -0.102933206 -0.0843906 
-0.06077783 0.018000353 -0.055207588 
0.034660906 -0.07944305 -0.10780311 
-0.090746485 -0.00623012 -0.1124087 
-0.040094875 -0.08690017 -0.11409581 
0.04386503 0.029810803 -0.039720904 
-0.05713732 -0.024900243 0.003710444 
-0.005092935 -0.033966325 -0.07421761 
-0.066752665 -0.024216365 -0.020048378 
-0.039389007 -0.017227225 -0.029637907 
-0.024051595 -0.01585186 0.05020878 
0.06832593 0.045097638 0.058806647 
0.018367967 0.037148397 0.01209419 
-0.035757452 -0.04557287 -0.055055834 
0.04749129 -0.012368309 0.093918234 
-0.05606109 -0.03441079 0.06702093 
-0.016573617 -0.024233738 -0.035887852 
0.062397074 0.031146906 0.0348717 
0.04080462 0.017108142 0.031963997 
-0.062081814 0.045969103 -0.062004425 
0.056121603 -0.03608065 -0.017896937 
0.031603973 0.04744129 -0.04067835 
-0.008018062 -0.06752524 -0.024583543 
-0.017504012 -0.04995704 0.016483122 
-0.038156547 -0.07907174 0.029408863 
0.03574774 -0.016295966 -0.07702689 
0.012446135 0.09947821 -0.010661269 
-0.086308256 -0.034090642 0.028361095 
-0.015761377 -0.08439408 0.052418537 
0.056937978 0.05723728 0.03648842 
0.011787246 -0.07424694 -0.07288341 
-0.03100878 0.03578514 -0.0318825 
-0.12265855 -0.09031953 -0.10499091 
-0.16650333 -0.15333012 -0.08133618 
-0.17646821 -0.099601336 -0.12217465 
-0.24241596 -0.3339249 -0.31149024 
-0.3071334 -0.2802844 -0.36030135 
-0.36015943 -0.28639835 -0.30221906 
-0.110207446 0.059570335 0.04267349 
-0.07084136 -0.04083567 0.028198224 
-0.03023389 0.053996913 0.0018272952 
0.045763157 0.027582875 0.04599922 
-0.030378062 0.006243474 0.04017097 
-0.03195106 -0.07183669 -0.02351339 
0.10758928 -0.012129101 0.045791708 
0.06760154 0.039596632 -0.0073492266 
-0.01056452 0.068781085 0.054380927 
0.0044913576 0.13564515 0.0652524 
-0.030646656 -0.02397416 -0.06702477 
-0.025824387 -0.12301152 0.015810521 
-0.08892148 -0.036237545 0.028547602 
-0.08819378 0.021365574 0.072887085 
-0.032100514 -0.01773716 0.014177561 
-0.05336495 -0.08564945 -0.13353927 
-0.036815785 -0.012372944 -0.06708934 
0.15254992 0.1413524 0.14653145 
0.08683227 0.0681013 0.004524569 
-0.005301219 0.017644761 -0.017851101 
0.053918023 0.11997725 -0.026922941 
0.058498025 0.023451464 -0.10048992 
0.011305485 -0.022635473 -0.0810225 
-0.048860505 0.07097725 -0.06276485 
-0.105476245 0.019017648 -0.08363103 
-0.033810683 -0.04700419 -0.069290936 
-0.09743047 -0.098690495 -0.026860677 
0.052385677 -0.0107884845 -0.06344554 
-0.0526694 -0.058343764 -0.037418503 
-0.035833076 0.03714611 0.028586246 
-0.03763708 -0.040772628 -0.0008340799 
-0.091396354 0.04386305 -0.07922947 
-0.04636575 -0.080085084 -0.040607784 
-0.04396382 -0.07537204 -0.03160454 
-0.030960277 -0.0466384 -0.0552723 
-0.15468465 -0.099097066 -0.06802674 
0.01754783 -0.06013543 0.026967324 
-0.048460342 0.0648232 0.049873475 
-0.03465731 -0.019027 0.03675018 
0.011651447 0.112299785 0.092634045 
0.12672578 0.044067144 0.009290821 
0.122335635 0.13644195 0.05739338 
0.0715637 0.031813048 0.051690213 
0.07103753 0.02097645 0.029995728 
0.031096185 0.08858516 -0.020631166 
-0.05699874 0.054545093 -0.015430017 
-1.0199661e-05 0.018414691 0.028685616 
0.021539075 0.029707735 0.058708712 
-0.06994809 0.052556437 0.014360322 
0.00937431 0.019617675 -0.013950613 
0.016676458 -0.0549039 0.0037659968 
0.0017477073 -0.016965508 -0.019214362 
-0.03423231 -0.0509547 -0.032614723 
0.008600299 -0.041537363 0.0014644938 
-0.06921139 0.061899427 0.006530141 
-0.01192754 0.024823003 -0.0727313 
0.022196108 -0.076908164 -0.072456114 
0.049583096 -0.0768752 0.033906657 
-0.04339705 0.008053613 -0.074801706 
0.0067518773 0.068897605 -0.05570971 
-0.08125399 -0.17825945 -0.08608333 
-0.09088483 -0.069826104 -0.065368086 
-0.17214929 -0.13000315 -0.071253024 
-0.05655853 -0.15159799 -0.16167693 
-0.13802363 -0.0728198 -0.1363523 
-0.15256327 -0.12314283 -0.0070730154 
0.01836531 -0.016562454 0.04752378 
-0.0076921997 0.05377168 -0.022465551 
-0.0073425015 0.0032481896 0.009916023 
0.10642942 0.048953872 0.032960936 
0.022495227 0.027922431 0.01800428 
0.056299068 0.062685765 0.030293118 
-0.008918201 -0.06299133 -0.008401674 
-0.0246752 -0.075844906 -0.09434753 
0.095486976 0.06495041 0.031501286 
0.01099042 0.036083248 -0.00024817465 
-0.14958534 -0.03573913 -0.012055211 
-0.06370109 -0.06283995 -0.13533413 
0.03258763 -0.089457974 -0.0048063574 
-0.11525831 -0.09609144 -0.13888235 
-0.11539212 -0.21482389 -0.12393829 
0.07980752 0.028208762 0.089808725 
0.04482839 -0.008019464 -0.08139711 
0.15335822 0.16087605 0.16474845 
-0.008087179 -0.05962125 0.06715126 
0.04540004 0.055133913 0.0324394 
0.16085072 0.15280221 0.123260036 
0.05995017 0.008602878 -0.010823163 
0.048215047 0.07294058 0.017442632 
0.09648679 0.093381226 0.019414624 
0.07724714 0.014506281 -0.027638383 
-0.050080884 0.0988744 -0.008509795 
-0.027572164 0.024732336 -0.007259557 
-0.063594565 -0.029487703 0.029090263 
0.014591958 -0.0009559174 0.054049842 
-0.014415947 0.050994504 -0.07072906 
-0.09637138 -0.065628745 -0.06775929 
-0.05796066 -0.00065164216 0.01281156 
-0.048854746 -0.056045175 -0.041093517 
-0.08424458 0.042493407 0.072310664 
0.0054330453 0.008294548 0.01727113 
0.004518011 -0.0056512784 -0.05603428 
-0.003916315 0.017291905 -0.034440298 
-0.036437236 0.052983616 0.011877582 
0.0114879375 -0.0128075695 0.007013438 
-0.12078092 -0.05599045 -0.012663259 
-0.14086011 -0.066266686 0.0783704 
-0.003605202 -0.02338955 0.017780906 
0.045654047 0.039812732 -0.063486144 
-0.035802614 0.0012274983 -0.029173302 
0.034882568 0.080429666 -0.026847629 
-0.046628643 0.06685876 -0.054581065 
-0.0404062 -0.009391726 8.583236e-05 
-0.07179436 -0.05280662 0.058065634 
0.014446945 -0.00092862244 0.024187038 
0.04009223 -0.037410405 -0.0579789 
-0.05724221 0.023118457 0.0023749175 
-0.022728862 -0.050522715 -0.06944956 
-0.052654196 -0.059163164 -0.0034160716 
0.067977294 -0.029614529 -0.010760927 
0.10098458 -0.04324793 0.04363942 
-0.005385265 0.030345932 -0.030075835 
0.08571322 0.007530899 0.019490007 
-0.14595583 -0.1434437 -0.033433836 
-0.19351164 -0.12073685 -0.041926138 
-0.10890384 -0.03877949 0.030097358 
0.100745164 0.013646141 -0.082987495 
0.07866572 0.03339436 -0.079119794 
0.16670085 0.03817122 0.059135243 
0.15592194 0.0020499234 0.0100735575 
0.07289278 0.14397472 -0.042803098 
0.12212016 0.10006465 0.0320916 
0.035171967 -0.075884804 -0.0059639965 
-0.08482599 0.015992714 0.027732683 
-0.03431542 0.004078836 -0.001978804 
-0.100160494 -0.099557824 -0.10536472 
-0.020952791 0.015869452 -0.14655113 
-0.053296436 0.026491454 0.028030632 
-0.108823895 0.019053822 -0.05512325 
-0.17357299 0.0015450467 -0.06125146 
-0.12831774 0.010683862 -0.012494289 
0.109262355 -0.0020927866 -0.06777179 
0.14466026 0.03072125 0.0057415306 
0.2920421 0.14973405 0.0028909196 
0.09919047 -0.0682113 -0.10065165 
0.21556531 0.11718787 0.023108771 
0.36250797 0.15208213 0.09946998 
-0.31287825 -0.20891233 -0.08615994 
-0.3112602 -0.21085186 -0.11897398 
-0.23334523 -0.22027643 -0.090317234 
0.04722858 0.01800399 0.025313225 
0.057586595 -0.028206557 0.028855965 
0.08778127 0.099865265 -0.0357231 
-0.07216482 -0.0739129 -0.03924773 
0.014153742 0.0010534149 -0.018228956 
-0.030699419 -0.007721104 -0.029182315 
0.0030572729 0.01261599 -0.06300624 
0.0011120024 0.04552017 -0.07128456 
-0.07148783 0.038356364 0.013565264 
-0.040504307 -0.052879445 0.011188189 
0.009440886 0.044562858 -0.05030117 
-0.05289836 0.023586398 0.0377676 
-0.068832256 -0.057149507 -0.049853176 
-0.030652262 -0.05713364 -0.014854289 
0.048759367 0.023011241 -0.021533178 
0.058575463 0.060611136 -0.054156654 
-0.035965513 -0.049271017 -0.04901145 
0.036486488 0.06171784 -0.06621735 
-0.04537182 -0.04211757 0.047184676 
-0.0634293 -0.03638881 -0.008877645 
0.010452105 0.035578296 0.051395796 
-0.029786121 -0.019981243 -0.058326025 
0.037122678 0.07277468 0.06443713 
0.061972857 -0.0022565923 0.06281347 
-0.019032326 -0.035493802 -0.003713068 
-0.0038366425 0.046465248 -0.0042451737 
-0.028351959 0.021620372 0.056997843 
-0.022200208 0.050053015 0.032987274 
-0.025524013 -0.021226512 0.004575358 
0.005142102 -0.047334865 0.0453332 
-0.0036388652 0.052874494 -0.042774662 
-0.017065322 -0.010868939 -0.06042631 
0.046117462 0.0010642009 -0.022600248 
0.0010924323 0.047488183 0.06079148 
0.041201245 0.053305317 -0.022764023 
-0.008104358 0.047291275 -0.041129738 
-0.0028414717 0.047488645 -0.05791942 
-0.00431585 -0.05476089 -0.05231706 
-0.05831405 -0.039796636 0.0024362246 
0.04561414 -0.067535445 -0.032952897 
-0.016193666 -0.01590028 -0.047259107 
-0.022328805 0.014173675 0.060862407 
0.029491445 0.021222755 -0.041900784 
-0.014233871 0.034861796 0.06331696 
-0.04209261 -0.03926761 -0.015963472 
0.033645727 0.020367594 -0.018946601 
0.014949799 -0.016297743 0.042062912 
0.027294489 0.064222485 -0.056823388 
-0.03473262 0.007851849 0.008063777 
-0.058526907 -0.06150095 0.009390702 
0.054851085 -0.008621496 -0.011074255 
-0.0112764845 0.0686217 -0.040540524 
0.016657617 -0.064457245 -0.013300183 
0.01634374 -0.0526271 -0.03238228 
0.068710096 0.025377918 -0.018852133 
-0.06474878 0.012560564 0.016779497 
0.014858356 -0.016982328 -0.013780731 
0.06042471 0.06578788 -0.03202734 
-0.006356286 0.06820239 0.023891998 
0.021249535 0.04109662 -0.0051176385 
-0.025352595 0.052603412 -0.0050721234 
-0.0068986276 -0.06762787 -0.006463483 
-0.028940901 -0.0608301 0.041636895 
0.038689047 -0.06326871 0.0032636838 
-0.04382227 -0.053756837 0.049142778 
-0.016009318 -0.07177022 0.016607208 
-0.0334082 -0.03367309 -0.062910825 
-0.039636683 -0.013443723 0.046468616 
0.0122032715 -0.006465769 -0.061842624 
0.024118435 0.0998385 0.057400316 
0.1863449 0.1276823 0.14240927 
0.1773586 0.15243411 0.10480972 
0.01170855 0.02478078 0.01659335 
0.024410313 -0.046215326 0.04530207 
-0.016889786 -0.08364044 0.010057306 
0.0094795 -0.028448917 0.04031702 
-0.05603732 -0.081324436 -0.03793826 
-0.0058108624 0.015851807 0.0058030677 
0.109136224 0.0998029 0.050866935 
-0.028756736 -0.040111415 0.004684577 
0.09196587 0.04076885 0.1314237 
0.08637381 0.08723367 -0.017585702 
-0.058444325 -0.06594065 -0.042312227 
-0.024854783 0.072822064 0.08987689 
0.06309678 -0.018255144 -0.029919736 
0.05586602 -0.0615107 0.02172359 
0.026356354 -0.046456423 -0.040994447 
-0.03680018 -0.08581874 -0.08131733 
-0.13622282 -0.1502766 -0.1257277 
-0.06675425 -0.19597971 -0.0456175 
-0.030305048 0.011414937 -0.09060598 
-0.07278699 -0.07311194 -0.07953663 
0.020647602 -0.15091148 -0.07697772 
0.056077812 0.049393494 -0.047430452 
-0.0145198135 0.03983515 -0.010966445 
-0.050470714 -0.049280133 0.017966975 
0.06357691 -0.059310418 0.013786199 
-0.04485529 0.020556642 -0.061980996 
0.021164436 0.059986595 0.03088058 
-0.06726936 -0.023387 -0.06929424 
0.05399113 0.032167975 0.022186764 
-0.060034372 -0.08929945 -0.018141244 
-0.12760021 -0.114491604 -0.13214839 
0.0053019943 -0.06772759 -0.02054918 
0.020459257 -0.01392591 -0.021214662 
-0.10882566 -0.025228424 -0.03263605 
-0.2064934 -0.20112467 -0.13541925 
-0.23738919 -0.21604176 -0.1419823 
0.10994192 0.073372506 0.16098909 
0.03307595 0.12954956 0.09736424 
0.101273365 0.04165573 0.013306178 
0.029986072 -0.048130468 -0.014396965 
-0.021707267 -0.0272874 0.0433204 
0.071363986 -0.02580632 0.027910007 
0.03984097 -0.00392621 -0.0067302887 
-0.0575408 0.014845423 0.04183562 
-0.045826394 0.050340567 0.06398675 
0.013822993 -0.060775924 -0.070362225 
-0.039320294 -0.060775585 -0.05224612 
-0.06127132 -0.02444513 -0.03878171 
0.044624273 -0.05304398 0.058070693 
-0.06312125 -0.084191255 0.010064584 
-0.03451037 -0.034665696 -0.02954325 
-0.15233625 -0.09256143 -0.059445113 
-0.033861775 0.0045213634 0.016294865 
-0.003827099 0.074633814 0.04857217 
-0.024037424 -0.011566478 -0.13716483 
0.10476164 -0.0076998924 0.06312486 
0.19846195 0.20265637 0.05008597 
0.23253483 0.30366585 0.21500468 
0.116836265 0.14255266 0.12649108 
-0.04759543 -0.0072219972 -0.019340742 
-0.05606966 0.032777134 0.053499065 
0.09384861 0.11849027 0.11361738 
0.13802975 0.07804487 0.1735019 
0.10195404 0.116462804 0.12760934 
-0.0066577727 -0.006320007 0.036608856 
0.007915591 0.08181471 0.056620944 
-0.0049917586 -0.03177323 -0.10591537 
-0.014433934 -0.011260568 -0.05266444 
-0.01461282 0.05643188 -0.045873493 
0.04654533 -0.04363828 -0.069147155 
0.025108054 -0.0019235745 -0.06009374 
0.0150480345 0.02045329 0.05530353 
0.025263878 -0.004211655 -0.019696087 
0.02982068 0.028622298 -0.055158123 
-0.052491836 -0.020419676 -0.059949815 
-0.055668663 0.005758131 -0.111078985 
-0.019560665 -0.028594801 -0.036415666 
-0.039740324 0.003110831 -0.11300426 
0.05993352 0.0197704 -0.0103616165 
-0.038461745 -0.03284108 0.038141012 
0.03860403 0.050316438 0.035603788 
-0.14534667 -0.062418908 -0.13779053 
-0.13021639 -0.08272764 -0.03756608 
-0.17056671 -0.14593004 -0.23762868 
-0.015837377 -0.032181177 -0.019488158 
-0.030701144 -0.07766332 0.036549702 
-0.011108374 -0.04903064 0.024075247 
0.027925763 0.047217492 -0.06516983 
-0.029993666 -0.0072736526 0.02563226 
-0.054528005 0.041529737 0.014183316 
0.0057997564 -0.04524914 -0.06946754 
0.036931828 0.015300698 -0.062828526 
0.058851294 0.05644453 -0.046622172 
0.035837084 -0.055274613 0.002576772 
-0.0031242315 -0.05756917 -0.074882135 
-0.059942357 -0.0068112807 -0.030845385 
0.010977021 -0.065487206 -0.022090167 
0.012208715 -0.08989478 0.0040257555 
0.0351348 -0.03359806 0.09199011 
-0.068687394 -0.0025494583 -0.083081484 
0.066797934 0.026872888 -0.011804864 
0.13253835 0.20414183 0.16977982 
-0.02152493 -0.05781988 -0.047994386 
0.06246481 -0.024644768 0.06840517 
-0.036884543 0.02727846 -0.037601337 
-0.0006883749 -0.06626319 -0.04915127 
0.001636819 -0.06913789 0.003024157 
0.0028209076 0.055879466 -0.12531312 
-0.0067567388 -0.05529117 0.048402127 
-0.02844254 -0.025937267 -0.03137114 
0.043601017 -0.0733481 -0.004044557 
-0.026548916 0.057541944 0.02235773 
-0.07918291 -0.062219165 -0.02814581 
-0.03273708 -0.0059138993 -0.11045601 
0.080314115 0.047370188 -0.03755893 
0.009972994 -0.03733141 0.085039854 
0.11463867 0.08986902 0.06766077 
0.015703313 0.022381136 -0.017124848 
-0.08338213 -0.03237701 -0.0481171 
0.051303774 -0.036062323 -0.011004647 
-0.025287872 0.023334084 0.04243226 
-0.014500743 0.002176341 -0.04754401 
0.012794622 -0.025985012 -0.08478673 
-0.029836817 -0.019651392 0.044235215 
-0.07180634 -0.10129813 -0.049708094 
0.16847786 0.15134613 0.23395385 
0.07118154 0.15992288 0.04500937 
0.10996437 0.1223063 0.08211128 
0.15170252 0.15783174 0.09374472 
0.026899891 0.015462484 -0.014911831 
0.047364473 -0.009125125 -0.0076824906 
-0.06179961 -0.04906128 0.04631547 
0.023833834 0.06086991 -0.024603188 
0.0005110145 -0.040437732 0.015619752 
0.030999618 -0.043837864 -0.03829498 
0.043342512 -0.0119166225 0.080963776 
-0.022275625 0.045245018 -0.041371725 
0.042321343 -0.015274247 -0.016230257 
-0.049397048 -0.041390803 0.03225129 
0.015124966 0.036017276 0.08667019 
0.044500206 -0.0006446926 0.06768174 
-0.061970793 0.08180325 -0.04213094 
-0.0587596 -0.058469366 0.030877909 
0.0342637 0.06288247 -0.032951444 
0.059635203 -0.06811618 -0.06815201 
0.04798861 0.022024011 0.00084513455 
0.05417603 0.03279529 0.058668256 
0.02830242 0.001850114 -0.017824985 
0.030641213 0.036943153 -0.08482466 
-0.031464558 -0.112278186 -0.0279703 
0.028554741 0.0021064365 0.013669672 
0.032510452 -0.087496735 -0.043205924 
-0.019931389 0.029510783 -0.07465865 
-0.03017484 -0.024526708 -0.030581083 
-0.042090762 0.029216144 -0.029511604 
-0.06001833 -0.042456605 0.003429437 
-0.05576773 0.033321597 0.005784231 
0.0484504 -0.013899983 0.03109041 
-0.06683518 -0.027389579 0.015110293 
0.015933607 0.007252087 0.06381312 
0.02071839 -0.07677824 -0.055457797 
-0.029354136 -0.038140807 -0.07290561 
-0.09072407 -0.029960526 -0.058183197 
-0.049494248 -0.1017889 -0.045809466 
-0.023921475 -0.071135096 -0.084538706 
-0.08547864 -0.003969939 0.038827907 
-0.024264922 -0.06463754 0.03660738 
0.11696806 -0.0012637798 -0.068939686 
0.026515504 0.05182808 -0.060631443 
-0.06690803 -0.069863446 -0.0676277 
0.0041940985 0.012347693 -0.0047540767 
0.021880426 0.014830747 0.12644283 
0.03355982 0.06617439 -0.04008932 
0.05581971 -0.0050529866 0.036089662 
0.012248617 -0.08668208 0.040510662 
0.03681606 0.017984206 0.054380536 
0.022863034 0.008797551 -0.067712866 
-0.06765816 -0.08285855 -0.044326305 
0.023183892 0.0512466 0.015339102 
-0.06262052 -7.728931e-05 -0.050763167 
-0.057663005 0.04586054 -0.07052377 
0.033681944 0.044344176 0.047732927 
0.03364246 -0.010058721 0.0485403 
-0.009757477 -0.06682118 -0.034359656 
-0.09551228 0.010142106 0.0016474309 
-0.15554336 -0.03485603 -0.061148614 
-0.034709666 -0.06475057 -0.07737549 
-0.05008816 0.012698346 -0.082724966 
-0.09964957 -0.09536146 -0.12600389 
0.010881916 -0.07065296 -0.011353166 
0.0836272 0.086309694 -0.021070955 
0.20121664 0.07576989 0.076782435 
-0.02599193 -0.009758688 0.020844208 
0.054017194 0.04792963 -0.062025223 
-0.023776924 0.030366313 0.023230318 
0.014614502 0.0032295622 0.063130274 
0.017992945 -0.05811863 0.0068185744 
-0.0021901552 0.055162072 -0.061792683 
0.03164206 -0.002147772 0.050939556 
0.020708509 -0.061600216 -0.01325534 
-0.044807628 0.02486282 0.020376608 
0.015313865 0.0294951 0.03433013 
-0.055022858 -0.021246381 0.002543333 
0.010910062 -0.01361072 -0.060377486 
-0.05530894 -0.056546666 0.007920574 
0.0068784207 0.071221024 -0.055755377 
0.04115517 -0.04198504 0.033921544 
-0.04195336 0.05257327 -0.02176973 
-0.032251522 0.011622403 0.016884279 
0.04700234 -0.016096486 0.058572814 
-0.06979876 0.03632447 0.018462403 
-0.048345197 0.045120675 -0.060577217 
0.03261977 0.012276722 0.029887682 
0.027770402 0.11286113 -0.029721742 
0.00043108495 0.12709524 0.09369953 
0.077662244 -0.0016219931 0.031434655 
-0.007213171 0.05306545 0.10215376 
-0.026210502 -0.057992667 0.079235435 
0.028377105 -0.01689133 0.08278872 
0.052004766 -0.0012123657 0.02366792 
-0.05283225 0.03292142 -0.044034943 
0.008914759 0.029370349 0.014913192 
0.008075786 -0.016735649 0.030003948 
-0.0391849 0.02359835 -0.011263063 
-0.04608579 0.06737996 -0.032137502 
0.030710177 0.0735002 0.009569128 
0.06503122 0.009893483 -0.051721293 
0.007338913 0.068270735 0.028258534 
-0.07771215 0.042258363 -0.028511869 
0.06398269 0.00076616026 -0.038895253 
-0.043377444 -0.061389655 0.036748275 
0.02487026 -0.053891674 -0.017059457 
0.012383535 0.033676077 0.07253606 
-0.056936797 -0.0053427867 -0.056188103 
0.07602865 0.04246201 -0.03337663 
0.026382074 0.034550566 0.019988755 
-0.047987904 0.0334506 -0.054753277 
-0.05202784 -0.039768558 0.008459186 
0.016624933 0.0027131713 0.03336715 
-0.0798486 -0.054381635 0.06587559 
0.06415995 -0.021575684 -0.03163229 
-0.04474319 -0.019220166 0.0006353856 
0.015535427 0.027639227 -0.047303274 
0.051080253 0.034113612 0.027612422 
0.03859225 -0.030101528 0.08872425 
0.025521025 0.053956702 0.038510304 
0.016613374 -0.061993565 -0.06481136 
-0.0058569936 0.044132598 0.020523125 
0.030223584 -0.015404275 -0.054799017 
-0.077356346 0.041435987 -0.079490215 
-0.00033420813 0.027587617 -0.0027214529 
0.08122738 0.040009923 0.05359648 
0.04188395 -0.06878302 -0.017239433 
-0.03466677 -0.03370917 0.02471931 
0.033252206 0.059311036 0.02604488 
-0.080364786 -0.0060185427 -0.04872344 
-0.033139087 -0.022770252 -0.03492682 
0.0066149067 -0.025181241 -0.00939354 
0.028829494 0.03665135 -0.06527002 
-0.040666975 0.008354371 0.03044918 
0.06770668 0.04911584 -0.07431402 
-0.092251204 0.067847624 0.0314991 
-0.10021167 0.08806192 0.0740601 
-0.08898433 0.052579466 0.021175172 
0.06084775 -0.015844196 0.043762017 
0.16230378 0.07208682 0.064071156 
0.071006306 0.09809643 0.047210302 
-0.028776482 -0.054646116 0.013469803 
0.06828769 -0.041735116 0.083024725 
0.04946274 -0.06096224 -0.06633181 
-0.027589303 -0.041091472 0.009579706 
0.023284608 0.031044645 -0.0015746523 
-0.014823395 0.0034752346 -0.0011798627 
0.002283663 -0.020661596 -0.012578847 
-0.009426658 -0.014400528 -0.05191283 
0.08688901 0.057904042 0.008508113 
-0.039102506 0.032082137 0.02189948 
0.022203688 -0.010579936 -0.007832502 
0.056783427 -0.058217715 -0.058185063 
0.15084527 0.059488177 0.043338202 
0.08933341 0.08122002 -0.045729637 
0.18624425 0.09096861 -0.048506316 
-0.015878674 0.0042066127 0.1207078 
0.025476897 0.008430284 0.0050757625 
-0.049363434 0.0009682478 0.04579195 
-0.029757366 -0.05311387 0.03389957 
0.026266122 -0.06555013 0.014519754 
-0.062028173 -0.027633492 -0.06884061 
-0.026671205 0.037506726 -0.02415147 
0.030665236 0.033486582 -0.015775967 
-0.016594756 -0.015861508 0.06937063 
-0.0073086456 -0.034351427 0.05861235 
-0.02030482 0.058716506 0.05612331 
0.0721183 0.022179725 0.030568957 
-0.046305504 0.038661472 -0.050318003 
-0.018802857 -0.007552821 0.0761189 
0.07784853 0.042364944 0.08449529 
-0.027403113 -0.012168548 -0.11641612 
-0.07574589 -0.015874421 -0.052772157 
0.041536275 0.06616176 0.04606328 
0.08881353 0.121443234 0.04104035 
0.1294628 0.078144304 0.03869299 
0.034658603 0.09741751 0.026125843 
0.086270325 0.01778186 0.013770932 
0.095468156 0.06907778 0.013837329 
0.14471813 -0.022269148 -0.026912594 
0.07430485 -0.023950834 0.0045342897 
0.050934553 0.007377852 -0.010328764 
0.08456059 0.054903958 -0.030888123 
0.015418762 0.020169754 0.011279652 
-0.036746714 0.015739225 0.1042809 
-0.04219447 0.042265046 0.022293821 
-0.14123769 -0.014330789 -0.020173855 
-0.025247702 -0.07070525 0.0293528 
-0.08093771 -0.029442076 0.076328635 
-0.09184622 -0.0043505915 -0.023515636 
0.08381211 0.081181854 0.0847047 
0.06489879 0.029695312 0.056033082 
-0.0804549 0.0036888858 -0.059959564 
0.09041764 0.0033111963 0.012944571 
0.099949405 0.08087704 0.045250893 
0.029401775 -0.11032772 -0.042001944 
-0.056085132 -0.04930901 -0.026649231 
0.053027224 -0.0005776173 0.033403043 
-0.06834509 -0.009854361 0.046252485 
-0.10280842 0.11596901 0.16464023 
-0.11541841 0.061416503 0.018986138 
0.022222169 0.06136151 0.07165054 
0.01615426 -0.015155588 -0.04700204 
0.025525155 -0.0663001 0.05902879 
-0.1439898 -0.20457838 -0.07569701 
-0.14071788 -0.16843158 -0.14944965 
-0.18520637 -0.08570423 -0.17563033 
-0.090629645 -0.11242224 -0.06979144 
-0.023192234 -0.045623027 0.0011561775 
0.026408792 -0.0630822 0.07366439 
-0.1257658 -0.047392894 -0.11070827 
-0.10405487 -0.07022552 -0.06679262 
-0.07443887 -0.12377037 -0.17550166 
-0.19472519 -0.15972446 -0.27362713 
-0.17361385 -0.24558651 -0.28153825 
-0.21926507 -0.28736913 -0.26392353 
-0.06012558 -0.0070089004 -0.019768491 
-0.020835062 0.011575759 0.056479484 
-0.045328263 -0.04941731 0.058263108 
-0.08157436 -0.05820827 -0.1027665 
-0.022621294 -0.17854641 -0.062567756 
-0.09338564 -0.07824005 -0.1319576 
-0.09777211 -0.07803431 -0.12671943 
-0.09405047 -0.048630264 -0.06679093 
-0.056321993 -0.12623021 -0.011294319 
-0.0010497227 0.005713996 -0.018890915 
-0.06547275 -0.061273474 -0.078397445 
0.050296716 -0.037121244 -0.02469816 
0.04740235 0.023174157 -0.033976503 
-0.030503822 -0.03231064 0.06882182 
0.07087682 -0.062338874 -0.017372128 
0.00040930483 -0.0044421004 0.043330308 
-0.0061613866 0.045887806 0.02173549 
0.009511387 0.011972576 0.048752297 
-0.0052061323 0.008999455 0.024503874 
-0.05494618 -0.05659243 -0.06915702 
-0.01201696 -0.034958668 0.0243294 
-0.07249075 -0.1508734 -0.02929963 
-0.08801111 0.007869661 -0.09677519 
-0.00039688492 0.06987839 0.032384343 
-0.055533364 -0.0023467133 -0.09347851 
-0.07441447 -0.09632554 -0.057202876 
-0.07666976 -0.01394548 0.00884025 
-0.09842553 -0.16486372 -0.13773468 
-0.11838998 -0.1088032 -0.1306275 
-0.0453465 0.06159634 -0.072631516 
-0.05355166 -0.023696529 -0.07597498 
-0.10008917 -0.06207788 -0.118587345 
-0.08875115 -0.09647557 -0.067942224 
-0.1621195 -0.14134893 -0.05571488 
-0.13401034 -0.09545641 -0.1642707 
-0.111379154 -0.019869043 -0.15463243 
-0.08128976 -0.083538294 -0.075354785 
-0.062790036 -0.03336142 -0.014790693 
-0.04162423 0.042045213 -0.049052883 
-0.06017519 -0.046001907 -0.044097304 
-0.013001027 0.017210526 -0.014044905 
0.08233019 0.04823789 0.0642367 
0.12678231 0.07748378 0.084151074 
0.026326869 0.05801158 -0.009927847 
0.08964198 0.058172643 0.055349056 
0.07261026 0.089678675 0.14060953 
0.04014904 0.058332417 0.002643713 
0.06315672 -0.03022289 0.09123212 
-0.11897605 -0.06068571 -0.06573944 
-0.02942176 0.032918967 0.08174844 
0.14178215 0.2075323 0.19155577 
-0.026745291 0.01400934 0.037386585 
0.046701252 -0.023539618 0.02171514 
0.02936376 -0.06780222 0.011326836 
-0.025937079 -0.03896497 -0.043411467 
-0.09470291 -0.054797255 -0.035624087 
0.05024832 0.065415725 0.19309253 
-0.07624238 0.011202175 0.030973054 
-0.025951339 -0.055814292 0.048918836 
-0.04618564 0.05841567 0.0067277025 
-0.06290282 0.059950363 -0.04971543 
-0.0352861 -0.02505763 0.03184329 
0.021745216 -0.019888852 -0.017135052 
-0.06778162 -0.0014042007 -0.008971205 
0.0016124441 -0.0098170955 0.010789581 
-0.0048474236 -0.010912491 -0.040360495 
0.061168093 -0.06578458 0.0108155785 
-0.026800193 0.057919033 -0.040859014 
0.029942356 -0.034954578 -0.026118206 
0.028671592 0.06788509 -0.05620081 
0.032242585 -0.03423237 -0.10420852 
-0.051417068 -0.07363302 -0.053548127 
0.035115425 -0.052747995 -0.006532728 
-0.046830874 0.011491187 -0.02816523 
0.015757028 -0.07882753 -0.04993286 
0.064096056 0.00064436166 -0.00937398 
0.016734026 -0.071906276 0.070394255 
-0.03452395 -0.07008454 0.02567192 
-0.047769424 0.058234148 -0.023164853 
-0.014237967 -0.06833842 0.035340466 
0.031066539 0.010678731 -0.055945568 
0.00957379 -0.053413063 -0.051075093 
0.008247679 0.046533205 0.06917824 
0.0016005455 -0.011335937 -0.057019427 
-0.016908737 0.05281504 -0.02146632 
-0.025273465 0.01126916 0.06478822 
0.034473304 0.012962253 0.045037232 
0.047941495 0.0063138525 -0.017356932 
-0.08469727 -0.08805947 -0.017703442 
0.0026452702 -0.05108114 -0.026302794 
0.002558846 0.03506783 -0.06772471 
0.066989705 -0.026218139 -0.061201815 
0.0024194303 -0.04230459 -0.06438474 
-0.031275585 -0.07921001 -0.05737833 
-0.029699989 0.01306724 -0.102360584 
0.18478915 0.09572189 0.23532256 
-0.013762172 0.012183532 -0.056649778 
0.037043918 0.048374176 -0.06966677 
0.05303727 -0.026831012 0.019747144 
0.04076196 0.009365266 0.022029536 
0.06170087 -0.08738503 0.07659386 
-0.004111384 0.041358672 0.010867853 
0.019261964 0.013766355 -0.06623369 
-0.061534032 -0.092540726 0.041182425 
-0.004495803 -0.087744445 0.045770016 
-0.014468791 -0.023622971 0.022600984 
-0.03504585 0.028721541 0.024834733 
-0.067558974 -0.048534688 -0.02418232 
0.044037618 -0.010257612 -0.022800207 
0.08327363 -0.040167 -0.04784115 
-0.04170648 0.0035170412 -0.02459295 
-0.09298702 -0.06664072 -0.04413696 
0.029725326 0.020899823 -0.05114109 
-0.065940104 0.05223748 0.0059648906 
-0.05688269 -0.021156665 0.03573236 
-0.064960726 -0.0041840044 -0.074182615 
-0.01063025 0.08440048 0.065105766 
0.058183834 0.041947853 0.084983714 
-0.04948251 -0.026422074 -0.031914014 
-0.12228867 -0.010551409 -0.07888266 
0.0728304 0.038566772 0.015882969 
0.027629884 0.013534434 7.285654e-05 
-0.043358214 -0.003537304 0.14324802 
0.07014643 0.066523924 0.06397355 
0.060944047 0.004860656 0.06770599 
0.008002484 0.024565365 0.06974478 
-0.055136446 -0.056398 0.05557805 
-0.080357805 0.020511547 0.0052620247 
-0.013349249 0.02438576 -0.042191487 
-0.0808745 -0.09782934 0.004493752 
0.023981245 -0.08093582 -0.0491805 
0.111109175 -0.015676929 0.024309466 
-0.030795967 -0.05375207 0.006545165 
0.0041829045 -0.0142807085 -0.0095559815 
-0.026050845 0.03921282 0.0130417785 
-0.1666204 -0.06421741 -0.004238947 
-0.123229936 -0.06872576 -0.13541883 
-0.041086253 -0.08206311 -0.13303174 
0.005104876 0.060059067 -0.047654547 
0.0931784 -0.024848988 0.010447828 
0.033030238 -0.021200897 -0.035674 
-0.016060445 0.015318379 0.0014974711 
0.04208533 -0.053437617 -0.027451664 
0.060020756 0.06620257 -0.030985279 
-0.045895576 0.024172744 0.013483645 
0.030937614 -0.06751544 0.0589096 
0.055715743 -0.012785479 -0.02608354 
-0.03997988 0.028684003 -0.021249529 
-0.04342795 0.00634512 -0.025026733 
0.02402744 0.014408267 -0.04426274 
0.0022896968 0.113930486 0.08340193 
0.0031789192 0.07614269 -0.06336754 
0.06549333 0.015770214 0.06860579 
-0.13899317 -0.06509668 -0.14246821 
0.075937815 0.057784773 0.0060927346 
0.045065027 0.13688813 0.08927513 
0.041868296 0.03655332 -0.031205041 
0.05108998 -0.029466504 0.01674063 
-0.029930122 -0.020936087 0.036753796 
0.08744161 0.002858166 0.029714135 
0.13098797 0.11723144 0.13224284 
0.046771467 0.10635637 0.15430899 
0.0026535715 -0.018520791 -0.029233595 
0.04414387 -0.087432645 -0.07845285 
-0.060979363 -0.01929492 0.03173044 
0.10389316 0.017697684 0.056178994 
0.09160683 0.0522289 0.019844228 
0.010876521 0.026034676 -0.042575005 
0.06413135 0.051189497 0.03336208 
0.08909341 0.028590595 0.06081672 
0.064415544 0.02202357 0.02159742 
0.065268226 0.06497107 0.039428983 
0.09211269 -0.044311766 0.018670237 
0.053492263 0.039596677 -0.003244838 
-0.011235087 0.012682807 -0.05449449 
-0.050032657 -0.05565348 -0.008478068 
-0.051413618 -0.04975323 -0.008434949 
-0.22434174 -0.14428015 -0.20545875 
-0.09792442 0.02980032 -0.035020158 
0.020755902 0.06973638 0.20580281 
0.24094073 0.21312943 0.14972752 
0.04070281 0.12546884 -0.00040834074 
-0.051046703 -0.0012721618 -0.047079995 
-0.0040248665 0.051132593 0.0065948227 
0.0541348 0.06880069 -0.00092555466 
0.021073429 -0.011220956 -0.061311826 
0.14682241 0.054531526 0.086850286 
0.09231002 0.08144309 0.13122909 
0.07776653 -0.038668483 0.03225663 
-0.014283445 0.059357904 0.016344264 
0.0024035587 -0.044553366 -0.06243598 
-0.02772927 -0.016315311 0.061515413 
0.095823996 0.104240805 0.09937282 
0.076725885 0.09549485 0.028485265 
0.05815527 0.033307377 0.056977592 
0.05539675 0.04866091 0.12560359 
0.017779691 0.0043321825 0.16571644 
0.056463577 0.09043123 0.08983375 
0.03322019 0.0670106 0.03781859 
0.001897432 -0.015797008 0.0063958867 
-0.0053191585 -0.057644006 -0.010282484 
-0.036315378 -0.034306046 -0.11055409 
-0.100062154 -0.045779895 -0.030575858 
-0.13199447 -0.06918966 -0.032566898 
0.05485376 -0.067341976 0.0022847385 
-0.03447568 -0.06420227 -0.00073587336 
-0.15216401 -0.106920406 -0.039522707 
0.022778181 -0.033080332 -0.051845755 
-0.04656189 -0.024272934 -0.06343379 
-0.007478938 -0.020152027 -0.0024259712 
0.064604126 0.054709986 0.009286026 
-0.024818508 0.02907795 -0.018344587 
0.033596393 0.010943992 -0.056145687 
0.035733256 -0.039995134 -0.022307226 
0.040755287 0.035429988 0.05614002 
-0.016287103 -0.05013433 -0.06110812 
-0.11174533 0.023555575 -0.05962943 
-0.025742024 -0.042336088 -0.046228815 
-0.09108085 -0.08300747 0.013051607 
-0.045147795 -0.024713177 -0.0656886 
-0.10637799 -0.05875117 -0.10560093 
-0.1252492 -0.0302322 -0.10061935 
0.12672974 0.13933519 0.08066426 
0.09890938 0.056191795 -0.010244234 
0.023739006 -0.008488998 0.039032016 
0.21362564 0.11663756 0.17516255 
0.16883709 0.06912926 0.19369332 
0.05772312 0.044606164 0.1694114 
0.006375588 -0.082147636 0.023348942 
0.0132467635 -0.039426014 -0.020154327 
0.01570191 -0.05510433 0.0034632639 
-0.06765161 -0.06838328 -0.076275796 
-0.056588206 -0.039999697 -0.06083104 
0.010791317 0.0044721058 0.042198583 
-0.033076067 -0.055871055 -0.037380297 
-0.023307346 0.0058615855 -0.038303584 
0.043028295 -0.07204188 -0.01782578 
-0.056699265 0.021090394 -0.055912305 
-0.018558796 0.020052444 -0.026391044 
-0.10964953 -0.07013176 -0.04494662 
-0.11342121 -0.10241763 -0.09175007 
-0.08945359 0.053523593 -0.04337189 
-0.17255181 -0.05956401 -0.07560151 
0.049081773 -0.014837207 0.07518565 
0.1340876 0.032860324 -0.040932283 
0.06580974 0.0628635 0.00934301 
-0.04800193 -0.038379945 -0.034395866 
0.113833144 0.0179399 -0.023786783 
0.051650316 0.12884142 0.15284334 
0.016908953 -0.024166161 0.020971125 
0.014612301 -0.01205354 0.039480485 
-0.085653044 -0.046608012 -0.0058828397 
0.106983535 0.09636551 0.10412944 
-0.06742519 -0.040596515 -0.0045446674 
-0.06662339 -0.07443343 -0.0710162 
0.041305255 0.08205967 0.033783328 
0.07734888 -0.060648065 0.0056506656 
0.012496946 -0.0015769812 0.033056293 
-0.02298712 0.0022554433 -0.086505 
-0.022002798 -0.029982472 -0.03674981 
-0.12361387 -0.10496921 -0.13501896 
-0.028164139 -0.008403898 -0.047248542 
0.03774475 -0.02254148 -0.08855719 
-0.15005335 -0.10656502 -0.19420034 
0.03335059 -0.02983159 -0.004818665 
-0.00085537345 -0.04933518 -0.008302403 
0.055759102 0.028825298 -0.021523094 
0.11384912 0.11027875 0.16301186 
0.07532088 0.065200314 0.12450553 
0.06286234 0.08902307 0.0734796 
-0.0046935137 0.11309946 0.04149041 
0.10909074 0.057977583 0.010751215 
-0.026898867 -0.0032783183 0.01834715 
-0.059246313 0.012805048 -0.021031845 
-0.05714084 0.059350826 -0.03432622 
-0.029897418 -0.006894919 0.05589077 
-0.03923452 -0.018918473 0.06777776 
-0.0703239 -0.051285252 -0.00026325535 
0.07021651 0.036536213 0.051964454 
0.03881493 -0.045526665 -0.011764105 
0.008672357 0.022085344 -0.045274474 
0.017155485 -0.042610288 -0.05121156 
0.081111364 0.10093785 0.008187344 
0.023101538 0.005249642 0.028706048 
0.08029908 0.034194194 0.11613372 
0.06592527 0.010250098 0.022046205 
0.01411214 -0.0334631 0.0018702113 
0.09366502 0.104265004 0.05099951 
0.049059533 0.017000066 -0.066535726 
-0.030970428 -0.010250152 -0.033490136 
-2.7107e-05 -0.022362452 -0.02087832 
0.0156375 0.066961944 0.076213196 
0.015314391 -0.059608534 0.018258354 
-0.032285854 -0.10960322 -0.1329897 
0.028971676 0.052090704 0.002561713 
0.013860118 -0.055859696 -0.040215578 
0.0811236 -0.04108523 -0.03157947 
0.104071885 0.019957736 0.006725845 
0.029029327 -0.010025151 0.0244427 
0.06654588 0.08009987 -0.009497574 
-0.0031776743 0.050338972 0.0147206485 
-0.007120981 -0.008284245 0.021273248 
-0.07343226 -0.009804262 0.026257515 
0.09133273 0.07758872 0.03426461 
0.07825516 -0.028338436 -0.017389473 
0.060068812 0.08875435 0.062039755 
0.021835374 -0.067580536 0.0026542158 
-0.021691078 0.035687283 0.051694375 
-0.010156582 0.09406479 -0.0030115133 
-0.03561215 -0.0083114095 0.020357082 
-0.08041366 -0.10072798 0.072317615 
-0.06190761 -0.055848498 0.050440893 
0.12393814 0.10090799 0.13143429 
0.06687655 0.036284838 0.0077301105 
0.104149096 0.091502964 0.09059339 
0.048316754 0.005675321 -0.037304096 
0.029498534 -0.00028099507 -0.014450953 
0.07030861 -0.041480195 0.014686467 
-0.07244145 -0.049293254 -0.12811804 
-0.048040964 -0.0637567 -0.1582169 
-0.0057123476 -0.1224416 -0.12578592 
-0.06308191 -0.0051621413 -0.07249939 
0.04660273 -0.067371726 -0.04156769 
-0.07869901 0.019341554 4.2982596e-05 
0.024397615 -0.04213445 -0.09129775 
0.046466168 -0.023667565 0.04091951 
0.014363046 0.0387238 -0.017122764 
0.038517654 -0.011011246 -0.046703804 
-0.0009745384 -0.0037291553 -0.116993695 
-0.012984729 0.037117314 0.023812277 
-0.06968968 0.020587428 0.032590855 
-0.018480921 0.00567313 0.036478106 
-0.024065599 -0.050135262 -0.05560928 
-0.08948241 0.0081407465 -0.023282332 
0.033189468 -0.0012761909 0.034147285 
0.12651815 0.0347367 0.1299287 
-0.07381949 0.07376598 0.052419186 
-0.025465535 -0.014007188 -0.0020222852 
0.031708956 -0.020381512 -0.045526437 
-0.018512128 -0.025463 0.067823894 
0.050963502 0.0762813 -0.043584857 
-0.029326774 0.048584152 -0.024621647 
-0.010162176 0.026821628 0.019646993 
-0.048903853 0.01884419 0.025679437 
-0.023839917 0.053387124 0.070936725 
-0.017986463 -0.020996343 0.012201788 
0.0005797557 0.037025124 0.063992865 
0.06105596 0.020224592 -0.06307354 
0.06823753 0.06296842 0.05372679 
-0.00049339124 0.01662638 0.09505521 
0.037882257 0.060485117 -0.0034092185 
-0.096767925 -0.12799908 -0.030059056 
-0.010641312 -0.0822514 -0.089832716 
-0.14927463 -0.16822754 -0.1479738 
-0.047671013 -0.002670517 0.030869769 
0.032293636 -0.0642649 -0.042409845 
0.036424402 -0.004426399 -0.06742475 
-0.08635788 -0.09113462 -0.03660988 
-0.05249749 -0.106427595 -0.03399864 
-0.11472181 -0.07510772 -0.063933216 
-0.037244543 0.0041663144 -0.002271345 
-0.046675954 -0.013859311 -0.01444364 
0.07290285 -0.023982428 -0.0337173 
0.034328893 0.015672829 -0.021010417 
-0.07391636 -0.06829259 0.03382064 
-0.08273019 0.025454575 0.015371196 
0.03549223 -0.011448365 0.03369466 
-0.068550386 0.036038708 -0.031281035 
-0.09936871 0.028973745 -0.05253363 
0.017066209 -0.014180663 0.13279006 
-0.055374913 0.065966554 0.043787 
-0.030000038 -0.0048347316 0.091909744 
-0.04160676 -0.042761475 0.08034779 
0.041258235 -0.042837977 -0.03229172 
-0.0031488477 0.0666484 0.00661153 
-0.026593916 -0.06464555 0.0800543 
0.07566946 0.07009608 0.1502182 
0.22014731 0.18477541 0.17527178 
-0.008990393 -0.0030385214 0.0908949 
-0.09102777 0.07143935 0.17262645 
-0.12367585 -0.00501538 0.04642594 
0.016123142 0.030172886 0.048674725 
0.032118563 0.033915482 -0.040749703 
0.071201295 0.08998829 0.0961435 
0.057124086 0.06096051 0.027341023 
-0.023515826 -0.025155528 0.049238037 
0.0058107814 -0.0076310765 0.0030757103 
0.047642816 -0.0769921 0.037881564 
-0.031755097 -0.050923076 -0.0788037 
-0.06681932 -0.00076360407 -0.07753241 
-0.022129899 -0.03223988 0.015955973 
-0.028050799 -0.012836764 0.07041383 
0.13463546 0.09689068 0.15653744 
0.042847134 -0.02234436 -0.0033440627 
-0.013884811 -0.032568563 0.14397943 
0.11725213 0.13803297 0.17653237 
-0.053424545 0.0079425 0.029181056 
-0.04750416 -0.032691475 0.045661185 
-0.021156186 -0.037984516 0.028279817 
0.080215484 0.002195866 0.12498726 
0.04611703 0.010064556 -0.019837618 
0.08367406 0.031093106 0.049519725 
0.084040456 0.061333507 0.048422556 
0.024665594 0.0077717993 -0.019428141 
-0.0017498002 0.0039033075 -0.0066602044 
0.0005702145 -0.047797743 0.06081001 
0.00046974188 -0.04218376 -0.027845403 
-0.015672572 0.035121147 0.049374 
0.044453062 0.06993803 -0.0014159871 
-0.06645194 0.037316795 -0.0108206095 
0.066504665 -0.035655785 -0.05847983 
0.071312696 0.021179875 -0.032896314 
0.05441092 -0.013964521 -0.044025254 
-0.054948304 -0.031221794 0.027924264 
0.09445767 0.094400994 0.010972176 
-0.045727428 -0.06435792 -0.024542803 
-0.02953576 -0.08650944 -0.03250033 
-0.01836508 0.07818728 0.037025828 
0.005973866 -0.053089533 0.09694181 
-0.12142898 -0.054844193 -0.009400926 
-0.057177484 -0.036495216 -0.031207675 
-0.08192355 0.018145567 -0.0007404526 
-0.039152477 0.07561102 -0.0381161 
-0.035851438 -0.039252814 -0.040575773 
-0.016944064 -0.013122608 0.0032808587 
0.000120824436 -0.044840716 0.032672584 
0.07499064 -0.00581434 0.042685483 
0.03737306 0.010353087 -0.0602879 
0.08913519 0.025076618 0.032812893 
0.09848199 0.012512435 0.005742543 
0.016760387 -0.023312815 -0.008670405 
0.09943262 0.019101972 0.059190072 
-0.027126538 -0.013301608 0.07101478 
0.045227278 0.06728879 0.06258644 
0.050331865 0.014007378 -0.091324985 
0.08991788 -0.019061044 0.09610731 
-0.041208725 0.033327956 0.014258958 
-0.003619152 -0.08406624 -0.001012835 
0.02590672 0.017059334 -0.029629368 
-0.08351922 0.0018092435 0.029785786 
-0.059219368 -0.00946508 0.010317793 
-0.0635858 0.01014754 -0.06602269 
-0.017338477 0.08547526 0.074153125 
-0.037681643 -0.056164175 -0.002063906 
0.168159 0.13815671 0.039064627 
-0.038288057 0.04009871 -0.10773394 
-0.037489086 -0.16248263 -0.19420232 
0.00089312607 -0.018241556 -0.026633427 
0.08822064 0.063520364 -0.0038681848 
0.10943467 -0.0056095878 -0.009991272 
-0.01110902 -0.03233477 0.0038000215 
0.051006325 -0.034831855 0.017787322 
0.06042125 -0.04697064 0.048690196 
0.0036299948 0.015075829 -0.07264798 
-0.038241383 -0.023804191 0.04839232 
-0.0069812187 0.06590183 0.04494068 
-0.058891237 -0.045343243 -0.06324495 
-0.056115847 0.042121124 -0.03332463 
-0.06426 -0.053121485 0.004235165 
-0.0021112429 0.04500578 0.07447669 
0.01816239 -0.015352772 0.010765626 
-0.027503263 -0.11145866 -0.0010075292 
-0.03151229 -0.05248592 -0.047943026 
0.0023942557 0.04407914 0.0466105 
0.021742012 0.018649379 0.021751365 
0.101608805 0.22092064 0.19779411 
0.13449593 0.0807871 0.13988882 
0.10025894 0.15639526 0.064051814 
0.052657075 0.026996423 0.11258315 
0.14939426 0.07692211 0.06299482 
0.046394568 0.1043977 0.08684843 
-0.020067193 0.009985824 -0.059916735 
0.045164455 -0.006716063 0.02295358 
-0.022030225 0.010315801 0.056291915 
-0.039593607 0.0088934805 0.0034626746 
-0.0225375 -0.0015570567 0.027763115 
-0.042040396 0.026069585 -0.06670008 
0.021648794 0.032477044 -0.035251588 
-0.007831455 -0.029172912 0.059151605 
0.059502892 -0.02091665 -0.0064701824 
0.030714614 -0.0852798 -0.006326411 
-0.050959323 -0.004404631 -0.02844735 
0.007038157 0.00087987643 -0.040445767 
0.0052083908 -0.038478635 -0.0813278 
0.06428542 -0.01842761 -0.1359656 
0.050615173 0.03980907 -0.04058503 
0.003534201 -0.046220742 -0.083905734 
0.0022875415 0.00021266348 0.00084748876 
-0.016656745 -0.061211057 0.0043468797 
-0.00070941437 0.0011817645 -0.028405847 
0.022646418 0.011119111 0.08239637 
0.042991534 -0.003102852 0.01766538 
0.09708499 0.07255713 0.05542653 
-0.040829346 -0.0038688919 0.071528316 
-0.014670547 -0.014007125 -0.0427967 
0.103686064 0.07865265 0.017270554 
0.075345635 0.13609007 -0.023235768 
0.05603564 0.077352576 0.0671274 
0.072680324 -0.049483158 0.042256918 
-0.021417575 -0.03561244 -0.09841748 
-0.012785161 -0.017978104 0.042479858 
-0.0566772 -0.0986081 -0.0808934 
-0.027020203 -0.055385236 -0.037098143 
-0.013766315 -0.12423533 -0.101021595 
-0.045336615 0.0074412073 0.047167193 
-0.0072236513 0.04621743 -0.042548824 
0.053166922 0.01984475 0.035069723 
-0.019204127 0.05416443 -0.0067239217 
0.0039343587 -0.02754943 -0.016885513 
0.07291104 -0.05928806 0.09054367 
-0.05028075 -0.040227726 -0.031153401 
0.10286365 -0.07737791 -0.083378874 
0.11466203 -0.020762144 -0.042792775 
-0.04556659 0.060864054 0.057015732 
-0.085483715 -0.06932161 -0.06680575 
-0.044393327 -0.035118267 -0.00027425733 
0.09959057 0.13565984 0.094227016 
0.16156816 0.14803605 0.1474947 
0.14714251 0.12432576 0.17070849 
0.015736055 0.077400334 0.03478446 
-0.043166805 -0.010417677 0.00855497 
-0.009033979 0.033172756 0.04257833 
0.0055598025 -0.063767396 0.01901432 
0.0060943277 0.03265692 0.09939101 
-0.07038997 0.072873905 0.03451136 
0.102935605 0.005635394 -0.055153962 
0.09052915 0.01008545 0.0076132775 
0.07083054 0.055213172 0.10583931 
-0.02658964 0.013499589 0.024067834 
0.02089804 -0.03276522 0.00575511 
0.015589173 0.016844226 0.061562356 
-0.25738135 -0.12311121 -0.066750236 
-0.13717365 -0.16972016 -0.14981708 
-0.16391541 -0.17823003 -0.15847875 
-0.14443861 -0.06483088 -0.06934792 
-0.06259286 -0.16507627 -0.14523831 
-0.12351016 -0.056496195 -0.07175644 
-0.0221704 -0.047297068 -0.002646953 
0.041029558 0.008510943 0.0022074839 
-0.065446176 0.017605975 -0.008865548 
0.052415505 0.033051293 -0.027400726 
0.06340866 -0.008563054 0.055206906 
-0.050131433 0.038822785 0.025078256 
-0.043057505 -0.049629666 -0.06579506 
-0.01206503 -0.010009137 0.029978435 
-0.04640665 0.05556184 0.06451309 
-0.043796517 -0.02156262 -0.02937046 
-0.05649795 0.023795612 -0.038540974 
0.065492 0.03115508 0.080281846 
0.041488025 -0.012338232 0.06423903 
0.05943693 0.078592665 0.04073827 
0.06147003 0.059702344 -0.04118344 
0.14984182 0.038130976 0.102885716 
0.042306542 0.117702104 -0.028511198 
0.04829865 0.07686009 0.07938547 
0.08572535 0.053274423 0.096297815 
0.15031803 0.093539 0.12603663 
0.18427773 0.021933729 0.18075474 
-0.064305186 -0.049404733 -0.053700037 
0.009403403 -0.058096815 -0.018595785 
-0.05295244 -0.075178176 0.016111337 
-0.13789666 -0.009704659 -0.09391946 
-0.19214022 -0.052601326 -0.13615093 
-0.2096137 -0.07021033 -0.060077835 
-0.04298261 -0.015198074 -0.051716775 
0.02181201 0.017859258 -0.036850467 
-0.017660076 -0.074182786 0.040897623 
-0.093651876 0.043722257 -0.10647144 
-0.014550266 0.052202504 0.004089586 
0.020445187 0.07620085 0.13822196 
-0.0337509 0.019218624 -0.09305743 
-0.014901703 0.02637435 -0.010578906 
0.025357056 0.0012287494 0.06251358 
0.108879 -0.043231916 0.022626642 
0.0440899 -0.021413038 0.04389632 
0.009752414 -0.03918017 -0.006017392 
0.018143013 0.05955269 0.1756709 
-0.072845146 0.06808013 0.048522513 
-0.118201524 0.03567925 0.066140324 
-0.1433646 -0.20090924 -0.16308081 
-0.09833899 -0.15575144 -0.073914215 
0.000625513 0.0771676 0.007391721 
-0.010325871 0.0005236832 0.051006336 
0.1793963 0.20260507 0.039326742 
0.12052457 0.15592597 0.057492316 
-0.050066862 -0.04121429 3.927517e-05 
-0.05457939 -0.03213717 -0.01980743 
-0.0005323217 -0.04368897 -0.055483386 
-0.044913746 -0.06534672 -0.044250246 
-0.08444444 -0.06750334 -0.020541912 
0.017597824 0.020749286 0.04798447 
0.060536068 0.048005365 0.007447059 
0.07665828 -0.034948044 -0.0056448053 
-0.065960355 -0.053945653 -0.04918414 
0.047233663 0.05723621 -0.041988924 
0.06305888 -0.039777163 -0.047554657 
-0.043433312 0.067341566 -0.05115959 
0.0049383617 -0.09428178 -0.03840911 
-0.051303275 -0.14574386 0.00046332943 
-0.10290268 -0.11015876 0.0015355501 
0.010791191 -0.014384315 -0.07439156 
-0.0004688602 -0.029482555 0.0047060098 
0.02848754 0.039202522 -0.06996099 
-0.06824544 -0.052832954 -0.04184586 
0.01653112 -0.05181555 0.026982592 
0.056236304 -0.013483946 -0.043117043 
0.04398671 -0.030201498 -0.005671676 
0.05942468 -0.061133284 0.043135583 
0.02264844 5.9810765e-05 0.04355017 
0.04295084 0.051054686 -0.033068858 
0.0062852926 -0.024460485 -0.04523456 
0.015798308 -0.054430995 -0.0701817 
-0.043154735 0.01964382 -0.07567008 
-0.012741669 -0.06637526 -0.07435781 
0.012562655 0.06305702 -0.027760442 
0.26361012 0.18849571 0.22177969 
0.07884942 0.18756129 0.11131897 
-0.0795822 -0.06633589 -0.057104096 
-0.030865975 -0.09688598 -0.05824336 
-0.07551412 0.040562898 0.020281719 
-0.00170972 0.08886373 -0.026455082 
-0.027144877 0.0048179068 -0.01840742 
0.03501955 0.011577803 -0.083631806 
0.05418875 0.024380378 -0.09045843 
-0.06587756 0.0066983895 0.056205194 
-0.064226046 -0.08806393 0.03431149 
0.016162608 0.05480425 -0.035823274 
-0.0141537255 -0.064639084 -0.08609163 
-0.04949794 0.009258356 -0.07552726 
-0.0729442 -0.0050290497 -0.03945848 
0.10309544 0.089892276 0.039359644 
0.011846031 0.03258708 -0.03258509 
-0.16409966 -0.041235708 -0.07649481 
-0.03362477 -0.048083674 -0.0059907315 
-0.046066467 -0.036282115 0.024956184 
0.028808458 0.046237078 0.12623277 
0.04047553 -0.06447926 -0.034297857 
0.014353561 0.012267417 0.07872129 
0.116289236 0.030146034 0.025871193 
0.105401516 0.08040999 0.12520272 
0.09609692 0.1985272 0.10536261 
0.012126755 0.019057106 -0.0182063 
-0.17076574 -0.14476483 -0.13996626 
-0.23510022 -0.25555545 -0.2513502 
-0.001954416 -0.12727548 -0.18474038 
0.0147374375 0.0124791805 0.05129529 
0.050722465 0.078276 0.120879814 
0.030419696 0.020183781 0.033381425 
0.081354015 0.11669565 0.11898903 
0.03192235 0.082175516 0.053738162 
-0.03617941 -0.08870219 0.060374692 
0.07486501 -0.007855421 0.103817075 
0.0127688255 0.021071175 0.04655963 
-0.016994517 -0.1055718 -0.01253308 
-0.024404816 0.10252012 -0.013665393 
-0.0576451 -0.034910165 0.0055636102 
0.06464093 0.035132106 0.05430308 
0.059881046 0.106877886 0.11542481 
0.021879483 0.045565724 0.15389524 
0.064467914 -0.031638227 0.03743364 
-0.06752297 0.036736857 -0.051525425 
-0.06109098 0.02792019 -0.025375163 
-0.02887381 0.01449542 0.029905878 
0.061715484 -0.047997337 -0.08046379 
-0.030891383 -0.034203906 0.025634121 
0.08250821 0.089963816 0.006231576 
0.016353868 -0.027491815 -0.0278623 
-0.004233835 -0.03388086 -0.08747955 
0.013802367 0.049802367 -0.029736895 
0.012714422 -0.06022184 0.009252607 
0.036783904 -0.055331483 0.046604186 
-0.0032224157 -0.042427517 0.01391988 
0.018318998 -0.059240058 -0.040864468 
-0.06348773 0.024604456 -0.040068347 
0.04699476 0.033153564 -0.06777866 
0.04723596 -0.0033532623 0.044494044 
0.010428568 0.0062685213 -0.020343743 
-0.0018036222 -0.009475882 0.04968332 
-0.011626916 0.024662338 -0.11109375 
-0.031482834 0.05452735 -0.07084315 
-0.09621884 -0.062221825 -0.049172565 
0.2130249 0.2202338 0.14635977 
0.16535926 0.12056883 0.03971727 
0.022629442 -0.14238949 -0.12610509 
0.051455818 0.10043846 0.070386015 
-0.08383761 -0.04533454 -0.008933005 
-0.03889662 -0.04565783 -0.08759184 
0.052940868 0.09954487 0.074112654 
-0.052906565 -0.1281571 -0.05940862 
-0.13808176 -0.11001735 -0.04535625 
-0.03205188 0.03199475 -0.081144415 
0.021592924 0.042430773 -0.041443083 
0.029185329 0.06373716 -0.006666016 
-0.046032764 0.04769763 0.020877311 
0.045606893 0.04525126 -0.029582016 
0.047453985 0.045913395 0.08397529 
0.03027994 0.09743367 0.03011377 
0.08250673 0.054918017 -0.064958416 
0.053117096 -0.08559397 -0.1283252 
0.066314474 0.06239656 -0.120503776 
-0.0045481347 -0.029003631 -0.022853002 
-0.10151136 0.047922313 -0.07042264 
0.026812047 0.020916559 -0.018405477 
-0.042115137 0.09601563 0.03045283 
-0.019018399 0.15149224 0.1853195 
0.11992914 0.014020436 0.004643495 
-0.063557975 -0.14897825 -0.17854364 
-0.06896638 -0.20484912 -0.27577326 
0.09478694 0.09463399 -0.04514901 
0.09146719 0.06580729 -0.11433696 
-0.071889035 -0.124084435 -0.10877304 
-0.061478768 0.04342365 0.06460344 
-0.076560125 0.025852278 0.103818454 
-0.038696602 -0.021663103 0.03443158 
-0.036288638 -0.025947291 -0.08872317 
0.021106744 0.034374904 -0.018278351 
-0.044696372 0.005832744 0.011874111 
0.0064881137 -0.021404365 -0.04683176 
-0.031091813 0.010873684 -0.07779307 
-0.050081726 -0.039589945 0.02999695 
0.033856228 0.042717293 -0.030193243 
-0.05430814 -0.04161609 -0.0063071167 
-0.065339714 0.0015502966 -0.03054807 
0.03276466 0.022787724 -0.05981152 
-0.009052273 0.020562682 -0.1476234 
-0.07229179 0.012968746 -0.09298638 
0.0099286735 -0.0352825 0.061252072 
0.023543546 -0.04167325 0.022716291 
0.029097509 -0.053574745 -0.067494564 
0.1421316 0.07509631 0.17264023 
0.053947113 0.10372196 0.062134914 
-0.048969366 -0.026783844 0.0097267525 
0.0032176343 0.054291323 0.00390307 
0.011409291 -0.033903938 0.10666015 
0.05543946 0.023866318 -0.016942786 
0.010739719 -0.053322278 -0.05499205 
-0.05577036 0.035336196 0.07287782 
-0.038219836 0.0010853302 -0.009990351 
-0.065965004 0.00827819 -0.06755811 
-0.023754692 -0.0002046029 -0.06765471 
-0.046232264 -0.011293473 0.028453622 
0.05096665 0.03515942 0.05534195 
-0.061320372 -0.0135943685 0.052426778 
0.04087632 0.020210002 -0.057397947 
0.0016355219 -0.03479181 0.07954671 
-0.00063227117 -0.05608339 -0.04314199 
0.0053800493 0.021899559 0.06368122 
-0.10926272 -0.11677075 -0.13173921 
-0.121891625 -0.15649222 -0.15714356 
0.028349737 0.049973138 0.06938769 
-0.083817445 -0.06790492 -0.058338497 
-0.04609793 -0.041766714 -0.035162825 
-0.08404432 -0.032990906 0.016836537 
0.015967084 -0.11776061 -0.09546965 
0.06619828 0.035842936 -0.034797672 
0.12367396 0.0743153 0.0662037 
0.07202243 0.027393932 0.07752177 
0.016124409 -0.048843194 0.0047329944 
-0.046126295 -0.015228798 -0.03422545 
0.05679975 0.08434671 0.03398969 
0.03730418 0.07492979 0.099587314 
0.041283574 -0.055036537 -0.03904988 
-0.009330598 0.005805757 0.05920201 
-0.062265165 -0.09266914 -0.027985256 
-0.0032459637 0.0649024 0.06599177 
0.023103792 0.0075470875 0.014318448 
-0.08706532 0.059041545 0.071592346 
-0.067126445 -0.0024642649 0.060962226 
-0.033316694 -0.1418503 -0.0716515 
-0.08994666 -0.054460883 0.07160412 
0.017607644 0.019805554 0.0015491025 
-0.09937401 0.005892368 -0.02092133 
-0.029342243 -0.054709595 -0.0007547302 
0.01715305 0.06406064 -0.019417299 
-0.030749679 0.063076936 0.09110754 
0.034579523 0.112297595 0.0088876635 
0.11767911 0.21978524 0.2039804 
0.22461018 0.09308841 -0.114597484 0.47618347 0.42660972 -0.021575347 0.023634044 -0.28589854 0.0478795 0.068264835 -0.116503455 -0.22759701 0.6646874 0.038881898 -0.37239102 0.11022805 -0.4101289 0.023114428 -0.009497912 0.0041042445 -0.007606535 0.09165439 0.073262736 -0.0149729205 
-0.09023917 -0.03365745 -0.017714104 
0.08445793 0.008851685 -0.08375957 
0.13246275 -0.056551907 -0.087059446 
0.021112375 0.0066860835 0.15577784 
-0.030716315 -0.11232119 0.0411702 
0.054556064 0.056889582 0.0013389506 
-0.03757369 0.02284942 -0.019999541 
0.07433828 0.019894965 0.0634028 
-0.066009 -0.008606584 0.024164513 
0.02313643 -0.03838691 0.15505162 
0.1053049 0.17879054 0.11812965 
0.05645182 0.17673576 0.09602877 
-0.12733397 -0.12499863 -0.07431921 
0.059976213 0.059409108 -0.17976438 
0.20087989 -0.02156592 0.034785796 
-0.12113508 0.024822796 0.14078005 
-0.19809903 0.13649799 0.17303053 
-0.4959534 -0.041937392 -0.036611125 
-0.056055136 -0.012455277 0.0005095567 
0.00076270365 -0.011547244 -0.0042104353 
0.01710771 0.0377412 0.039706286 
-0.0591838 -0.08532001 -0.0040446697 
-0.011281452 0.010960175 0.07787902 
-0.060615033 -0.013011156 -0.040901247 
0.033575576 -0.027097393 -0.1762326 
0.15010595 -0.034872465 -0.17052764 
0.09423087 -0.023977585 -0.15729123 
0.04300011 -0.07486183 -0.025192622 
0.07554549 -0.038925227 -0.00750156 
0.1184175 0.011115423 0.039273467 
0.0820557 0.05475662 0.06391906 
0.070353456 0.06841868 -0.04961204 
0.039726954 0.055791922 0.08615329 
-0.10576519 0.020764792 0.032029837 
-0.014420046 -0.041930392 0.110805064 
0.034450885 0.012686027 0.0658106 
0.010913847 0.052843947 0.0070586554 
0.07154458 0.048051268 0.029748416 
0.07171421 -0.003134164 -0.081259996 
0.073816344 -0.0077238786 0.027096745 
0.06252368 0.020180047 0.109107584 
0.05883124 -0.029485904 0.056882054 
0.0444745 0.027724186 0.06622702 
-0.024772553 0.026777467 0.06597222 
-0.04471909 -0.002158806 -0.05657947 
-0.0043241973 -0.015485294 -0.19374412 
0.1287522 0.004477695 -0.037715033 
0.10957837 0.0060363454 0.033699162 
-0.0015563385 -0.0606626 0.13907883 
-0.015739318 -0.030390246 0.07190192 
-0.15968823 0.0497538 0.18780796 
0.035547454 0.048661824 0.09300608 
0.031712085 -0.014365934 -0.12535326 
0.07859098 -0.029393682 -0.0021996787 
0.026575433 0.001235889 0.05621075 
0.026082668 -0.060099103 0.013285807 
0.055603478 0.056713425 0.023889873 
-0.023853352 0.021711344 0.11478837 
-0.006576281 -0.012596469 0.0633531 
-0.017667824 -0.004510083 0.03198115 
-0.09272441 0.05174736 -0.009566587 
0.07883859 0.110496454 0.097321615 
0.19818525 -0.10780409 -0.0028904853 
-0.028148985 0.06873963 -0.08845649 
-0.059554357 0.12480695 0.07328825 
0.021876303 -0.041096445 -0.05000476 
-0.084872656 -0.04847479 -0.026307376 
0.019247802 0.04594196 0.08947239 
-0.03651235 -0.098284714 0.014503619 
0.047250442 -0.02165062 0.14935732 
0.09654904 0.0025912966 -0.0006943201 
0.06967909 0.028782357 -0.027641706 
0.020457648 -0.12688676 -0.06732868 
-0.0775154 -0.016514493 0.11032789 
-0.029112324 0.06433465 -0.005683962 
-0.04177911 0.04242561 0.02726601 
0.093617894 -0.018078934 -0.055726986 
-0.019518059 0.052681282 0.15429415 
-0.06653064 -0.033084784 -0.041218963 
-0.01360338 -0.030278612 -0.061251696 
0.08448129 0.03413568 0.003471388 
-0.023196561 0.1371645 0.18287317 
-0.030778136 -0.023080833 0.015241399 
-0.038615204 -0.09223787 -0.19586791 
-0.10048911 -0.034718465 0.086277 
-0.039467875 0.023853064 0.21452841 
-0.08117889 0.04975543 0.0063409028 
0.03343279 0.001862842 0.000926925 
0.10802603 0.11368181 -0.072855845 
0.10858496 0.02013734 -0.28084716 
0.005288083 0.061522055 -0.042021334 
-0.03470413 0.019231321 0.003722321 
-0.0068064434 -0.022079058 -0.028287843 
-0.04119017 -0.07276021 -0.090205096 
0.008969077 0.11359809 0.14652756 
-0.010427575 0.022476394 -0.042191345 
-0.09005444 -0.06634787 0.14628704 
0.04207465 -0.02157396 0.18060595 
-0.027147168 -0.024838705 -0.12123492 
-0.005261376 -0.03358468 0.012350678 
0.031151501 -0.059104208 0.05553244 
-0.03027523 0.03508787 0.05302963 
-0.023962975 0.006374515 0.0029529636 
0.041594896 -0.020259494 -0.053833153 
0.029702406 -0.10166506 -0.02627043 
0.06806468 0.053107254 0.011344201 
0.049567696 0.06256947 0.004490096 
0.076614715 -0.018603448 -0.07598401 
0.0718587 0.017173916 0.16750975 
-0.048947554 0.043867067 0.24351542 
-0.0346677 0.010868497 -0.11308187 
0.0060130577 0.047931373 -0.0070380243 
0.0016694488 0.04640838 -0.000766964 
-0.04944673 0.02254599 0.09062878 
-0.000675724 -0.15002647 0.005777684 
0.08589585 -0.012183405 0.0044475077 
0.011590984 -0.0936843 0.04148009 
-0.08670002 -0.047962736 -0.08941822 
-0.08564076 -0.114125885 0.12382425 
-0.013354397 0.071978055 0.27944207 
-0.04325274 -0.016378155 0.05409112 
0.047292802 -0.00312677 0.07562206 
0.01019781 -0.118351944 -0.17134178 
0.028633358 0.007266343 0.048577406 
-0.007858177 0.031766646 0.047480896 
-0.03247856 0.014505779 -0.046442967 
-0.010866792 -0.067381315 0.054629344 
-0.026476804 0.060483437 0.13040051 
-0.07556143 -0.074499264 0.03623071 
-0.040775724 0.08219083 -0.0077473163 
0.04471533 0.07037935 -0.12141878 
-0.03621384 0.019217607 0.0077181603 
0.016695606 -0.07477079 -0.00012489031 
0.096407056 -0.06687438 0.1904981 
-0.019750092 -0.051786847 0.12965322 
-0.013195143 -0.044358514 0.047707066 
0.06262162 -0.020350521 0.048502125 
-0.040618256 0.053719632 -0.05610628 
0.069763266 -0.032047275 -0.08982518 
0.07722643 -0.033661187 0.00913298 
0.082410224 0.018069731 -0.025082232 
0.07721061 0.032261588 0.013862821 
0.016601317 0.014509936 0.044459667 
-0.06170302 -0.02243671 -0.023352634 
-0.0013269332 -0.03804967 0.07303861 
-0.06258506 -0.04825618 0.089873396 
-0.041434284 0.022619568 0.0563569 
0.07383581 0.053349037 0.051560134 
-0.083366044 -0.0687208 0.010808824 
0.005890602 0.014002859 0.018538956 
0.07194006 -0.06673705 0.031092431 
-0.028479189 0.07010394 -0.027551075 
-0.005724033 -0.019496426 0.018331174 
-0.0823436 -0.038720563 0.039453167 
0.008451335 0.018343233 0.023603078 
0.09666933 -0.04966011 -0.04394026 
-0.08865455 -0.024612123 -0.03428167 
0.046040826 -0.026536142 0.0056009647 
-0.09005131 -0.050315384 0.07813646 
0.10740352 0.01632491 0.016971802 
0.11622383 -0.07520758 -0.030299326 
0.25599027 0.037385702 -0.047638427 
-0.021549214 -0.064171545 0.0032744277 
-0.012814749 0.027591981 0.06311208 
-0.02612398 -0.0074284025 -0.002736882 
0.022640923 0.0029727195 -0.043181863 
0.061051205 -0.043694403 -0.077973135 
0.01267888 -0.05785472 0.06615474 
-0.047415093 0.008262742 -0.04700339 
0.0076756305 0.128749 0.073097065 
-0.037103042 0.016549822 0.07900673 
-0.018259322 -0.033991825 0.02294935 
-0.039044242 0.06631895 0.01756835 
-0.053224884 -0.005160878 0.07044103 
0.055661887 0.056406487 0.065797344 
0.056442726 0.00034693567 -0.04803678 
0.006763735 -0.05278052 0.061917923 
0.02000995 0.041123286 0.020721907 
-0.03842765 -0.047999628 0.024964316 
0.004107915 0.03697178 0.043632977 
-0.011008669 0.015548599 0.058314197 
0.06191525 0.017643206 0.06332204 
0.06592746 -0.030313568 -0.027457967 
0.026951877 0.06613828 -0.003719948 
0.010393315 -3.0061803e-05 0.011502991 
-0.064653814 -0.0025846134 0.034514297 
-0.07742785 -0.019243933 -0.015069052 
-0.027436871 -0.011266303 0.04828045 
-0.047940556 0.0073218755 0.059166133 
0.042529926 0.094226204 -0.036633514 
-0.14651021 0.047812857 0.034256443 
-0.0668743 -0.050961796 0.0046442337 
0.018857948 0.0016038466 -0.11506947 
-0.028644921 0.04831555 -0.022202618 
0.11984588 -0.0070342 0.07025966 
-0.056963626 0.03135701 0.035515074 
0.02882929 -0.04858904 -0.020349523 
0.04313698 -0.05538525 -0.015325016 
-0.07185625 -0.014435862 -0.0068449164 
-0.03924759 0.020733424 -0.052625 
-0.05717071 -0.036485184 0.024877267 
0.02394256 0.02928466 -0.021769512 
-0.0060414285 -0.027922127 0.034561645 
-0.015572521 -0.0052997987 0.054650757 
-0.060561955 -0.032024767 0.015067965 
-0.02289356 0.007641696 -0.07422916 
-0.057908595 -0.03893408 0.034053028 
0.014488756 0.0358543 0.001443771 
-0.050994642 -0.04684927 0.028312188 
-0.027500756 -0.0597993 0.02646115 
-0.068282336 0.052822202 -0.06145391 
-0.08025416 -0.016338663 -0.028310733 
0.002211941 0.026909342 -0.014701642 
-0.044672947 -0.060254198 0.049634345 
-0.050823297 -0.07502049 0.013962103 
-0.009087093 -0.009621031 0.091497436 
-0.10207726 -0.052350484 0.059643503 
-0.040110417 -0.029890802 0.09333403 
-0.022420144 -0.010403814 0.022473644 
0.1625401 0.07494542 -0.035608586 
0.055704203 -0.08256068 -0.023848157 
-0.10187647 -0.055414543 -0.12407115 
-0.034306232 -0.07121544 -0.0059509957 
0.043697093 -0.011827829 -0.0029620016 
-0.04975545 -0.026585657 -0.004419384 
-0.078599595 -0.085244566 0.072912164 
0.010121897 0.026861433 0.10565888 
0.054635078 0.070142865 -0.021012025 
-0.06733311 -0.11184483 0.068050034 
-0.06974398 0.082470015 0.12458428 
0.10548508 0.015835958 0.035251286 
0.21250321 -0.023641385 0.11599001 
0.041271854 -0.08781541 0.0023770493 
0.1988611 -0.017181326 -0.029555041 
-0.00840236 0.04254861 0.052463483 
0.022864934 0.024517747 -0.020848982 
-0.06197863 0.028371269 0.014763123 
-0.0030129931 -0.040909063 -0.04004124 
0.015448934 0.034506187 -0.12794268 
0.026658855 -0.05937613 0.044113703 
-0.05879774 0.019463392 0.1077598 
-0.007821795 -0.08170645 0.01693295 
0.030915711 -0.030003387 -0.03608254 
-0.05220579 -0.017742874 0.035304345 
-0.015620164 -0.018724332 0.09720339 
-0.08426864 -0.013169601 -0.027286524 
0.058145545 0.06941053 0.005158999 
0.050491262 -0.042864673 -0.028235504 
0.09044408 0.042354643 -0.044331677 
-0.017667603 0.021065341 0.053529855 
-0.10083795 -0.042457752 -0.07453808 
0.069032565 -0.03903498 -0.07938596 
-0.04190669 -0.12694313 -0.032739986 
-0.04021521 -0.012767113 0.001399556 
0.11304649 0.014067731 0.08202084 
-0.035243817 0.019321831 -0.0019326032 
-0.00567276 -0.041364547 0.03593065 
-0.031785358 -0.040154386 -0.0018402511 
0.06073415 0.0974452 0.049170513 
-0.0012156928 -0.045039732 0.0035776289 
-0.0030910557 -0.009652543 -0.09766147 
0.06308994 0.009586851 0.021564227 
-0.034959998 -0.016936097 -0.0875331 
-0.025132252 -0.12168621 -0.014793529 
0.05085372 0.07600794 0.1546732 
-0.005399336 -0.006531603 0.009282203 
0.020633668 -0.07124158 -0.111060716 
-0.028132744 -0.09303593 0.15619048 
0.027082965 0.010870553 0.00615303 
0.095488034 0.0257082 0.034493644 
-0.03200698 -0.046420876 0.04885389 
0.03436066 -0.067938626 0.040663697 
-0.031528205 -0.005145668 -0.0009545778 
0.08027201 -0.022648133 0.06606061 
0.006879484 0.043469436 -0.025577256 
0.00066064857 -0.056857053 0.026097571 
-0.017902328 0.022094179 -0.051015582 
-0.05763185 0.09223048 -0.08993331 
0.06723865 0.056689125 0.033693176 
-0.05160762 -0.058759857 -0.13039483 
-0.020830082 0.0336298 -0.06726644 
0.07966425 0.026526462 0.29549757 
-0.028911596 -0.066720545 -0.08412253 
-0.0011198493 0.11964728 -0.019669157 
0.017146878 -0.06485617 -0.024925072 
0.049931962 0.07526516 0.18769751 
0.030769998 -0.06525948 -0.085927345 
-0.05651972 -0.009516903 -0.115073256 
-0.04970585 -0.0071003395 0.0041624177 
-0.0015512649 0.021687375 0.04321932 
0.02201856 -0.0306526 -0.01570093 
-0.007887599 -0.048202675 -0.09491594 
-0.015370706 -0.056060735 0.009304964 
-0.001975012 0.04014746 0.040726323 
0.0194607 -0.034225527 0.0067250975 
-0.042715658 -0.03761357 -0.05662538 
0.028822798 0.035342123 0.07214643 
-0.12634042 -0.09260623 -0.040866226 
0.047570314 0.022402117 0.059043296 
-0.044995587 0.0056682173 0.023248639 
-0.073643364 -0.013220748 -0.11269458 
-0.036770727 0.032614727 0.018077772 
0.0102162985 0.032225497 -0.09459896 
-0.0039561875 0.00065339037 0.01668868 
0.028606832 0.17811982 0.12508465 
0.018496737 -0.01720956 0.08480142 
0.009996679 0.03196067 -0.018770583 
0.058514327 -0.06319909 -0.036307026 
-0.006454491 0.011679067 -0.06257636 
-0.023173098 -0.015023135 -0.021979751 
0.03564496 0.12130027 0.010807452 
-0.00023850039 -0.06666048 0.019365191 
-0.013622744 -0.023373766 -0.098424755 
-0.012948433 -0.008165841 -0.0040120585 
-0.036792137 0.041347537 -0.009945924 
-0.04813492 -0.06501352 0.036190454 
0.042739205 -0.04377359 0.011892842 
-0.05493677 -0.053307053 -0.0050639524 
-0.034474596 -0.011039982 -0.059648473 
0.024372844 -0.047957513 -0.027459333 
0.06512876 0.045840986 -0.011255643 
0.0016646113 0.007269518 -0.025159411 
0.03436967 -0.027170949 0.11540484 
0.0061587053 -0.01265513 0.011520083 
-0.005822048 0.013401114 -0.03197139 
0.036017023 0.03230007 0.03978765 
-0.03163303 -7.161119e-05 0.024246274 
0.004758099 -0.02541465 0.011604853 
0.00096990675 -0.062452193 0.049799036 
-0.03773774 -0.016579665 -0.05953567 
0.039163735 -0.0074812113 -0.08342184 
0.061485212 -0.015295757 0.0006739721 
0.046179917 -0.024001222 -0.00079074386 
-0.065290324 -0.09764088 0.027628548 
-0.09457475 0.011959018 -0.109808035 
-0.0009944973 -0.083437935 -0.08301079 
-0.078953564 -0.11127793 -0.03299536 
0.05732249 0.067432724 0.11094263 
0.066114195 0.0018331553 -0.041782998 
-0.057677418 -0.025811655 -0.049448345 
0.05727272 0.07096721 0.043306667 
0.041959878 0.03188716 0.04841036 
-0.1024567 -0.0147883 -0.089096166 
-0.050913703 -0.052008715 0.05533749 
-0.022820791 0.08527653 0.03177573 
-0.06278 0.035111584 -0.025159264 
0.002530234 0.023620227 0.06454308 
-8.352722e-05 -0.03950552 0.06854141 
-0.09098522 0.01344935 0.06339074 
-0.023437498 -0.07561769 -0.09318515 
-0.036244325 0.0017003326 -0.046757337 
0.078844 0.08782279 0.08049984 
0.012747338 -0.030968199 -0.051397048 
-0.06339974 0.04754614 -0.051576868 
-0.008945237 -0.06272032 -0.012906116 
-0.061404668 0.028878864 -0.0021900665 
-0.06389483 -0.06555858 0.004631366 
-0.02172658 -0.048581608 -0.043790378 
-0.06219906 0.040597584 -0.06922019 
0.020399181 0.015564123 -0.05407194 
0.033637498 0.0273186 0.08946291 
-0.005846234 0.092430994 0.060731217 
0.013031839 0.09162417 0.054691374 
-0.02085136 -0.07743897 -0.038350098 
0.0033687453 -0.016832339 0.008972783 
-0.003653996 -0.008246952 -0.07271408 
-0.0025823778 0.024439136 -0.020202188 
-0.0039291857 -0.042077053 0.06510118 
0.052014973 0.008370913 0.03705185 
-0.007386104 -0.07965838 -0.12592699 
-0.048413303 -0.06478472 -0.024637168 
-0.013692887 -0.03392352 -0.013718519 
-0.04799873 -0.016278235 -0.024046512 
0.046440683 0.03700165 -0.07289136 
0.108537465 0.023110166 0.039491363 
-0.06277332 -0.07834114 -0.054106474 
-0.035870906 -0.06339975 -0.072658755 
0.0074482737 0.026487663 0.029294897 
-0.038804054 -0.05855971 -0.0009533653 
-0.021458745 0.002359487 0.0046982504 
0.006177325 -0.018880751 -0.0017959184 
-0.06566267 0.023033198 -0.051200032 
-0.0324035 0.04249297 -0.018221656 
-0.06554743 -0.04418541 0.0033623078 
-0.054256707 -0.011613443 -0.09432953 
-0.037715606 -0.042230003 -0.10923368 
-0.08393124 0.013619575 -0.03988578 
0.07564874 -0.011141438 0.053665392 
0.007596968 -7.494009e-05 -0.03617951 
0.06843523 0.023860492 0.0721802 
0.05210769 0.0599783 0.035791308 
-0.07095735 0.02872963 0.03348173 
0.049861893 0.056003302 0.015624206 
-0.045048498 0.018575042 0.003563587 
-0.038586006 0.03291268 -0.08633102 
-0.05991798 -0.08484421 -0.07163513 
-0.0559181 -0.04375037 0.018535417 
0.017589113 0.043410886 -0.049648505 
0.015152957 0.036385953 -0.05892188 
-0.071143724 0.0058840266 0.013502813 
0.0144008165 -0.016508158 0.038120084 
-0.06292924 0.0030645928 -0.07327009 
0.0456325 -0.06132352 -0.061268654 
0.0346129 -0.041415866 -0.09211458 
0.027861563 -0.0290037 -0.084676094 
-0.018262083 0.054536548 0.007992871 
-0.018552555 -0.021534031 0.106566966 
0.05571357 0.04387363 -0.017364169 
-0.105632626 -0.032191813 -0.11975557 
0.027538197 -0.06444496 -0.075172976 
-0.02479265 -0.014192259 -0.12973067 
-0.041766744 -0.036339622 -0.033058457 
-0.017673504 -0.006766525 0.058762994 
-0.03383956 -0.0024258634 0.04477542 
-0.040654484 -0.056865416 -0.052096102 
-0.06400683 0.055890415 0.046128865 
-0.024314499 0.07274864 -0.029142994 
0.044011593 0.06799873 0.0109218005 
0.04311114 -0.01887473 -0.021196073 
-0.0043951212 0.01981796 0.039746225 
0.00076960353 0.092823364 0.006053414 
0.03586306 0.05124834 -0.020268548 
-0.031527054 -0.049047377 0.027141135 
0.08015846 0.10781396 0.098445304 
0.061621144 0.025077237 0.034566462 
0.093485825 0.0031153113 0.09071641 
-0.008380423 0.041664403 -0.0020646343 
0.0639392 0.026724396 0.031065904 
0.027963577 -0.062362537 -0.05751837 
-0.02007335 -0.07883378 -0.041148484 
-0.018303962 -0.041534208 -0.004975639 
0.030732078 -0.025791904 -0.023541497 
-0.03272924 0.03623343 0.024797836 
-0.0006486799 -0.028201815 0.0012065537 
0.104360506 -0.07984758 -0.08351956 
0.14374995 -0.02657021 0.052295916 
-0.010083462 -0.04228036 -0.043610837 
0.080587156 0.1093439 0.14138238 
0.03528633 0.016744517 0.01236498 
-0.0042201728 0.041427627 -0.043423913 
-0.06408775 -0.09333835 -0.06420722 
0.032338977 0.060098227 0.1710529 
-0.15396953 0.06576778 0.13059765 
-0.057970762 0.17961828 0.08629117 
0.026848076 0.091055065 0.19563836 
-0.09498021 0.06750523 0.027835645 
-0.1648586 -0.0147873 -0.25153562 
0.1526545 -0.0064464575 0.06264404 
0.04999624 -0.06005698 -0.03384881 
0.038344976 -0.010998012 0.039456174 
-0.00077480567 -0.058617603 -0.0050349697 
-0.046101566 -0.038650256 0.059959713 
-0.008013803 -0.029440079 -0.06741212 
0.014757269 -0.01995056 -0.0990428 
0.022670515 -0.054854933 0.039585873 
-0.007511117 0.06370222 0.004029725 
-0.0045290994 0.036439084 0.009732234 
-0.09132216 0.0053676744 -0.020820905 
-0.002076033 0.1588084 -0.11335116 
0.05759886 -0.027783912 -0.034277804 
-0.057010256 -0.052584253 -0.07503175 
-0.038716543 -0.003926568 -0.035699062 
-0.027983624 -0.033951662 0.06215904 
-0.0073397215 0.084178835 -0.026043238 
0.08639678 0.044098105 0.078109354 
-0.053118404 -0.03161876 0.039679624 
0.022233494 0.13396297 0.06563726 
0.13428216 0.050599087 0.03304506 
0.043926973 -0.06237859 -0.032359313 
-0.044243686 0.00845904 0.0040136334 
-0.04072661 -0.060563847 -0.05762927 
0.05765027 0.018120423 -0.022021823 
0.07050699 0.0760249 0.066917144 
0.04104063 0.12981348 0.10639479 
0.09396 -0.004356258 -0.018595904 
-0.11269207 0.14807454 0.051108062 
-0.033767197 0.08389773 0.10000818 
0.049757626 0.036945514 -0.053622413 
0.07216579 0.016859116 0.027327102 
0.07858685 -0.0047665033 -0.12999889 
0.023250591 0.030277846 0.01729469 
-0.15519044 0.050080832 0.06512578 
0.029814577 0.10095975 -0.06962447 
0.028786734 0.022778736 0.010008897 
0.002742936 -0.054877635 -0.119354255 
-0.01979419 -0.014251052 -0.089257784 
0.013086634 0.09691691 0.12781987 
-0.121138476 -0.108579494 -0.04140917 
0.030429587 -0.01708421 0.027750717 
-0.07618679 0.059827145 0.03511697 
0.033167385 0.05285368 0.10160478 
-0.053280972 -0.06667854 0.06610924 
-0.035236467 0.0451152 0.03683066 
0.12731417 0.1195139 0.062347125 
0.1447214 0.0096780555 0.03654312 
-0.0072606653 0.07175203 0.053137302 
0.13624784 -0.07989707 0.10925314 
0.027035765 0.1031594 0.22432928 
-0.12290315 0.0043002 0.029749533 
-0.080852434 -0.041170064 -0.022322578 
0.004055992 -0.005754737 0.11838492 
-0.014528347 -0.0717071 0.051293537 
0.06507177 0.113873616 0.06187223 
-0.022572787 0.037964243 -0.107121035 
-7.856427e-05 0.032459427 -0.035399433 
-0.00081225444 0.026125329 0.045159414 
0.001329992 -0.01831718 -0.050826382 
-0.06476972 0.05283661 -0.029976564 
-0.03745078 -0.06478781 0.025845453 
0.0024823265 0.047133557 -0.052703075 
-0.045604937 -0.006660868 0.03906105 
0.027086461 -0.018637102 0.020774273 
-0.05596695 -0.031803146 -0.0527423 
-0.04097736 0.015695477 -0.03369709 
-0.017529381 -0.045744106 -0.015065283 
-0.06303395 -0.06909082 -0.052531663 
0.01386212 0.023573285 0.043571554 
0.035852727 -0.06655844 0.0029067248 
-0.041443087 -0.051930066 -0.038067363 
-0.0440554 0.036298156 -0.0048614186 
0.04719757 -0.057472862 -7.460442e-05 
0.0056194947 -0.02458737 0.03981574 
0.011338885 0.019910645 -0.04120586 
0.054666445 0.026448397 0.05609092 
-0.015566158 0.019244935 0.027000424 
-0.027017834 0.03489669 0.02794769 
-0.04064885 0.016562786 -0.019292137 
-0.062442433 -0.031427585 -0.062495008 
-0.021031708 -7.028662e-05 -0.05499004 
-0.02077428 -0.011610236 0.021259302 
-0.047194842 -0.013180829 0.019440586 
-0.017405152 0.010665515 0.044343796 
-0.06805075 -0.00872067 0.034921203 
-0.019508993 0.0072534867 -0.0024048367 
-0.035367373 0.048950087 0.053432476 
0.030812874 -0.02955993 -0.002050696 
0.0077809757 -0.054693196 -0.035488434 
0.013080242 -0.024182964 0.044541817 
-0.010814305 0.046440724 0.004184068 
0.05952933 -0.030515263 0.02811789 
0.052679326 -0.0013484858 0.036647603 
-0.062316775 -0.033410005 0.040932838 
-0.04649476 0.05257474 -0.053250324 
0.011756077 -0.04341572 0.011609897 
-0.022509396 -0.026613675 -0.050952855 
-0.019107053 0.012891529 0.0050128596 
0.007046173 -0.013567902 0.03654078 
0.029069344 -0.009143569 -0.061686296 
-0.06496336 0.032717835 -0.014044447 
-0.03499347 0.020197917 -0.0013885222 
-0.010775321 -0.045353796 -0.06802883 
0.017086219 0.019404283 -0.042461284 
4.9370054e-05 -0.055133034 0.045745037 
0.047255985 -0.00947104 -0.030671371 
0.024605533 -0.015480326 -0.06869413 
-0.05154778 0.018245861 -0.059862066 
-0.005421671 -0.065123186 -0.004448024 
-0.001700614 -0.0060428213 0.013952402 
0.012786444 0.05175035 -0.04516411 
-0.04630734 0.05239967 -0.03142933 
-0.03988533 0.03754537 0.036735386 
-0.019645529 -0.04786452 0.04376917 
0.0065270057 0.05218853 -0.06355843 
-0.00472388 -0.059087697 0.060749378 
0.006674921 -0.008420479 0.033631995 
-0.027331527 -0.003586792 0.04624999 
0.031633027 0.0070721153 -0.024698619 
-0.038305387 0.058657948 -0.01733564 
0.04108671 -0.03433324 0.0051154597 
-0.04162006 -0.02401594 0.027837789 
-0.05895026 -0.038036782 -0.065849304 
-0.05737283 -0.0060394728 -0.043177024 
0.030062044 -0.041520372 -0.00949662 
0.038343135 0.010910615 0.007431094 
0.036062073 -0.039513662 -0.024760863 
-0.018666489 0.054322597 -0.056445714 
-0.04364598 -0.051065803 -0.028599346 
-0.040629376 -0.011397204 0.033315577 
0.05794853 -0.043117844 -0.05018213 
-0.05531151 0.0018093429 -0.04263695 
0.04860908 -0.013902331 -0.034675457 
-0.015068281 -0.06318191 -0.023655422 
-0.044000167 0.02584076 0.05353437 
0.04679897 -0.013340825 -0.042771105 
0.006691606 -0.009635836 -0.056472506 
-0.020313641 -0.0052873944 0.039864376 
0.01221496 -0.014891503 -0.033340383 
0.03477867 -0.04198295 -0.034584682 
-0.031168317 -0.013006554 -0.040435392 
-0.024522731 -0.0063831666 0.037239123 
-0.034929633 -0.0056988946 -0.052594718 
-0.05138439 0.00017027571 0.025760258 
-0.033600386 0.013100748 -0.028512333 
-0.0067664473 0.020115612 0.035957474 
0.06674384 0.038783737 -0.009074332 
-0.026609048 0.045940384 -0.0023106316 
0.005931975 -0.06422295 -0.05141011 
0.03684426 -0.042935044 -0.06734671 
0.06627621 0.055608544 0.011335454 
0.055634297 -0.036471188 -0.023524567 
0.0052784625 -0.029040422 -0.03428181 
0.040551487 -0.03809689 0.0147245675 
0.052130926 0.017927572 -0.046779353 
-0.004181789 -0.025477653 0.062480707 
0.0025320016 0.049430452 -0.059766978 
-0.050011788 -0.04116393 -0.0283504 
0.009042634 -0.04760554 0.024844194 
-0.03223353 0.05943514 -0.053995058 
0.0076405737 -0.055494715 0.040365603 
-0.015139994 -0.0044406424 -0.057202466 
0.042754512 0.041464057 0.03560294 
-0.0143540185 0.03677309 0.053597517 
0.029245457 0.05663405 -0.052950166 
0.040811587 -0.044206753 -0.022170113 
0.052490115 -0.034422655 0.0656058 
0.028771685 0.016680837 -0.05577381 
-0.048254006 0.023562027 -0.02550778 
-0.02092015 -0.02808266 0.0022225399 
-0.041961413 -0.07512111 0.040979482 
-0.06645202 -0.0713009 0.03564053 
0.031738594 -0.047180876 -0.007530367 
0.008231292 0.018307898 -0.07192185 
0.039904993 -0.0679875 0.037968576 
0.02042592 0.060077026 -0.022282239 
-0.066776186 0.022983568 -0.0228151 
-0.0661191 0.019183509 -0.048233487 
0.0045636245 0.039960783 0.043398533 
0.0421208 -0.04736722 0.0147436 
0.015447374 -0.017789546 -0.04948928 
-0.021857725 0.034128368 0.058263518 
-0.029907875 0.055436086 -0.037631426 
-0.0010241811 0.034697596 -0.06815874 
0.027050285 0.042222276 -0.046199612 
-0.0015106999 -0.040423576 -0.05817651 
-0.04295892 -0.016128806 -0.003343073 
-0.044235766 0.022883339 0.049737442 
-0.04747923 0.01806234 -0.03899561 
0.05788115 -0.060361523 0.03478001 
0.018564388 0.011789895 0.0102493735 
0.022787327 -0.034428407 0.032213844 
0.0009583712 -0.053292625 -2.4432848e-05 
-0.013793401 -0.06957181 0.043559264 
0.06493368 -0.03070734 0.064249866 
0.05935912 0.057013877 0.016352594 
0.05134017 0.01283738 -0.06570237 
-0.013112111 -0.0010195047 -0.06415698 
0.041415405 -0.059797898 0.0055902777 
-0.05335344 -0.03893407 -0.057430904 
0.045445528 0.0019393458 0.10528709 
-0.06120648 0.0061350237 0.048881993 
0.05619964 -0.070765845 0.03087942 
-0.08359986 -0.008617183 -0.033742275 
0.03223668 -0.10581688 -0.044496384 
0.04922574 -0.1529711 -0.013745931 
0.03459677 -0.012849914 -0.005711601 
0.08314966 -0.025861416 -0.049369525 
-0.0044734166 0.035003185 0.0026501124 
-0.041990478 -0.07071849 0.05048206 
0.061639596 -0.010030903 0.15855663 
0.12801744 -0.04908307 0.08049462 
0.032297596 0.028480904 0.1063202 
-0.00086390064 -0.03797221 0.06356288 
-0.0070060566 -0.03961176 -0.03747871 
0.07781254 -0.13870178 0.014210991 
-0.031204268 -0.24023204 0.22347683 
-0.056426365 -0.16848727 0.110876866 
0.035690982 0.058763795 0.053356156 
-0.0055855783 0.024805134 -0.0016078956 
-0.029218879 -0.0007953391 0.042588573 
0.0718567 -0.047389995 0.054833584 
0.049704842 -0.052073885 0.010991976 
0.0056717442 -0.043617163 0.078030474 
-0.071738325 -0.03512358 0.20481302 
-0.08045562 -0.20908928 0.028513994 
0.09467598 -0.11027578 0.09568812 
0.065780446 -0.018142106 0.031123871 
-0.046360943 0.0055990117 0.0027413259 
-0.02742256 0.019049631 0.0006801872 
0.029294485 0.024528794 -0.03143968 
-0.00034440032 0.04755514 0.034574024 
0.016389921 -0.019342111 -0.046551928 
0.020815646 0.036018204 -0.005164491 
-0.010906403 -0.06342481 0.09020263 
-0.08309191 -0.014111283 0.110776365 
0.09186036 -0.05663139 0.16918366 
0.12448611 -0.03171793 0.14839625 
0.09501795 0.0030596314 0.20291261 
0.026265044 -0.039154492 -0.1026337 
-0.022702461 -0.017607898 0.0010828574 
0.02840594 -0.06350165 0.054281376 
-0.13119657 -0.070335455 0.014806621 
-0.0020437625 -0.11295211 -0.059082467 
0.032574616 -0.16366406 -0.0065814587 
0.04435361 -0.008712255 0.0679241 
-0.06325707 -0.063204415 -0.16322605 
0.0032785758 0.08312025 -0.021442162 
-0.065411285 -0.00951924 0.07273243 
-0.0626537 -0.14407048 0.110845365 
-0.04150143 -0.024279991 0.10624284 
0.10685114 0.06689088 0.093611814 
-0.014259513 -0.08264716 0.054637186 
-0.025422568 0.00070399273 0.117838725 
-0.021179628 0.09983967 -0.052728225 
0.04436368 0.017646432 0.038876206 
-0.06441699 -0.057701726 -0.114676334 
-0.04078288 0.063369356 -0.044088606 
-0.020054573 0.0408126 -0.03387867 
-0.011575082 0.030263018 0.03442414 
-0.15090421 -0.00275804 -0.050673693 
-0.06921217 -0.08308462 -0.07741455 
-0.04509904 0.032531526 -0.001673259 
-0.084593214 -0.08928739 -0.00912588 
-0.1464452 -0.13041002 -0.17003182 
-0.0979094 -0.09456007 -0.11057408 
-0.021809842 0.06604244 0.02811479 
0.012112482 0.019113554 0.07243016 
0.0010678882 -0.08480986 0.008668064 
-0.0028260017 -0.12463906 0.079227135 
-0.030245734 -0.06701436 0.03981618 
-0.02993201 -0.013997843 0.10231742 
-0.09311012 -0.10831738 0.016002055 
-0.06377973 0.078657724 0.020230727 
0.016371708 0.070744805 0.06716111 
0.25012627 0.031691827 0.17501628 
0.008026715 -0.13693178 -0.02829726 
0.055229772 -0.09105707 -0.02835624 
0.06477906 -0.030999172 -0.00752111 
-0.035139874 -0.06262879 -0.05347454 
-0.031240733 0.0035968078 -0.04962205 
0.12718281 0.12321696 0.1209333 
-0.11594752 0.019742686 0.014839272 
-0.19719705 -0.12613872 -0.091513276 
0.020943286 0.05844143 0.09501734 
-0.066938035 0.035933126 0.024568552 
0.005595296 -0.09376347 -0.03881391 
0.12803382 -0.0114241475 0.12058973 
-0.08807617 0.0079491045 -0.029241199 
-0.18805657 -0.08253704 -0.09865258 
-0.01580393 -0.01003073 -0.04477128 
0.053031996 0.05542441 0.00812934 
0.031124515 -0.03440819 0.038937137 
-0.045083907 -0.08272994 0.03702402 
0.07200372 0.040902328 0.035143465 
-0.044763688 0.06021703 0.07125388 
0.19227877 0.021340156 -0.04652336 
-0.03756775 0.040926915 -0.017946295 
-0.06570366 -0.14935496 -0.14565352 
-0.046480715 -0.07772179 -0.048168533 
0.055684216 0.043619294 -0.09218644 
0.0063396636 -0.09391763 0.026754208 
-0.07510343 0.024707794 -0.05405823 
-0.05310824 -0.01015238 0.018205354 
-0.027375586 -0.03990256 0.09504033 
-0.039078217 0.022241956 -0.08176478 
0.014932518 -0.022011558 0.021283707 
-0.03872784 -0.011165567 0.049809795 
-0.0144519815 0.022519553 0.054503515 
-0.072392 0.022198169 -0.039823607 
-0.21554373 -0.010816257 0.024091298 
-0.024969086 -0.009588127 0.060659736 
-0.019787466 -0.055892356 0.083439246 
0.0826223 0.061473988 0.09869139 
0.19100554 0.037450347 0.0005053498 
-0.06763456 -0.0055488306 0.07811565 
-0.10408633 -0.06907689 -0.09102426 
0.00919265 -0.03722272 -0.0071310825 
0.023126608 -0.059042107 0.011172734 
0.023294404 -0.15137294 -0.041156895 
0.18600318 0.0016472876 0.11647062 
-0.04084824 0.12794243 0.0630806 
-0.19104569 -0.19064704 -0.05990284 
0.10695469 0.012491711 0.13543122 
-0.021492392 -0.0112123815 0.03140409 
-0.20887633 0.056673333 0.029128669 
0.051975068 0.09966477 0.10416784 
0.015572173 0.022240268 0.05794784 
-0.022654753 0.13764162 0.02447429 
-0.030132337 0.0045859036 0.016017225 
-0.13266462 -0.03124952 -0.007406231 
0.07416487 0.040487554 0.12329817 
-0.10455326 -0.08599432 -0.08855162 
-0.014210977 0.015882345 -0.011357259 
-0.09753261 -0.03971462 -0.03766413 
-0.065423675 -0.016634878 0.022537516 
0.009229319 0.07929423 0.03314606 
-0.04327098 0.084630445 0.032492608 
-0.022250153 0.040742584 0.07797103 
0.0748516 0.033228286 0.041904088 
0.00174076 -0.034082547 0.034883488 
0.19664165 0.099282034 0.12664218 
0.0074034594 0.075677216 -0.050765585 
-0.030476669 -0.13653995 -0.01128881 
-0.017652657 0.08283 0.05336513 
-0.011916281 0.055354174 0.007790379 
0.0196478 0.06506746 -0.015905088 
-0.1225923 -0.15547651 -0.109691545 
-0.13827528 -0.12688957 -0.028436715 
-0.04187658 0.06758379 -0.01872443 
-0.018441468 0.01771365 0.054374382 
-0.11170234 -0.021359388 -0.03931569 
-0.09359448 -0.008933397 0.010188184 
0.108675905 0.110533 0.104018085 
0.1897717 0.18488406 0.13301556 
-0.10187227 -0.0033906614 -0.09549611 
0.10610123 0.1474096 0.12628062 
0.063651405 0.12770766 0.07500735 
-0.12407244 0.089999534 -0.05820663 
0.11903134 -0.052496426 -0.06207562 
0.010779653 0.011399585 -0.027276149 
0.05538019 -0.021809699 0.043305576 
0.04415177 0.04157614 0.024970958 
0.0066235787 -0.0523229 0.053428512 
-0.009083705 -0.0070142755 -0.0010657227 
-0.1147658 -0.10766354 -0.09549273 
-0.14203866 0.049595416 -0.077387474 
-0.0062758294 -0.058587845 -0.08852398 
-0.020171706 -0.0403027 0.04263656 
0.07411029 0.09891619 0.060672294 
-0.14183468 0.09665256 -0.0060497164 
-0.04372024 -0.08690273 -0.08840233 
0.04973297 -0.020734757 0.014049228 
-0.06992206 0.094014466 0.018073557 
0.02576049 -0.04427258 -0.07227632 
0.034147937 0.07251637 -0.04500837 
0.044820704 -0.021389011 0.016341887 
-0.10271431 -0.12509875 -0.11282324 
0.024699276 0.019138679 0.07855244 
0.0206736 0.061386574 -9.757169e-06 
0.103739314 0.18459387 0.13706589 
0.17834489 0.17687117 0.23660035 
-0.0010120771 -0.039916553 -0.08835474 
-0.021564875 -0.0060884943 -0.050983846 
-0.038588244 0.054703485 -0.024569046 
-0.010839814 0.028768484 0.026081376 
-0.027338888 -0.093600705 -0.1396168 
-0.07161894 0.017445674 -0.047672898 
-0.0018814697 0.058013745 0.054382805 
-0.22056808 -0.16731143 -0.15409382 
-0.14782505 -0.02368603 -0.0329032 
-0.062467966 -0.019937674 -0.03667465 
0.0076974584 -0.024840934 -0.00025805767 
-0.02868587 -0.011684119 -0.0008073188 
-0.11425733 0.05040222 -0.04803756 
0.09537072 0.09112971 0.05542513 
0.08979161 0.0668404 0.09791987 
0.02482358 -0.04551246 -0.12583761 
-0.08480499 -0.12167164 -0.06886061 
-0.0457017 0.014353934 0.067156896 
0.040804915 0.06468925 0.06840968 
-0.07951552 0.05326608 -0.008203319 
0.042037226 0.05892088 0.057715833 
-0.065900445 0.00412348 -0.012823655 
-0.15864211 -0.15457973 -0.08317568 
-0.11223064 -0.106330775 -0.1008665 
0.013415332 0.05025377 0.05428529 
0.09413548 -0.0034917332 0.024614772 
0.030121785 -0.03969996 -0.11972226 
-0.02403977 -0.033824593 0.02283089 
-0.082220726 -0.12566951 -0.05283149 
-0.15042228 -0.011445861 -0.09130553 
-0.13524619 0.002199065 0.0699241 
-0.0066764276 -0.048340347 -0.09269958 
0.014932916 0.11914478 0.1959994 
-0.036832146 0.0690874 -0.055387385 
-0.027667237 -0.1278728 -0.023594439 
0.0549527 -0.056200445 -0.015282751 
0.1274016 0.058565997 0.09608736 
-0.066161424 -0.0037206882 -0.13661832 
0.040483862 0.08816036 0.062811576 
0.1322342 -0.08082869 0.0131825 
0.0030996113 -0.010883557 -0.07826269 
0.08745294 0.011440737 0.018196514 
-0.01701329 -0.030548511 0.07047914 
-0.037108485 0.07337055 -0.046121623 
0.0032124654 0.11542298 0.08249262 
0.08034061 0.02857196 0.021380115 
-0.16401453 -0.21155815 -0.09950405 
-0.045933362 0.034537878 -0.027777735 
0.088468574 0.12685715 0.1123836 
-0.09169121 0.086457215 -0.039570983 
-0.013454207 0.07087553 0.2770481 
-0.18422925 -0.15505987 -0.28103378 
0.032131534 -0.036014687 0.06647732 
-0.06305075 -0.037145056 0.04380108 
0.056777425 0.041956034 -0.0045859516 
0.02181195 -0.031574324 0.07981198 
0.024828672 0.016560573 -0.055109683 
-0.0021003003 0.15162179 0.0010517285 
-0.08267206 -0.048044913 -0.061093748 
0.07043097 -0.10668835 0.016668933 
0.15994261 0.114370964 -0.04304238 
-0.004240299 -0.15727614 -0.058863495 
0.06436386 0.051611453 0.05573744 
0.13990958 0.074696004 0.06467311 
0.061039682 0.08334259 0.011060401 
0.0220271 0.042874772 -0.07300791 
0.030222189 -0.026701214 -0.013226758 
0.066443905 0.080001116 0.023905488 
-0.05879774 0.019784728 -0.028567925 
-0.02615115 -0.053364627 -0.10385937 
-0.087960854 -0.023250978 -0.060922954 
-0.02200222 0.013917383 0.031241916 
-0.0006333304 0.13390546 0.10027037 
0.006135776 -0.030797703 0.07213078 
-0.0103748655 0.08305173 0.04486858 
0.035304468 0.03419332 -0.0019199594 
-0.005425442 0.06984192 -0.0747204 
-0.0021905808 -0.04938278 0.0934038 
-0.059649438 -0.103580855 -0.12465294 
-0.068444595 -0.20813055 -0.09294593 
0.013971843 -0.0422195 -0.07426083 
0.18396826 0.15637797 0.29500347 
-0.057259306 0.033880465 0.04501263 
-0.0053189336 0.049157485 0.11472995 
-0.06599127 -0.03572912 -0.20276397 
-0.08504746 -0.022267746 -0.036728352 
-0.038430728 0.05830914 0.01677114 
0.008812739 -0.007900414 -0.02261499 
-0.000868334 0.015614628 -0.0973574 
0.009257526 -0.004404407 0.078506745 
-0.059762985 -0.095065616 0.026369369 
0.07971237 -0.028508633 -0.032046054 
-0.02364679 0.043781083 -0.02190594 
-0.008482181 0.040086806 0.014312092 
-0.08063841 -0.03169053 -0.009499827 
0.03058789 -0.015342215 -0.008393964 
0.2009968 0.020676045 0.10327613 
-0.10154047 -0.09991063 -0.09734002 
-0.08414476 0.08624198 0.11926623 
-0.1055293 -0.13017738 -0.050579824 
-0.033280008 0.022974718 0.00024983668 
-0.033102613 0.05273743 0.029073227 
0.047700115 -0.034408443 -0.015579493 
0.08174752 0.024014713 0.031568542 
-0.005756745 -0.047671255 -0.020095088 
0.029275734 -0.011739198 -0.018490236 
-0.09871 -0.07307461 0.09508804 
0.0860931 0.033266 0.045261495 
0.09810063 -0.023810737 -0.017945094 
0.13332039 0.12249382 -0.079044126 
-0.1003794 0.038783625 0.0095954435 
0.0047446224 -0.042490363 -0.1262528 
-0.02677838 0.050130792 -0.095594935 
0.0074407975 -0.043807276 -0.09015067 
-0.11937342 0.06555314 0.08566996 
-0.10448151 0.048856217 0.088557675 
0.019924205 -0.04812296 0.022543674 
-0.02905909 -0.10353762 -0.17384651 
-0.120389566 0.07073638 0.081218794 
0.04664929 0.012327304 0.007983886 
-0.045884646 -0.095777914 -0.09490965 
0.08393615 0.0077571087 0.02451654 
-0.06057359 -0.095607966 -0.07576801 
0.03475124 0.20404866 0.096876465 
-0.056072004 0.016908364 -0.024938572 
0.03830098 -0.004722022 -0.05771564 
-0.047242004 0.017424913 0.067776024 
-0.0540813 -0.065324046 -0.09537614 
0.017294118 0.08051504 -0.07111713 
0.08203114 0.039096087 -0.07393544 
0.029154956 0.10016164 0.032165825 
0.098536454 0.003113056 -0.10325267 
0.027310546 0.080207594 -0.1609314 
-0.001885082 -0.007071768 0.006763625 
0.019667232 0.048844736 -0.060991056 
0.055623718 0.0041261096 -0.007136814 
0.023391891 0.0038758717 -0.006305584 
0.051792067 -0.01523152 0.033334527 
-0.013000766 -0.07236373 -0.05290899 
-0.10026157 -0.050448123 -0.06409014 
0.021789689 0.033913705 -0.086235955 
-0.08365982 0.010193677 -0.0652684 
0.030479025 0.113481976 0.08917879 
0.13954379 0.08972441 0.060229067 
0.17877544 0.04916233 -0.097672224 
-0.023230683 -0.08716081 -0.06485199 
-0.044560965 0.045908205 -0.061263252 
-0.008425864 -0.046046387 -0.036407877 
0.011351685 -0.003084114 -0.032730088 
-0.11661256 0.014646355 -0.031580303 
0.030738566 0.02239487 -0.12120771 
0.07592057 0.073820055 -0.0045914133 
0.044808492 0.12710603 -0.023019003 
-0.0010894698 0.108701564 0.061138067 
-0.117393546 -0.015953848 -0.08529665 
-0.08071734 -0.050252676 -0.22868355 
-0.042881332 0.02832021 -0.09684552 
-0.072496876 -0.0028479 0.040828872 
0.056105394 0.045417532 -0.051330198 
-0.07240193 -0.10569507 -0.060852475 
-0.064074025 -0.008274202 -0.019567283 
0.018729432 0.076161474 0.11660475 
-0.011040327 -0.077168874 -0.1441581 
-0.09021663 -0.06886936 -0.02362718 
-0.09124851 -0.026206812 0.07291316 
-0.086781435 -0.009780623 0.009172634 
0.005751237 0.092614986 0.025294825 
0.03525113 0.016693987 -0.048777495 
0.1566871 -0.021135895 -0.008136134 
0.013455237 -0.01280642 -0.059782926 
-0.03403499 0.012683509 0.09702426 
-0.06217756 -0.19338794 -0.11682287 
-0.09820877 -0.031337045 -0.0017112263 
-0.041188408 -0.038928114 0.06514318 
-0.021689711 0.025227241 0.06974179 
-0.090460934 -0.089713186 -0.042760715 
-0.019456578 -0.021652259 -0.030824818 
0.01607814 0.087748155 -0.0041286075 
0.012741733 -0.035717845 -0.012272796 
-0.0018358713 0.044865035 0.05186235 
-0.0041736267 -0.025797736 -0.043569256 
-0.05661364 -0.080684036 -0.11603841 
0.030708538 0.005112543 0.029270789 
-0.21883856 0.06024123 0.08449764 
0.06574538 -0.05551854 0.057204064 
0.05689674 -0.062242437 0.009280307 
-0.029529685 0.012877011 -0.11137342 
-0.11786489 -0.15094207 -0.13888775 
0.09152351 -0.038879678 -0.06504417 
0.021820799 0.10816805 0.10966923 
-0.07298827 -0.011708198 -0.12202767 
-0.0690685 0.06602637 0.06638047 
-0.020237176 0.07148455 -0.038201276 
0.029190168 -0.014411955 -0.014344559 
0.0288417 -0.0070796795 -0.09499883 
-0.03984587 0.048581313 0.0781552 
-0.037497114 -0.007589126 0.038919352 
-0.05965319 -0.061539214 0.044014763 
0.024764962 0.0039887344 0.062580496 
0.037657022 -0.15369725 -0.07425617 
-0.028113334 -0.056622252 -0.015536406 
0.12449129 -0.004680849 0.071055226 
-0.07196666 -0.03616898 0.0005182371 
-0.13804118 0.14115311 0.21690564 
-0.23643173 0.074845664 0.20927961 
-0.058066785 -0.0007690523 0.03608743 
0.010536909 -0.007841284 0.02715973 
-0.0090016415 0.023483189 0.012596551 
0.028647099 0.007276909 -0.056584574 
-0.016872197 -0.05582819 -0.010957933 
0.07303158 0.026743995 -0.045707982 
0.019326217 0.012749414 0.011533626 
0.08059467 -0.022612657 0.08901417 
0.03843528 0.14896777 -0.01701749 
0.09647516 0.022734653 -0.05400593 
-0.0054424326 0.006846115 -0.05027597 
0.06301164 -0.10202065 -0.058943722 
-0.04623102 -0.016468318 -0.040729277 
0.0064672222 0.037113443 0.045094684 
-0.017584147 -0.04677445 -0.079603955 
-0.107148506 -0.0021838532 0.00233038 
0.041102923 0.08425748 0.023038229 
-0.22013369 0.1154267 0.21903886 
0.024163058 0.0076495255 0.03345354 
-0.029728385 -0.023348182 -0.0053134104 
-0.0714856 -0.07944467 0.03054876 
-0.020197518 -0.097887754 -0.017328776 
-0.026167285 0.08844996 0.10641187 
-0.20736529 0.1311083 0.27798107 
-0.024234308 -0.09812394 -0.021509212 
0.14108907 -0.023484182 -0.07576164 
0.17883015 0.0885244 -0.0945162 
-0.08373838 -0.14518589 -0.08510335 
0.03795059 -0.09375214 -0.0023845164 
-0.031854358 0.054418616 0.12902679 
0.045978397 0.09676689 -0.008426343 
-0.047376506 -0.08285079 -0.0662578 
0.06443658 -0.030711513 -0.03917332 
-0.019570058 -0.061925545 -0.06952183 
-0.07598755 7.235145e-05 0.11091533 
-0.03605726 0.1540138 0.14493597 
0.06390992 -0.061677903 -0.07133719 
0.057198267 0.017593179 0.012993775 
0.12858278 -0.066734605 -0.08073067 
-0.06923617 -0.13714604 -0.15387478 
-0.01783525 -0.07861439 -0.1323747 
-0.07409427 0.019487703 0.23480964 
-0.03310508 -0.06735186 -0.03140788 
0.017947882 0.087866575 0.1870052 
-0.14540665 0.059574403 -0.0023447378 
0.031855803 -0.0069578034 0.01862874 
0.06345419 0.038205937 -0.026403116 
0.072779834 -0.06007901 0.02990582 
-0.19522882 -0.15374975 -0.080928326 
-0.048223935 -0.008356268 -0.016636226 
0.033645 0.038704824 0.008654495 
0.020822342 -0.022795908 0.012700594 
-0.0010247702 0.020736499 -0.013760198 
-0.03945849 0.07750629 0.032292943 
-0.0639146 0.06570745 0.03755815 
0.021810088 0.13055977 0.0154081825 
-0.079949155 0.047738265 -0.0032758291 
0.03781348 0.068933986 0.03278981 
0.035043847 0.06748053 -0.0117236115 
0.030552415 0.0030881371 0.040347632 
-0.12332452 -0.08543362 -0.042744618 
0.04657893 0.0962937 0.021343945 
-0.034154974 0.09764498 -0.006279597 
-0.057011 -0.037765045 -0.063401535 
-0.06216817 0.045027383 0.016144002 
-0.06167666 -0.015283116 0.038253427 
-0.042668838 0.031228017 -0.03696728 
0.031262465 0.13775593 0.057115212 
-0.028428636 0.058735505 0.13173485 
-0.030172035 0.029376667 0.013575858 
-0.008482522 0.06696744 -0.09633895 
-0.07271289 -0.011385172 0.11692782 
0.009114459 0.05903757 -0.06541477 
0.014606188 0.041753575 -0.00951713 
-0.019050892 0.028747158 0.120412044 
0.019346109 -0.041507065 -0.005373243 
0.048579 0.046767544 -0.016067183 
-0.013393937 -0.008716175 -0.07623411 
0.047709692 -0.0491287 -0.08602423 
0.09600018 0.02013954 -0.0050888546 
0.07399367 0.007619581 -0.01869497 
0.076835014 0.015758472 -0.11859274 
0.075658195 0.10904416 -0.015231778 
-0.06271625 -0.00017852332 0.1501959 
-0.035488024 0.0031578445 0.051444456 
-0.013474536 0.06047294 0.016148333 
-0.004274866 0.06588396 0.05236427 
-0.18201005 -0.13913277 -0.15018068 
-0.094908446 -0.10805971 -0.08196653 
-0.0006798731 0.023705136 0.04280826 
0.009266894 0.036884677 -0.05158333 
-0.11253251 -0.03236739 0.057934247 
0.06160733 0.08233544 0.120325886 
-0.19202934 -0.064338244 -0.05543855 
-0.04004469 0.077661276 -0.053784028 
-0.018985802 -0.061585095 0.03337868 
-0.04764114 0.037714317 -0.031274807 
0.03457225 -0.025471317 -0.022634318 
-0.08039867 0.030588143 0.07615388 
-0.14109595 -0.02396809 0.04522023 
-0.07048973 0.05336541 0.061550062 
0.05006413 0.08959026 -0.026542097 
0.00026600147 -0.04226753 0.07638619 
0.063038446 -0.09829591 0.025792107 
-0.033654157 -0.035362072 0.04466566 
-0.008272803 0.088250466 0.058646254 
0.06705664 0.025330205 -0.055444557 
0.12196704 -0.008876231 0.05039095 
0.06698733 0.030123685 -0.039227966 
0.02088495 0.017963974 0.009988283 
-0.055196527 -0.029272307 -0.06566679 
-0.06903129 -0.09150215 0.010659095 
-0.043471437 0.09092264 0.030412477 
0.083107 0.108816974 0.053507425 
0.0013716804 0.061405387 0.07770168 
0.060455743 -0.037359085 -0.09828511 
-0.049343213 -0.0059231087 -0.04122863 
-0.03131345 0.060865477 0.033814188 
0.0026865778 -0.04305232 -0.020127038 
0.05155013 -0.04480864 0.016586887 
0.21705496 0.00836286 -0.11669525 
0.08209524 -0.20600171 -0.11312841 
-0.0006058479 -0.038232774 -0.028372718 
0.01949924 0.017334182 0.07114948 
-0.0018094406 0.010859513 -0.023368778 
-0.016531374 -0.095370285 -0.013363876 
0.2809049 -0.040107932 -0.18645427 
0.09817335 -0.09787532 -0.10296778 
-0.09948531 -0.030576326 -0.08029622 
0.097650364 -0.1117988 0.06546485 
0.07582445 -0.056615997 0.007963453 
0.059323687 -0.023860723 0.009684814 
0.29507214 -0.05307653 -0.21006909 
-0.00043670475 -0.05673936 -0.074585006 
-0.11568823 0.11740722 -0.03269117 
-0.053654198 -0.023247678 0.018787622 
-0.0024120186 0.059950177 -0.017228613 
0.029493518 -0.05584607 -0.05775168 
0.12384847 0.09443498 -0.0011817799 
0.11487614 -0.12764953 -0.09209738 
0.07190218 -0.020294271 -0.034746435 
0.3036703 -0.06617455 -0.081899405 
0.08617822 -0.2106898 -0.10670389 
-0.07017044 -0.053346165 -0.015200685 
-0.04850281 -0.02906922 0.00721106 
0.051578037 -0.04750554 -0.08079194 
-0.064973965 -0.047265798 0.041413166 
0.01802139 -0.0446149 0.055345077 
0.06233362 -0.03262795 0.063112855 
-0.040131215 0.07292015 -0.029341456 
0.078587465 -0.09392854 -0.054964967 
-0.06374091 0.047974844 0.115070224 
0.075510934 0.12374057 0.067892894 
0.18050067 0.0075463527 -0.14430176 
-0.03344402 0.0027748514 0.010339421 
-0.13547592 -0.037947573 -0.0022276128 
-0.04735868 0.03341218 0.0030842384 
0.0018226338 0.09033902 -0.026477316 
-0.02440195 0.02614711 0.011359626 
0.1850365 0.036872644 -0.083252735 
-0.04794821 -0.033289395 -0.02117409 
-0.15098977 0.0074358885 -0.016373156 
0.03625889 0.059507255 0.006002149 
0.1320486 -0.012897415 -0.13315608 
0.0038145604 -0.027211925 -0.0059510972 
0.22842468 -0.01980362 -0.17122729 
-0.07053973 -0.07255454 -0.03271367 
0.015254213 0.054604776 0.06756836 
0.07509095 0.0332046 -0.041745484 
-0.07687206 -0.0883408 -0.03280629 
0.06263578 -0.023268605 0.010348862 
0.11271264 0.08674976 -0.02759299 
0.015191731 -0.2209344 -0.047722716 
0.00905361 0.01911217 -0.017391218 
0.06576515 -0.01661668 0.051776495 
0.072796546 -0.050471913 0.025618505 
0.027405696 0.045607667 -0.009141869 
-0.10803431 -0.013648465 0.04004219 
-0.071178205 -0.022644471 0.014454926 
0.015687369 0.054493424 -0.027717061 
-0.1223166 0.035884432 0.0941897 
-0.06464349 0.07076024 0.02265126 
-0.023394344 0.012844324 0.004291727 
0.1193884 0.035252012 0.05679239 
0.18090749 -0.04036689 -0.07363788 
-0.05801473 -0.07172169 0.07351016 
0.16163133 -0.06072437 -0.058174618 
-0.06387151 -0.011408694 -0.028278193 
-0.04416744 -0.028801844 -0.040652577 
0.020200502 0.035429556 0.11513211 
-0.07636688 0.0060649524 0.024045302 
-0.029466981 -0.060498472 -0.08356584 
0.09144671 0.017356308 0.01082157 
-0.040573586 0.049484517 -0.046063874 
-0.04096283 -0.12724441 0.04037334 
-0.020014964 0.026710553 -0.00197008 
-0.021311149 0.036162786 -0.016430125 
-0.007119466 0.045416683 0.031177558 
0.118825585 0.040102385 0.18138774 
0.24343267 0.043345764 0.14819598 
0.21853878 -0.0006644573 0.15706706 
0.11607067 0.0329543 0.08631133 
-0.050197024 0.04398632 0.009981345 
0.0075133173 0.01523482 0.08355465 
0.18436508 -0.044141777 0.023035508 
0.015766785 -0.01587288 0.020711226 
-0.018885328 -0.03552415 0.0014401694 
-0.018340962 0.0063588354 0.013768708 
-0.044732016 0.02017595 0.030436035 
0.042015865 0.0161454 0.052957483 
-0.043369196 -0.024733152 0.053477734 
-0.059950247 -0.13644575 -0.025132183 
-0.13530916 -0.0058076396 0.049908817 
-0.017360056 -0.092471205 0.09561427 
0.04883993 -0.09230694 0.07253247 
-0.03383579 0.087255076 0.1624069 
0.01628974 -0.055415854 -0.035908617 
-0.05694777 0.015552675 0.028316483 
0.017374871 0.047658004 -0.06441977 
0.008702014 0.03174327 0.016437955 
-0.035071667 -0.024660219 0.012718235 
0.015869793 -0.0032708999 -0.042843398 
-0.09085453 0.023647884 0.0049646795 
0.05313824 -0.06151508 0.063191846 
0.07298075 -0.029992031 -0.0037403703 
0.1077382 0.0022424306 0.05347583 
0.13606158 -0.043264505 0.1209444 
0.11009889 0.18908043 0.16144203 
0.07284933 0.04835676 0.0710311 
-0.011137063 0.04682567 -0.05451721 
-0.01129667 -0.08491553 -0.05141489 
0.11511231 0.07713125 0.075407304 
-0.06177121 -0.09930049 -0.054493733 
-0.097615376 -0.16539772 -0.06476127 
-0.029681534 0.049282495 -0.06640534 
0.058558617 0.087397814 -0.011638507 
-0.1287915 0.057229802 -0.05227827 
0.0968735 -0.05971971 0.06562592 
-0.014952914 -0.15879183 0.16778949 
-0.033242915 0.09112962 0.19537379 
0.015311616 -0.083325885 -0.06296539 
0.028135238 0.03544331 -0.02572976 
-0.084472835 -0.008289194 -0.06859047 
0.06500373 0.06957999 0.01582886 
0.05348991 -0.045886308 0.07153693 
-0.14877278 -0.13970564 -0.15223299 
0.019656794 0.030746756 -0.0077343057 
0.037969947 -0.002669859 0.028761955 
-0.052249923 -0.06121509 0.0071814773 
0.01440177 0.061199613 0.06096529 
0.01712505 -0.13010795 -0.012727737 
0.012748244 -0.0137871485 -0.029836312 
-0.04515887 0.016450772 0.010239115 
-0.066770345 0.05688835 0.023932273 
0.013207796 0.021372823 -0.100679606 
0.014822434 0.060223203 0.005581394 
0.13971318 -0.071532816 -0.03155429 
-0.004139066 -0.08092008 -0.18319397 
-0.03622989 -0.11302302 0.066696554 
-0.12806472 -0.044509288 0.11589147 
0.057862926 0.11358225 0.09643995 
-0.0773144 0.04183184 0.042942155 
-0.10124089 0.10602225 -0.0021008688 
-0.06516589 0.041700546 0.009222585 
0.0062541706 0.0289491 -0.025527507 
-0.06282774 -0.11561686 0.049766306 
0.14539996 -0.07303372 -0.087516926 
-0.0046415026 -0.025058348 0.043905318 
0.04751803 -0.075155355 0.06382283 
0.030197434 -0.071048595 -0.08165074 
-0.08045532 -0.09380805 0.02669834 
-0.0016510807 -0.0678867 0.035275377 
0.07361095 -0.07979667 -0.014815878 
-0.016359286 -0.023070635 0.05732421 
-0.10044522 0.08578106 0.085322626 
-0.09204948 -0.027058572 0.059204444 
-0.025567485 -0.20895606 0.043535072 
0.2738353 -0.23945566 -0.16896135 
0.6166475 -0.05834116 -0.32246146 
-0.03815942 0.0075430092 0.02922473 
-0.036730226 0.045326617 0.025375124 
-0.020179931 0.049204078 0.033862278 
-0.066421434 -0.065815605 0.06545536 
0.06834481 -0.095932014 -0.05767572 
0.22260949 -0.12080078 -0.16236433 
-0.024242496 -0.07932766 0.057680674 
0.10337839 -0.07147996 0.03573861 
0.15098171 4.870281e-05 0.042131513 
-0.024350667 0.047817677 0.045205183 
-0.06653425 -0.006471799 0.038101602 
-0.02357493 0.043360934 -0.0077996827 
-0.027212992 -0.02024015 -0.027700044 
-0.029910924 0.037471853 -0.04781207 
0.04724267 0.009437533 -0.07534864 
-0.0371403 0.02913083 0.044229038 
-0.002867449 -0.08700836 0.009786213 
0.042507026 -0.04999696 -0.069297194 
-0.014406656 -0.079156056 0.038275372 
-0.0060449378 0.034435187 0.050902277 
0.07553297 0.031202568 -0.03362954 
-0.044435512 -0.089985125 0.0073846052 
0.032110263 -0.040868428 -0.04505833 
-0.058465403 -0.033200275 0.11032159 
0.022519955 0.0010646033 0.044464815 
0.024336461 -0.12965834 -0.009486536 
0.2146889 -0.12687267 -0.08138846 
-0.08622503 -0.03860842 0.05105613 
-0.07186099 0.017069178 -0.0585828 
-0.0676367 -0.07753295 0.06807077 
-0.03415427 -0.13760397 0.012166824 
0.17999588 -0.15337083 -0.05169504 
0.32264593 -0.05099275 -0.24300337 
-0.090496816 0.06568241 0.13060753 
-0.016981164 -0.09211902 -0.010807089 
0.07548176 -0.08318898 -0.08835163 
0.06559191 -0.06458938 -0.016899807 
0.08157037 -0.124237634 0.07074312 
0.052856356 -0.032437738 -0.12337944 
0.061856978 0.04627245 0.010016769 
0.08503755 -0.0042220154 0.004054937 
-0.0025185477 0.014205992 -0.018464763 
-0.047532756 -0.024323149 0.0043024006 
0.0841751 0.03923944 -0.1748401 
0.05725042 0.028242853 0.24225551 
0.06612957 0.04607189 0.08255932 
0.09950166 0.042184234 -0.09260373 
-0.029276896 -0.008636851 0.08217792 
0.07341973 -0.07691674 -0.049913663 
0.028935423 -0.120639734 -0.025652207 
0.12364903 -0.043225046 -0.2352159 
-0.07336541 -0.057496734 -0.033999845 
0.08222248 -0.053562902 0.013274932 
0.15751955 -0.019164434 -0.013590106 
0.069197655 0.05798817 0.14065991 
-0.0035162307 0.00076288346 -0.0131462375 
-0.02208908 -0.085583165 -0.119123496 
-0.0451249 -0.07732642 -0.026206337 
-0.011691207 0.0072503155 0.0036963099 
0.1208476 -0.013646833 -0.05195803 
0.013670101 0.037504073 -0.05107436 
-0.011008511 -0.014073916 0.020614486 
0.04868424 0.053770006 -0.068121135 
0.06433571 -0.033813193 0.12983616 
-0.042397264 -0.09429826 -0.01208344 
0.051328972 -0.046452124 -0.0015061144 
0.24525478 0.0421787 0.08204703 
0.018686535 -0.053400204 -0.13295911 
0.1450663 -0.18435892 -0.18360762 
-0.19996238 -0.033322565 0.03788084 
0.0118166525 0.1505297 0.06755344 
7.282911e-06 0.06307801 0.13277002 
0.05964167 0.059192203 0.022725513 
0.023892684 0.04244781 -0.06855964 
-0.024032535 -0.020390864 0.059273444 
-0.064387076 0.026338637 0.12900165 
0.046867676 0.009544227 0.085059956 
0.028639793 -0.021004166 -0.043792225 
0.03193317 -0.0026899716 0.053243686 
-0.054440264 -0.06259663 -0.09055647 
0.1323815 -0.07462689 -0.13960733 
-0.006176318 0.10495954 -0.011546735 
0.059420954 -0.008812541 -0.02948234 
0.06175617 -0.061751287 -0.04697191 
0.043237567 -0.007265162 0.05422718 
0.008077568 -0.008528874 0.0036578185 
-0.027672587 -0.023341518 -0.003144977 
-0.12063282 0.061736424 0.021423409 
-0.11266963 -0.016645094 0.028997278 
-0.07918431 0.017336635 0.048110154 
-0.052140627 -0.091131784 0.056638736 
0.03472156 -0.055433266 -0.010507183 
-0.05260017 -0.1277391 -0.12191505 
-0.058296006 0.00068774004 0.031870496 
0.012076301 -0.008200159 0.0128596425 
-0.0028398745 -0.033111554 0.017560638 
0.04466783 0.013576028 -0.022711277 
-0.05053987 0.047178913 0.015632061 
-0.0038393305 0.13264605 0.02622401 
0.14290029 0.09426044 0.009404159 
-0.017540408 -0.034713343 -0.00249542 
-0.039414547 -0.018130882 -0.22306375 
-0.0126814265 -0.026584517 -0.00897707 
-0.09169192 0.021029823 -0.12603138 
0.042571448 0.051467966 0.017369408 
-0.035453107 -0.06939444 0.12782009 
-0.10331564 -0.023680307 0.063795865 
0.045381866 0.07410761 0.05008164 
0.1129971 0.06968348 0.050413553 
0.034063037 -0.035598226 0.047564335 
-0.014831823 -0.013703031 0.0068598166 
0.008897652 -0.006618429 -0.05926112 
0.0075322734 -0.035902962 0.04355083 
0.058397595 0.015482483 -0.009801995 
0.019035446 0.1436547 0.10039053 
-0.025887813 0.004493378 -0.06651533 
-0.09769657 0.09018063 -0.095684856 
0.06563067 0.065979436 0.1178619 
0.036020204 -0.06363632 -0.01764326 
-0.0544218 0.014615326 -0.022900691 
0.027821124 0.12377435 0.044751696 
0.013990671 0.09863507 0.059541523 
0.023437265 0.016827375 0.056214266 
-0.041848067 -0.006051298 0.0017866468 
-0.0114301555 0.057582468 -0.03625432 
0.015383386 0.06352047 -0.032319654 
-0.060591504 -0.04008682 0.05299402 
0.040963054 -0.046844114 -0.0128078535 
-0.05409792 0.08047522 0.037360135 
0.116007246 -0.024890222 0.03745829 
0.026484469 0.084821224 -0.11357322 
0.117208526 0.107087374 0.12819229 
-0.083647385 0.04019685 -0.048496004 
0.046064526 0.013546515 0.05574108 
0.0345408 0.0622826 -0.00076728954 
0.08565836 -0.029198086 0.09724937 
-0.04063297 0.0055648186 -0.050786596 
0.13850082 0.06279005 0.008226174 
-0.033464752 -0.09798814 -0.029287478 
-0.05734875 -0.17762156 0.012951971 
-0.059610467 0.053867683 -0.02035774 
0.020495769 -0.078449115 0.035620414 
0.0072868946 -0.060625516 0.038472034 
0.25445846 0.066354394 0.17133427 
-0.048775382 -0.0025978338 -0.062516004 
0.04734297 0.010280757 -0.0020759595 
0.03655776 0.018026259 0.034626685 
-0.24145094 -0.05305493 -0.09267659 
-0.18363713 0.026356723 0.033426527 
0.06529667 0.17146319 0.1774193 
0.040900726 -0.06059478 -0.049534395 
0.003030561 -0.09272528 0.051473062 
0.16858573 0.069619305 0.067377955 
0.0363052 -0.0006978549 0.07978719 
-0.06242759 0.022975296 -0.05875351 
0.085062146 0.060122937 0.063689336 
0.051464032 -0.056308065 0.02067481 
-0.059211016 -0.03418732 -0.009219129 
0.038448073 0.053235214 0.029911628 
-0.042147577 -0.026447957 0.110595085 
0.07189099 0.055392288 0.051800903 
0.060955133 -0.05455921 -0.036737602 
0.11351549 -0.059181355 0.044531792 
-0.089458086 -0.122016236 0.037321977 
0.07765932 -0.0037095873 0.1628147 
-0.017567297 0.029065141 0.03409744 
-0.008037296 0.006360378 -0.028163368 
-0.016772632 -0.10129181 -0.106161505 
0.1996787 0.05418298 0.035411168 
0.071402386 0.03280046 -0.022856306 
0.01658577 0.03304237 -0.105072156 
-0.08131021 -0.07022864 0.030210797 
0.07155904 0.09077755 0.047026034 
0.102099 0.19195496 -0.0012717643 
0.02170823 -0.059254345 0.020545196 
0.073632285 -0.026818518 0.037151158 
0.1778537 -0.046329398 0.09290139 
0.0024455534 0.07489553 -0.022607075 
-0.017576713 -0.0715034 -0.03850288 
-0.048432223 -0.0031913798 0.037292693 
0.087767996 0.0753631 0.08703347 
-0.02169895 0.0051813913 0.01826334 
-0.048161026 -0.11203836 -0.026416985 
0.0083738845 0.062439103 -0.019624582 
0.0017190359 0.05747384 -0.04147596 
-0.07985545 -0.05425747 -0.11936527 
-0.018026695 0.09690945 0.01578801 
0.15394074 0.029975558 0.049542442 
-0.05393455 0.10607859 0.07107271 
-0.06913344 -0.0030028804 0.0579887 
0.067835726 -0.008103619 -0.06335237 
-0.06292232 0.08799103 0.15435359 
0.047755934 -0.0453191 -0.015029234 
-0.06565458 0.05380509 -0.0031424598 
0.07201729 0.028296635 -0.17222154 
0.027150013 0.026082115 0.012057843 
0.05408275 -0.0023111484 0.07775159 
-0.06829221 -0.08592904 -0.030027563 
-0.07737181 -0.047408346 -0.118189 
0.06741177 -0.008405141 0.093466654 
0.10466571 0.05812082 -0.074976176 
0.09169302 0.07717841 -0.020506669 
-0.07503261 -0.058035936 -0.114435434 
-0.008759496 -0.09395366 -0.050448872 
0.026297979 -0.09702033 -0.06345403 
0.07117077 0.064307384 0.022524104 
-0.012681979 0.025826378 0.068028934 
-0.022259912 -0.10296059 -0.20048259 
0.075816706 0.04965447 0.057413436 
0.016592493 0.048421293 -0.018549195 
-0.06222491 -0.15943556 -0.2194708 
0.09364389 0.09481265 0.20108354 
-0.03233693 0.052422468 -0.07744207 
0.06900395 0.21719816 0.19463067 
0.005343589 -0.014415774 0.08069165 
-0.028685346 0.024250371 0.04767445 
-0.056648277 -0.025695352 0.02368464 
-0.024844158 -0.04920403 -0.005810237 
-0.028187448 -0.018374188 -0.0410922 
-0.042696856 0.069994025 0.14555135 
-0.052999973 -0.089383 -0.052695308 
-0.021242835 0.052931383 0.096594274 
0.003866012 -0.006593841 -0.106340006 
0.028912164 0.046115555 0.026735064 
-0.03315969 -0.09597847 -0.17096321 
0.046541404 0.049297728 -0.03696966 
0.0053189113 0.009119924 0.07618931 
-0.08225233 -0.10606093 -0.11932235 
0.03480838 0.06466274 -0.011109496 
-0.06430212 -0.04454729 0.03786132 
0.035105884 0.013956816 0.097728714 
0.063325286 0.058984034 0.13408001 
-0.15784281 0.0139702875 -0.046179406 
0.041862886 0.029995892 0.0857196 
-0.016064309 -0.023342751 -0.08644891 
-0.0162834 -0.14594226 -0.08413843 
-0.028708445 -0.014199126 -0.046653956 
0.011504109 0.15399711 0.10816451 
0.032051954 0.05118835 0.06649758 
0.018452993 0.091696635 0.12295212 
0.033302262 0.029904941 0.01063679 
0.05740109 0.054568563 0.030862283 
0.042774312 -0.11181934 -0.027768765 
-0.018693216 -0.06921705 -0.04532338 
-0.08560018 -0.062993884 -0.07177923 
0.15746753 0.0728008 0.09227347 
-0.064913355 -0.0855885 0.0068649533 
0.049431033 -0.041842747 -0.017024359 
0.05921766 0.106557615 0.052981406 
-0.06923422 -0.055900775 0.020405382 
0.055315744 0.06469376 0.015132117 
0.037434954 0.07324835 -0.010763364 
-0.044536296 -0.102817275 -0.10287949 
-0.013850138 0.010723044 0.11966154 
0.045021765 -0.047713928 -0.07058468 
0.022219723 -0.018725788 -0.0117089 
-0.030807141 -0.007695431 -0.030534236 
0.033536866 0.14912991 0.06630561 
0.041433115 0.052622944 0.07369501 
0.050389595 -0.028646333 -0.04149613 
0.1439209 -0.096357256 0.022330346 
-0.0468033 0.014413205 -0.1285591 
0.06953167 0.048415877 0.18045498 
-0.030357555 -0.0733254 0.009157499 
-0.029167134 -0.02218523 -0.0505701 
-0.0042493944 0.16782947 0.11954572 
-0.12609443 -0.072658174 -0.030624637 
0.08634213 -0.028173102 0.1351697 
-0.048623756 -0.14181522 -0.1242779 
0.11716132 0.051110566 0.1412898 
-0.0077210674 -0.047662728 -0.01716783 
-0.008263716 0.036926318 -0.028985754 
-0.093964465 0.16271342 0.08887675 
0.10046645 0.07548863 0.07796045 
0.090500735 0.108841166 0.14527807 
-0.09558841 -0.0066353357 0.1536167 
-0.02976763 0.034086745 0.039489493 
-0.025590152 -0.04516807 -0.023714412 
0.06635633 -0.008175461 -0.07138977 
0.034474127 0.13289014 0.011955314 
-0.10251374 0.041715723 -0.088949375 
-0.075390354 -0.004347667 -0.027903156 
-0.12516837 -0.08436656 -0.07132623 
-0.10311074 -0.020331468 0.02364939 
-0.13751994 0.12378017 0.059324525 
0.08910565 0.028353391 0.0011221048 
0.050764292 0.001557474 -0.017325588 
0.19632228 -0.17196485 -0.037801784 
-0.059094254 -0.0008094663 0.03380908 
-0.045436352 -0.052299768 -0.0021314297 
-0.016267102 -0.055007022 0.04224177 
-0.015956499 -0.03306071 0.028565096 
-0.047341302 0.07835729 0.052621957 
0.041765753 -0.056264732 0.024416998 
-0.06118151 -0.11288715 -0.10844775 
-0.048547346 0.06650578 0.043615386 
-0.1712965 0.014449344 0.20839177 
-0.00019935238 0.005012279 -0.07046324 
-0.049069718 0.055921458 0.038311392 
-0.06717907 0.07544348 -0.00074149563 
-0.07866827 -0.05976536 1.43889865e-05 
-0.035427313 -0.009024107 -0.04967134 
0.025174558 0.025950752 0.03584068 
-0.06126 -0.12349673 -0.052136995 
-0.0011421755 0.0063007683 0.056666557 
0.13226806 -0.027822629 0.024831783 
0.122193776 0.0145004615 0.04986659 
0.106272586 0.03396878 0.055737477 
-0.034187987 -0.021053009 0.062437754 
0.042676922 0.06979231 -0.047513157 
-0.0012268639 -0.021597646 -0.0018658808 
-0.03633141 -0.019022953 -0.043899436 
0.011929924 -0.033674374 0.042769708 
-0.0348521 -0.07078435 -0.0041315467 
-0.08876431 -0.021661436 0.12559156 
-0.083798476 -0.07239381 -0.012394881 
0.05000933 0.17923827 0.117176756 
-0.05922622 0.071117505 0.16547382 
-0.117599964 -0.13874653 -0.16052547 
-0.16149141 -0.14328107 -0.009002239 
0.045863822 0.022266084 0.097576 
0.050520197 0.041226797 -0.02237029 
-0.0008659217 0.0061845304 -0.086877026 
-0.01677616 -0.07441496 -0.033662237 
0.0025388792 0.070702285 -0.053418726 
-0.020665072 -0.016803011 -0.04763711 
0.044455495 0.07175563 -0.043920234 
-0.035918303 -0.029870477 -0.009964958 
0.045320943 -0.0018878975 -0.024090294 
0.045439523 0.021383427 -0.041296307 
-0.0771973 -0.090222664 -0.07096519 
0.14503288 -0.010138271 0.0807999 
-0.028050566 0.020859402 0.19504204 
0.00565048 -0.047688935 -0.017941372 
0.04155039 0.017747706 -0.10825938 
-0.05169078 0.06326548 -0.020706408 
-0.0488596 -0.027067782 -0.053389102 
-0.0130344005 -0.09002051 -0.11945358 
-0.03722914 0.015132168 -0.0342053 
-0.08246812 -0.08141743 -0.08217268 
0.002809066 0.032438993 0.17992763 
-0.006846851 0.04130543 0.099157706 
0.13463195 0.042222634 0.02918448 
0.09823432 -0.049765762 0.0008120888 
0.02476679 -0.0942554 -0.07609851 
-0.24957787 -0.015372665 0.16091222 
-0.20032823 0.05780227 0.023990778 
-0.080294915 0.10017886 -0.062727585 
0.07732458 0.022428604 0.108957715 
0.019797092 0.02807391 0.027095381 
0.030736133 -0.04222871 -0.03389141 
-0.17282698 -0.11289189 0.1959527 
0.05685872 0.089879625 0.10638504 
0.0069332416 0.09238362 0.14206918 
0.19743274 -0.038787268 -0.08730437 
0.12486875 -0.008916465 0.10503802 
-0.019777808 -0.017542358 0.00059946196 
-0.40774557 -0.02175214 0.15477197 
-0.14170691 0.08141729 0.04128183 
0.06029361 0.023833545 -0.067091905 
0.06625915 0.058751445 -0.011141342 
-0.02717968 -0.014837258 -0.002737894 
-0.013997014 -0.016101038 -0.0333806 
-0.17388743 -0.05182999 0.078834765 
-0.15686661 -0.105562314 0.022494238 
-0.087443836 0.12750973 0.15230644 
-0.30478907 -0.12017033 0.11903365 
-0.12362285 0.05321247 0.034232475 
-0.14406598 0.15522225 0.05230642 
-0.047485784 -0.08850913 0.009376207 
-0.021724163 0.0522114 -0.025301736 
0.029232524 -0.023946246 -0.077679336 
-0.056850813 -0.034254123 0.08482575 
0.03859469 -0.04668212 0.06860914 
0.0029763693 0.003708097 -0.07771402 
-0.03877015 0.090559416 0.21189971 
-0.027527183 -0.023174012 0.0027601754 
-0.030147718 0.008571445 0.051951554 
-0.117449686 -0.18843584 -0.18102168 
-0.06378782 0.032959085 0.016223157 
0.041997943 0.04021478 0.20986567 
0.04920446 -0.03287305 -0.01787159 
-0.026852272 0.061445676 0.03277159 
-0.03283249 0.030241147 0.048056453 
-0.31349292 0.12970617 0.14276023 
-0.2187658 0.099362455 -0.0019274548 
-0.14951469 0.12990983 -0.02113092 
-0.14613774 0.0299416 -0.00094074936 
-0.022005398 0.072824545 0.047561362 
-0.20026162 0.099520184 -0.08220584 
-0.20752136 0.06641588 0.21948256 
-0.048201714 0.07597007 0.13145153 
0.0044927783 0.13488351 0.15053521 
-0.009345771 -0.10835362 0.049774766 
0.016692258 -0.11685325 0.0078111393 
-0.0035740393 -0.036149338 -0.038593177 
-0.039924484 -0.030827442 0.10614962 
-0.110743254 0.05494379 0.01013463 
-0.06705969 0.050836656 -0.058186483 
0.011264594 0.14788133 0.17265953 
-0.040455777 0.064235084 0.01300594 
-0.041595224 -0.01073217 -0.0022484574 
-0.10339576 0.058442127 -0.05975946 
-0.12338669 -0.011993728 -0.21224478 
-0.041313134 0.14006759 0.055802703 
0.1130948 -0.04675452 -0.04395928 
0.030324133 0.012598353 0.078442216 
0.035993602 -0.051096566 -0.050109927 
-0.08231754 0.079543844 0.14208016 
-0.11219392 5.1548166e-05 0.030665936 
0.012354004 0.14649671 -0.025068972 
-0.18160199 0.0051988326 0.102591716 
0.00816318 0.09215016 0.063969746 
0.053399313 0.011533358 0.100731984 
0.035262994 0.031061696 -0.033503965 
-0.04941241 0.001742209 -0.029950079 
0.01511537 0.091960125 0.052121 
-0.019654347 -0.0127298115 -0.04237886 
0.13230412 0.17691086 0.24042314 
0.023115907 -0.22096466 -0.11549528 
-0.01790842 0.09100684 0.016203482 
0.02635502 0.03513455 -0.06453791 
-0.051942404 0.008696257 -0.09166056 
0.07701106 -0.033584073 -0.090080306 
-0.10349847 -0.078717336 -0.05988234 
-0.096910514 0.032073963 -0.08291522 
0.08528909 -0.12593701 -0.069663964 
-0.084436394 0.0005074929 -0.08065273 
0.014301377 0.1373745 0.08974888 
-0.19014038 -0.035506103 -0.051776785 
0.030332651 0.28073812 0.33810073 
-0.09955847 -0.03746867 -0.10920466 
0.020069674 0.03879989 0.016878245 
0.011893793 -0.017878624 -0.029030943 
-0.0010928113 0.044489708 -0.01366 
-0.04135438 0.12902108 0.09919666 
-0.01829373 0.041696034 -0.018472627 
-0.040606078 -0.02006397 -0.039604664 
-0.18253358 -0.17668958 -0.12141102 
0.12771879 0.2276769 0.17528059 
-0.21322516 -0.19217293 -0.19430731 
0.01705266 -0.008820593 -0.028005688 
0.055043478 -0.00091798534 0.047872186 
-0.0020879367 -0.033633806 -0.04619826 
0.050603315 -0.012685528 -0.010647572 
0.035263654 -0.012818252 -0.036552016 
-0.040113308 -0.029439433 0.038753517 
-0.050404333 0.020538678 0.0036428664 
0.031516485 0.14744344 0.14390716 
-0.042163093 -0.12703833 -0.19142689 
-0.094248265 -0.2094488 -0.2574679 
-0.1125032 -0.07666688 -0.07630381 
-0.076910175 -0.055567402 -0.038553234 
0.03806824 -0.0051813973 0.055431735 
-0.05547845 0.096760385 -0.032552585 
0.026672555 0.061449975 0.08923925 
0.0045036143 -0.18115279 -0.15989901 
0.11643332 0.1844597 0.16275528 
-0.1480186 -0.09719655 -0.036197953 
-0.016017362 -0.023900378 0.08386665 
-0.01766372 0.07421416 -0.09983245 
0.0140379155 -0.08800031 -0.064399146 
-0.13914624 -0.16398709 -0.11383621 
0.10037097 0.22972183 0.21326107 
-0.15997224 -0.13498172 -0.15617704 
-0.04254961 -0.08668667 -0.00019416868 
0.026316363 0.054014895 -0.013023543 
0.06498338 0.06805115 0.052999325 
0.022266446 0.04766546 -0.042820193 
-0.06221652 0.016228162 0.058368508 
-0.0816868 0.11668773 0.026018932 
0.04430027 0.00012022 -0.092656896 
0.048902333 -0.04318725 -0.032547638 
0.01046033 0.027835378 -0.014293974 
-0.0914214 -0.087232895 -0.05699032 
0.10441477 0.044546295 0.02264407 
0.04812413 -0.035649866 -0.026776504 
-0.100561306 -0.08040346 -0.02685653 
-0.0164111 -0.1992272 -0.17411834 
0.08846107 0.28244725 0.2778338 
-0.042148557 0.15849069 0.016889809 
0.02979318 0.041471876 0.012659645 
0.02014022 0.0655743 0.11028083 
0.1258621 -0.008230644 0.10290384 
0.007831999 0.083085015 0.0990752 
0.016746815 -0.0428903 -0.07702078 
0.030942652 -0.050101325 0.12316162 
0.039680615 0.039316155 0.063478276 
0.037205692 0.053388644 -0.02354988 
-0.16296619 0.0010065838 -0.10135583 
-0.00887095 0.1170432 -0.15930822 
-0.0058290344 0.058137167 -0.1526726 
-0.018889956 -0.0051933774 0.0031209025 
-0.0074575907 -0.03030771 0.0038165706 
0.07110613 0.075996876 -0.06560207 
0.14649822 0.07634821 0.11704077 
0.28947875 -0.0050572534 0.163 
0.14184742 0.07762299 0.12629081 
0.027749328 0.013881437 0.0056624855 
0.11436325 -0.042124998 0.22801097 
0.17584032 0.10612712 0.2080868 
-0.0604369 0.034216918 -0.093932934 
-0.032940347 0.008086156 -0.14654845 
-0.083026454 -0.06964742 -0.29102015 
0.015679646 -0.039992996 0.01809445 
-0.0074814027 -0.00624799 -0.012980372 
-0.037776697 0.011703958 -0.04739533 
0.04437611 -0.15863435 -0.15058225 
-0.10915436 -0.16353227 -0.24070816 
-0.1121462 0.21067332 -0.1408827 
-0.002336097 -0.107243225 -0.11343134 
0.049675714 -0.18574074 0.02407167 
0.019929947 0.040957388 0.04494862 
-0.02225133 -0.021326754 0.017338764 
-0.041843146 0.039330468 0.028866617 
0.061385997 0.084923215 -0.0001296962 
-0.0036201442 -0.0501993 0.052939285 
-0.034113172 0.010390508 0.024746481 
-0.0884215 0.030689886 -0.037851337 
0.036808982 0.017518705 -0.031059802 
-0.07383883 0.012312473 0.0009828665 
0.024593104 0.06050343 -0.075376794 
0.052869976 -0.031119084 -0.04562339 
0.08958281 -0.13298053 0.027130125 
0.098133974 0.10776366 -0.035755966 
-0.039998915 0.030482322 -0.011333375 
-0.015378556 0.11447179 0.03741558 
-0.013997547 -0.0517718 -0.04318904 
0.046362445 0.047346804 0.0037088282 
-0.009177172 -0.07073408 -0.0017828144 
-0.039213244 -0.10658424 -0.066276744 
0.012998644 -0.060616102 -7.759852e-05 
-0.04464423 0.12741286 -0.07439319 
-0.11183937 0.25597066 0.055194553 
0.13156031 0.09379767 -0.09696032 
0.09406379 -0.057814565 -0.0012673552 
0.08791447 0.060627952 -0.027220603 
-0.07113327 -0.14297198 -0.10630369 
-0.07992359 -0.058409385 0.12656221 
0.0029462464 -0.07060473 -0.07329889 
-0.010992551 -0.05752306 -0.012345404 
0.023513155 -0.09896122 -0.0033174788 
-0.02739287 0.01682863 0.08300283 
0.058906112 0.023649676 0.095828146 
0.11012883 0.017733278 0.016865842 
0.058505554 -0.073833406 0.10619449 
0.009341731 0.12108481 -0.013127911 
-0.14370978 0.11244694 -0.09632686 
-0.058465328 0.1053028 -0.18315546 
-0.068711154 0.017094968 0.063779525 
-0.03195637 0.057815395 0.021762453 
-0.023430826 -0.15793578 -0.10983632 
0.06530331 0.0815618 0.018908376 
2.4328892e-05 -0.12618108 -0.12362985 
0.056563273 0.09802995 -0.11197531 
-0.041790728 -0.10075 -0.09207706 
0.040722556 -0.030471008 -0.019206923 
0.13517033 0.026712513 0.03042018 
0.0328973 -0.0063805543 -0.016471863 
0.056896154 0.036221188 0.033677883 
0.08694788 0.0010308741 0.06596096 
0.06821467 0.12500729 0.042096842 
-0.07885377 -0.009071346 -0.02479226 
-0.16380419 0.014636378 -0.17978218 
0.06995214 -0.021632524 -0.0399618 
-0.02770612 -0.087362885 0.0032287093 
0.0449823 -0.046563264 -0.03134171 
-0.040025853 -0.015397051 -0.071293384 
-0.0022755275 0.0099541545 -0.06303196 
-0.009090992 0.0840146 0.1111339 
-0.03411873 -0.037762642 -0.05337167 
0.0151471775 0.090522215 0.08889057 
0.16456538 0.12907505 0.21949789 
-0.10261013 0.053746134 -0.1040875 
-0.18376678 0.024061644 -0.022888526 
-0.19821551 -0.085675895 -0.18560334 
0.009331281 -0.061678007 0.035621636 
0.06681758 -0.005609296 0.03646992 
-0.016039483 0.04239172 0.016811537 
0.14164014 0.065912634 0.11693614 
0.059089683 -0.10872121 -0.17024039 
-0.12497639 -0.14634967 -0.23340765 
0.075394124 -0.009090176 -0.08949107 
0.0041142288 0.08636738 -0.04752233 
0.038210273 -0.0136357555 -0.025987267 
-0.02516813 -0.016963722 0.04309034 
-0.034197602 0.060085617 0.030130034 
0.03105178 0.04916652 0.017359635 
0.0126367 0.031894088 -0.05413815 
0.014959376 0.05088888 0.021115769 
0.01731124 0.05003262 0.021817992 
0.02175333 -0.11590784 -0.100362405 
-0.013669934 -0.008305698 -0.0076446594 
-0.06749243 0.004844104 -0.12305068 
-0.015678277 0.1294767 0.07472055 
0.037216783 -0.0021436927 -0.13174678 
-0.048475977 0.0634146 -0.05328171 
-0.051922638 -0.045621715 -0.03616334 
-0.02841432 0.010624641 0.0021754887 
-0.0053016553 0.052379765 0.0381989 
0.037682448 0.059464168 -0.07861094 
-0.0746806 -0.10447163 -0.047271237 
-0.098557465 -0.06671856 -0.04394548 
0.11172848 -0.021351594 0.053420816 
0.07192759 0.050168455 0.007556962 
0.05243503 0.08187986 -0.043538943 
-0.07161349 -0.05139385 -0.05297902 
-0.06450807 0.07101328 -0.10012116 
-0.07153392 -0.0133220265 -0.012739438 
-0.009749631 0.0696167 0.015891999 
-0.09152501 -0.014839657 -0.07254608 
-0.03642896 -0.0022591522 -0.058180053 
0.031456336 -0.0138144605 0.04807654 
-0.022528183 -0.0042995396 0.027827991 
0.011153547 0.0652128 -0.10453464 
0.004982415 -0.02117803 0.007509016 
-0.02734879 0.0031537157 -0.010088739 
0.09680671 -0.037975255 -0.0119723985 
0.021083852 -0.027327279 -0.16292696 
-0.0114806155 0.13715988 0.17514503 
0.07774446 -0.02579038 -0.03982843 
-0.062432125 -0.075418755 -0.15284884 
-0.07414485 0.062405348 0.08790446 
-0.07584347 -0.021538844 0.03549969 
-0.03294463 -0.03823274 0.026875192 
-0.018540967 -0.045998037 0.026394563 
-0.067323186 0.05775874 0.089291535 
0.00796646 0.009690127 -0.03548788 
-0.039714806 -0.068139635 -0.12767848 
0.016263997 -0.048221607 -0.028863957 
-0.06809683 -0.07935447 -0.0055457093 
0.102440156 0.055755664 -0.0053285966 
0.07156195 0.055445824 -0.0053101173 
0.11353537 0.086061634 -0.16564834 
-0.018002667 0.04737792 0.003155867 
-0.008224494 -0.04101346 0.01046598 
-0.0067706234 0.069546916 0.060309924 
0.06614187 -0.04993759 0.055952694 
0.025333604 -0.052575234 -0.027407508 
0.037816323 -0.014474767 -0.14579982 
-0.0039330274 0.06820023 0.06395276 
0.003210614 -0.044367906 -0.093367666 
-0.06363857 -0.038382538 -0.09315766 
0.12279253 0.057488546 0.054909706 
0.07615718 0.06669395 -0.02578896 
0.08665702 -0.0022306086 -0.05752469 
-0.03869015 -0.063472055 0.10619129 
-0.0011387557 0.020603333 -0.09179415 
-0.038888045 0.02435473 0.03566314 
0.013969099 -0.0011958634 -0.0653945 
-0.02412877 0.058897514 0.011899013 
-0.08395275 0.031366196 0.06280144 
0.026290186 -0.042384252 0.022453282 
-0.013897933 -0.00036168555 -0.06983622 
-0.03881222 0.11021264 -0.13360384 
0.10939456 0.058897413 -0.06155909 
-0.06567295 -0.07037571 -0.11987085 
-0.0155015355 -0.06397257 -0.041032884 
0.08698166 -0.007106631 -0.05363255 
0.014383541 0.061561685 -0.047687028 
-0.0067505282 -0.057089265 -0.009589215 
0.067498 -0.008248114 -0.033443037 
0.06251866 0.04650428 -0.054992724 
-0.0036094468 0.05001997 0.030915791 
0.006907146 0.043703865 0.09176929 
0.025391594 0.03601206 -0.02776471 
-0.09461673 -0.0016156982 -0.0447039 
0.06817417 0.07941868 -0.0068826335 
0.0029675532 -0.0027654425 -0.08782916 
0.0034426767 -0.05253136 0.057221334 
-0.06909139 -0.04117217 0.036585737 
-0.059813336 -0.021634202 0.040648557 
0.051681336 0.08344822 -0.017020235 
0.0030673814 -0.005135779 -0.056206174 
-0.07564501 -0.065008 -0.03190944 
0.010871899 0.08681222 0.042481106 
-0.0117198955 -0.0041279364 -0.08577358 
0.08407416 0.030564804 -0.011218388 
0.12617262 0.10398088 0.009985778 
0.048736773 -0.063116655 0.088676885 
-0.050869003 -0.015243099 -0.0759185 
0.025886092 -0.056322485 -0.03983755 
-0.024089742 0.06334158 0.046243418 
0.028041309 0.003776465 -0.0122102685 
0.033992108 0.022182345 -0.07000889 
0.0004072439 0.038622685 -0.02801934 
-0.047487 0.053207044 -0.02667895 
0.05393932 0.030880021 -0.0020879935 
-0.050455447 -0.038035706 0.06525559 
-0.002626079 -0.032900557 -0.010516742 
0.030135347 0.097558595 0.015492314 
0.025608856 0.01200297 -0.048142318 
0.12666725 -0.014339072 0.017722413 
-0.12523839 -0.05502559 -0.04656443 
-0.056469377 0.016294556 -0.029106727 
0.07774561 0.03562939 0.016214548 
0.03768903 0.106552996 0.047199164 
-0.006001206 0.043687254 -0.03608197 
0.009229464 -0.010064176 -0.050449274 
0.03700552 -0.034646094 0.055425465 
-0.01217908 -0.08672676 0.050982296 
-0.003868094 -0.0143640395 -0.017912742 
0.036393695 -0.0034632373 -0.026033387 
0.033135384 0.044873748 0.016770786 
-0.070306495 -0.019929122 -0.13081561 
0.038166083 -0.04065775 0.05444837 
0.019668797 -0.027477823 0.08699972 
0.12572224 0.13912286 0.15996502 
-0.014808501 0.030567242 0.019794572 
-0.022928568 -0.060120218 -0.11955178 
0.0006102197 -0.049813878 0.06042173 
0.08848564 0.119431704 0.10726686 
0.06297861 0.064892836 -0.07592891 
-0.2534972 -0.061358232 -0.07860513 
0.07934922 0.062551625 0.0026669272 
-0.04465013 0.030240078 -0.002550483 
-0.3398869 -0.1829399 -0.30576113 
0.051161822 0.0030278752 0.06276148 
-0.08426859 -0.07482302 0.0017188247 
0.053257134 0.14560057 0.16216084 
-0.035269503 0.053467397 0.038496558 
-0.050324216 -0.013270909 0.028257584 
-0.041196223 -0.019571058 0.032550484 
-0.09981798 -0.004493795 -0.071318306 
-0.04073814 0.011620784 0.16644697 
0.121257335 0.14213526 0.24528816 
0.07617898 0.0009182662 0.074749164 
-0.051869184 0.029624501 0.012797467 
-0.3011631 -0.14034432 -0.054561622 
0.06408832 -0.0106545 -0.07857812 
0.05571834 -0.04598945 -0.019929552 
-0.07460176 -0.15764031 -0.036508124 
0.0033352035 0.038870234 -0.07349804 
-0.0019157925 -0.03278933 0.025749527 
0.0283342 -0.011760634 0.010679651 
-0.05373479 0.035577085 -0.03574569 
-0.04378039 0.00073755364 0.017512972 
-0.02772966 -0.053742696 -0.07818058 
0.20309989 -0.030688541 0.019062627 
0.011419665 0.019845307 -0.054963194 
-0.108274154 0.018877797 -0.06647896 
0.027414713 0.042985182 0.045223128 
0.060531102 -0.04799361 0.008474615 
0.009158744 0.018592453 -0.055985574 
-0.052950177 0.009233769 0.050261736 
0.05091332 0.015268718 0.052954774 
-0.015248024 -0.033707168 0.046783954 
0.08180662 0.03311402 0.11615024 
0.03726483 -0.08005361 0.082710415 
-0.03500561 -0.012131743 -0.012676009 
0.026782995 0.011112046 0.0032179602 
-0.10213074 -0.12686886 -0.050000302 
-0.13638325 -0.15933645 -0.09082231 
0.011961236 -0.023233324 0.018986076 
0.011372087 0.04185843 -0.1290611 
-0.08477453 -0.04886118 -0.13415207 
-0.057184596 0.044220548 -0.10793628 
0.0727571 0.04084008 -0.026367094 
0.004211865 0.058909595 -0.009229102 
-0.032578092 -0.07402102 -0.06421926 
-0.07678446 0.052187447 -0.15283333 
-0.08705932 -0.11710668 -0.13513455 
0.023738863 0.0021267761 0.18172514 
0.069983736 0.078865394 0.23407564 
-0.109955624 -0.03352939 0.14723761 
0.05145368 0.020814843 0.056745365 
0.108438216 -0.008745491 -0.015485709 
0.044095714 0.1570428 -0.010042442 
-0.09420667 -0.022641227 -0.07356769 
0.052099064 0.06772635 0.08621856 
0.094721965 0.17216295 0.21897799 
0.042110194 -0.019941173 0.015375577 
-0.0019911802 0.00990962 0.01426485 
-0.089907646 -0.13638976 -0.073408425 
0.07237216 0.06584765 -0.06142476 
0.053813968 -0.015258917 -0.038317118 
-0.052276533 0.031464737 -0.09857017 
-0.021195162 0.05245083 0.096328534 
-0.021257794 -0.025634293 0.13801509 
-0.033935074 0.057135247 0.100146934 
-0.04787475 0.06916073 0.046294767 
-0.012906075 -0.00783565 0.0332768 
-0.086935766 -0.05577477 0.010779776 
-0.0140338745 -0.058800537 -0.046677846 
0.15731035 0.033159584 -0.075895056 
0.010982808 0.05702187 -0.17825867 
0.17025365 0.061150126 0.010212718 
0.08636497 0.016360924 -0.032969933 
-0.042760823 -0.0036184345 -0.23754987 
-0.037573904 0.027343739 0.14419357 
-0.02629061 -0.03775598 0.060259327 
0.047195733 -0.11301554 -0.007860966 
0.05064345 -0.029513499 -0.06711069 
0.059907526 0.022106612 0.048567474 
0.03141026 0.058637276 0.0364586 
0.10345189 0.01734252 0.052463796 
0.019524276 0.068331696 0.035118666 
0.14228159 0.082741864 -0.04856174 
0.0998918 -0.022394966 0.009950009 
0.1550707 0.14775632 -0.07281161 
-0.040159468 0.13799238 -0.22428921 
0.024987621 0.014929964 -0.03680278 
-0.007672618 -0.020806232 -0.03724527 
-0.053447317 -0.041723162 -0.027186085 
-0.016458176 0.022288093 -0.058799904 
-0.062870294 0.0417811 -0.025202265 
-0.05974004 -0.007292814 0.06674909 
-0.04019079 0.0023675046 0.016904563 
-0.20331146 0.0068413843 0.008659173 
0.036513284 -0.1905656 -0.06413456 
0.14060138 -0.06619247 0.00868338 
0.11546136 0.022952206 -0.1362175 
0.1898084 0.11634612 -0.03393809 
-0.07302632 -0.04208139 0.026311114 
-0.050118793 0.0068278015 -0.07797183 
0.038347792 0.016306851 -0.044739008 
-0.016034057 -0.05213317 0.011027876 
0.14195219 0.05768672 -0.05739894 
0.09285498 0.026861515 0.07486119 
-0.001136225 -0.0059242207 0.05504728 
0.0012009882 0.08723969 0.06399914 
-0.17628728 0.0027324301 0.012574728 
-0.052932944 0.03265682 -0.0108056115 
0.025557159 -0.05241437 -0.08533133 
-0.024673332 -0.04225234 -0.12148718 
0.029537404 -0.05366706 0.0129514905 
-0.0019185308 -0.011428794 -0.011354684 
0.10354418 0.035125114 -0.111436844 
-0.02217983 0.04737613 0.009448487 
-0.031709105 0.004222731 0.011957769 
0.09666294 0.040034402 0.054513987 
0.05403569 0.003967437 -0.034590587 
-0.05969496 -0.06845682 -0.031258944 
-0.092783116 -0.1255283 0.009939055 
0.09823019 -0.02585534 0.03573 
-0.0048154504 0.08326771 0.023142152 
0.0068043876 0.08338148 -0.048699953 
0.049322207 -0.04265743 -0.01748013 
0.042679865 -0.044862714 0.010201533 
0.040671155 0.10119973 -0.060799334 
0.031705987 0.05929444 -0.037369423 
-0.074435525 0.058894124 -0.055316042 
0.016149255 -0.012688193 0.13003694 
0.09108688 0.049888667 0.14648218 
-0.03612934 0.05308477 -0.116182335 
-0.14047825 -0.10760936 -0.12250028 
-0.06441655 0.18459009 -0.041170217 -0.033727508 -0.08164278 0.0026974736 -0.04287779 -0.008607751 -0.006425714 0.11066551 0.11784812 0.084709086 -0.040160134 0.3183903 0.14585191 0.11597208 0.15181538 0.22161718 -0.033319004 0.020625154 -0.16672488 -0.074106134 0.114479795 0.2414629 0.056698523 0.29034895 0.21676834 -0.13381079 0.07566325 0.09782117 
0.08778181 -0.026667941 -0.0055358387 -0.17488214 0.15674497 -0.2608439 -0.061709855 -0.051006343 -0.054809436 0.04867441 -0.07124652 0.016482653 0.053976726 0.065509215 -0.019920815 0.0089095775 -0.011540725 0.059820842 0.0018477715 0.020444859 -0.07202502 -0.011509383 -0.11048051 -0.025210798 0.09590104 -0.0020919552 0.10267062 -0.0074458094 0.024998866 0.03687812 0.087279424 -0.054353632 0.08424214 0.04976541 0.05495578 0.06813308 0.025463011 -0.05355899 0.043858144 -0.20451654 -0.029588128 -0.0876292 -0.047009114 0.0901535 0.016661292 -0.15422885 0.13852271 -0.013519106 -0.034461506 -0.09285456 0.038755085 0.11938744 0.05084504 -0.003805421 -0.034352608 0.10336967 -0.03808826 -0.1365605 -0.0039050463 -0.07927712 -0.054630753 -0.017879758 -0.09031559 -0.112797745 0.036477137 0.03995709 0.12581016 0.011298454 0.033646535 -0.040607266 0.15548551 -0.016179325 0.09799337 0.023140695 -0.018481467 0.017510952 -0.029970288 0.1625818 -0.03692764 0.03712044 -0.044183612 -0.005998959 -0.0021766855 0.12815069 -0.053580288 0.05241621 0.06931832 -0.16556104 0.05949253 -0.18476996 0.10189028 -0.09505892 0.17309956 -0.039027736 0.2297005 -0.123373985 0.050378136 -0.014076548 -0.03637112 0.019125555 -0.062360723 0.09034502 -0.08980699 0.08335048 -0.04481551 0.1393184 -0.10920573 0.07568081 -0.026120193 -0.013777586 0.13528615 0.08951709 0.072466865 -0.1959144 0.09855535 -0.13179073 0.054638527 -0.05610308 -0.10378262 -0.00695475 
-0.1130064 0.26006258 -0.004785063 -0.108185954 0.2329779 0.04633112 0.07420145 -0.06763424 0.046494126 -0.047352456 -0.115825474 -0.00045096988 0.07168615 0.109177224 -0.12393719 -0.11853162 -0.050987866 0.04674663 -0.064212844 -0.0120518375 0.009465008 0.013965548 0.0631892 0.025019262 0.15565777 0.06743537 0.06553009 -0.1204178 0.018987827 -0.06732787 0.0128323585 0.054364633 0.05956381 0.09298778 0.014844339 -0.019208012 -0.029914927 -0.1100157 0.027686216 -0.08647612 0.18202892 0.12903905 0.05477566 0.05694777 -0.09383206 -0.057252597 -0.20474799 -0.066126525 0.1444767 -0.047477186 0.11634324 0.0148246335 -0.15232067 -0.081857674 0.14883162 0.33401352 0.09543821 0.19749618 -0.21412852 -0.039133925 0.008778783 0.11206144 -0.00060713774 0.11900673 0.16690461 -0.05240165 0.017949486 -0.07361802 -0.037912574 -0.005195352 0.108140156 -0.029285347 0.20716384 0.006374763 -0.1493722 0.013404586 -0.19647948 -0.094493195 -0.04480219 -0.061510686 0.17091106 -0.1217374 -0.15901859 -0.12275545 0.004251151 -0.018986603 -0.00409893 -0.0023868878 0.17648573 0.15554772 -0.07830866 0.07172001 0.01347813 -0.02203579 -0.09433041 0.10635927 -0.077930465 -0.035953805 0.11596398 -0.026363872 0.0673491 -0.10127382 0.2801983 0.30880672 0.13937877 0.16085525 0.24256083 0.1720578 -0.07539166 0.051451582 -0.015882619 -0.09398306 -0.070933916 -0.094461225 -0.20888753 -0.06639444 -0.1757343 0.3127345 -0.32017565 -0.11117663 
-0.06660441 0.023981988 -0.16802941 0.029684406 0.13547565 0.1798378 -0.07339352 -0.08446765 -0.08262246 -0.11823936 0.10813983 -0.0053628185 0.0135135725 -0.04722072 0.087926954 -0.06937857 -0.014976484 -0.021674614 -0.042697404 0.03559834 0.010261376 -0.059936557 -0.02922897 0.061401386 0.07965654 0.19467852 0.080146916 0.18839757 0.054921325 -0.036328617 -0.008269808 -0.043273397 -0.05336204 0.07656308 0.04573161 -0.03662937 -0.11202847 -0.12105597 -0.1154033 -0.2337121 0.15273625 0.08549323 0.0035393902 -0.18554474 0.15534507 0.19257267 -0.027419213 -0.03528489 0.017044904 -0.01743994 0.02469295 0.13288234 0.06557599 0.07281699 -0.20196162 -0.12760328 0.020106712 0.08289061 0.215298 0.20320839 0.04007415 0.010771108 0.03552343 0.023770222 -0.035208523 0.0194817 -0.09695998 -0.12556052 -0.07058104 -0.11914404 -0.014395626 -0.03792147 -0.2751227 -0.18625847 0.011544649 -0.2709557 0.032904215 0.009955044 0.10342634 -0.0037713675 0.02229753 0.06715554 0.19112323 0.16355251 -0.122974694 -0.10933432 0.14111823 0.15495342 0.07048822 0.12645076 0.06587822 0.19441992 -0.15306465 -0.1284764 -0.054480616 -0.15487182 0.060816485 0.14606987 -0.0033969567 0.1334664 -0.17013927 -0.02402236 0.02865078 -0.15353924 -0.15639009 -0.020006174 -0.022023369 0.062553026 0.063655354 -0.14562023 -0.116525635 -0.124538936 0.080143966 0.097301245 0.09453525 0.028831175 -0.0072642253 -0.047604367 0.02399423 0.08750885 
0.12009581 0.12914722 -0.23745984 0.04583132 0.096630864 0.1053522 0.18211232 -0.047546357 0.070342824 -0.11327374 0.073495924 0.044521086 0.1276429 -0.11245981 0.1775207 0.04546592 -0.003579861 0.09885544 0.043881536 -0.061764937 0.032185797 -0.08799353 -0.05627906 0.0403933 0.019989798 -0.1460984 0.10685213 -0.095383406 0.0027138684 -0.07636814 0.069718696 0.07190029 0.018755684 0.02107131 0.082460925 -0.043966632 -0.0592195 -0.018238207 -0.07022648 0.18173093 0.04610995 0.068360016 -0.038267113 0.072787404 0.036218572 0.06253674 0.061797973 0.03206964 0.07181481 0.028928746 0.048922967 -0.038532708 0.08195296 -0.037779767 0.058771 -0.044500656 -0.027234795 -0.02647923 -0.109698184 -0.027725354 -0.12496502 -0.13998331 -0.16016397 -0.04140751 -0.26508284 -0.16780584 0.03189687 0.14832118 -0.1543023 0.13640215 -0.1168903 0.048934456 0.072985806 -0.17448528 0.18892793 0.11401812 -0.09668071 -0.20010571 -0.09134127 -0.101568535 0.027219845 -0.10044553 0.1330406 0.0652262 0.006549653 0.042656414 0.112906605 0.04432933 0.04903567 0.049161643 0.07442389 0.14769882 -0.18179351 -0.08792493 -0.20068647 -0.08862718 -0.09212876 -0.07162119 -0.15426317 -0.07476864 0.029937904 -0.012739634 0.06685638 -0.044413526 -0.033035915 -0.07279799 0.048747607 -0.036465216 0.016707398 -0.018033544 0.07030265 -0.0022818462 -0.058949355 -0.11640858 -0.07301473 0.015503555 -0.020134158 -0.021419073 0.053506438 0.0062767365 
0.0650466 -0.2053125 0.24562073 0.03735591 0.08031658 -0.023913508 0.05728426 0.055768125 -0.015877057 0.064936094 -0.0126682 0.1049426 -0.009793007 0.0049268883 -0.11745456 0.027868783 0.0634177 0.020068139 -0.054165874 0.022289407 0.04365251 -0.018324008 -0.04508397 -0.092537 -0.17475523 -0.17001571 0.09484224 -0.07194197 0.08029295 0.020869737 0.04445818 0.03845263 0.078771375 0.0026402485 0.083725944 -0.070884116 0.11531556 0.12672509 0.0687417 0.31251544 -0.13946907 -0.11110444 -0.16907294 -0.07012408 0.028808637 -0.13084209 0.09408832 -0.040520787 -0.029846204 0.12224412 -0.0696203 -0.15746544 0.1908633 0.036383033 0.21122795 0.013930442 0.10778076 -0.06754572 0.011473788 -0.01723164 0.09693601 0.067997456 -0.10137561 0.06388593 0.13346808 0.19726583 0.07310436 0.049843844 -0.008437583 0.043770507 0.102345146 0.17780529 0.021007262 0.09889845 0.11080401 0.31785128 -0.012983002 -0.022903714 -0.017029358 0.060019337 -0.044262353 -0.105326965 -0.072982326 0.067213796 -0.119983606 -0.096279815 0.03778845 -0.18624729 -0.20610495 0.050273713 -0.06545205 0.027195847 0.12144212 -0.01778827 -0.016119339 0.15779924 -0.19253865 -0.26115027 -0.08260279 -0.13231485 0.03734911 0.15697177 0.08614644 0.11883801 0.1030693 0.18041356 0.15735407 0.046965294 -0.1182314 0.09628124 -0.10796866 -0.123760134 -0.106253795 -0.19116011 -0.09852186 -0.11029945 0.13979892 0.033549607 0.07098388 -0.029992359 
0.0062531913 0.022321746 -0.012217931 -0.09529023 -0.020690994 -0.08609396 -0.07848455 -0.00040499738 0.042360496 0.05309267 -0.022390079 -0.024378363 0.04031248 0.069613285 -0.08466095 0.010113207 -0.03348736 -0.07620492 -0.07440348 -0.010149026 -0.02052001 0.0775809 -0.040635556 -0.009398416 0.05971769 0.03672876 -0.024992688 0.061313074 -0.08645292 0.06957605 -0.085787155 -0.03970215 0.03704649 -0.08890154 -0.007051558 0.07875723 -0.016613428 -0.08376931 0.0710204 -0.0774047 -0.005926406 -0.08169858 -0.08914013 -0.013765954 0.085387915 0.07332814 0.0025884858 -0.05414995 0.05655179 -0.08642535 -0.025436185 0.08522936 0.030161692 -0.0930792 -0.056058016 0.07537718 -0.063609034 -0.06725108 0.03298082 0.07183944 -0.05351011 0.037558433 0.035179265 -0.030137902 0.027056959 -0.03997621 0.0040508127 0.038708933 0.03449363 0.036066502 -0.021398632 -0.10376505 -0.029952006 -0.07722498 0.02277305 0.042673703 -0.07010338 -0.04896567 0.010353346 -0.03104633 -0.054272577 -0.03134619 -0.024873674 -0.0808019 0.06540046 0.0018341512 0.022942938 -0.03786859 0.0629211 -0.08868596 -0.09230467 0.048377153 0.03513295 -0.0114791235 0.007372539 -0.09984594 -0.041538086 0.079178475 0.06860294 -0.07558123 0.070012376 -0.06371927 -0.060743116 0.0022024375 -0.038221218 0.069399886 -0.08718838 -0.021013241 0.0017425679 0.04940447 -0.079222485 0.020485956 -0.0028902276 -0.06308309 -0.014624085 -0.084192604 -0.068798095 0.06273508 0.044936493 -0.011042647 
-0.053165074 0.24887669 -0.26739904 0.06336533 0.050973307 0.18471503 0.13185975 0.0853538 0.0039259857 0.055120725 0.12148226 -0.013336802 0.023217449 -0.11136923 0.15852737 -0.21098554 0.017049015 0.09383737 -0.10110383 -0.1114752 0.108807914 -0.07057315 0.03733385 0.04210702 0.07067843 -0.058591347 0.02702429 -0.032517917 0.035251785 0.062909134 -0.08323604 0.07491772 0.030324386 -0.02697045 0.058736905 -0.09386267 -0.1083277 0.026518114 -0.021610834 -0.026901532 0.05111253 0.08495759 -0.22981279 0.06869789 0.2632364 0.2607656 0.102842174 0.017031204 -0.22820131 -0.10203587 0.02450948 -0.0002687302 0.17464809 0.0021576097 0.20489417 0.083852194 0.019673917 -0.07793263 0.13390788 0.09259803 -0.0020798186 -0.06764557 -0.04623916 -0.056477357 -0.28616032 -0.11699415 -0.14218879 -0.036422018 0.144722 0.25617257 0.15833706 0.2415739 0.078600846 -0.023212047 -0.10790557 -0.074531294 0.0047930833 -0.13067104 -0.12148753 0.0031369952 0.1671504 -0.07340226 0.17220224 0.12715717 0.11623972 0.073204614 -0.021637501 -0.14931953 0.20389308 0.27268097 0.0165895 -0.08007651 -0.36273775 -0.19051369 0.013481418 0.08745599 -0.19741563 -0.11003636 0.027317176 -0.11642518 0.09049134 -0.056515444 0.017209927 -0.17512637 0.04999242 -0.08794257 0.036355074 0.1111176 -0.04752904 0.058219682 0.05547906 -0.13221286 0.044828627 0.21874823 0.08951416 0.1422164 0.047760263 -0.03003464 0.26749292 -0.053123593 
0.11684193 -0.012466741 0.2958673 0.03059451 0.024136608 0.14945392 -0.098008215 0.061690424 0.0015311582 -0.08671818 0.174732 -0.03958361 0.29721698 -0.08583939 0.0807355 -0.1477366 0.0903714 0.031671017 0.014580469 -0.0034215252 -0.016807104 -0.028699607 -0.03415077 -0.11412374 0.17970543 0.038274884 0.30336735 0.065773614 -0.06114685 -0.06303488 -0.053338867 -0.054560352 0.012930015 0.016314512 0.08652396 -0.086854614 0.016767198 0.045822952 0.0183364 0.046395544 0.061966572 0.13920164 -0.24524318 -0.27234212 0.20313475 0.0860989 0.12474586 -0.06038351 -0.025552427 -0.07647858 0.18065684 0.03153274 0.1439968 -0.18621954 0.2540845 -0.16702008 0.20202696 0.036233127 -0.17380518 -0.12511063 0.026401427 -0.04001378 0.29362085 -0.17780872 -0.10470599 0.16284177 -0.020300386 0.058360778 -0.14812626 -0.14671361 0.26532212 0.4731461 0.36586475 -0.07172647 -0.08536601 -0.0913971 -0.019863743 -0.060416486 -0.28581697 0.029736133 -0.059679676 -0.015394832 -0.02242043 0.30460852 0.056901 0.21408433 0.09438553 -0.1096092 0.05124658 0.101807825 -0.10936143 0.021931298 0.035309173 0.055205368 0.16340828 0.36230153 -0.06724063 0.082707725 -0.03319799 0.08754977 -0.026145801 -0.053471368 0.12788722 0.42872047 -0.007788132 -0.11573456 0.21609785 0.043671444 0.08757234 0.0028348314 0.16899106 -0.13978404 -0.1259648 0.07854058 0.042298757 -0.103959076 -0.24514936 -0.0958904 -0.0140830325 -0.09280876 
0.033177644 -0.21865816 0.15022783 0.020779723 0.042056385 0.04434989 -0.0113796955 0.07574528 0.029438099 -0.031308915 -0.06518359 0.031397436 -0.02581358 -0.058463935 0.07220888 0.14123945 -0.019784058 -0.00964017 0.019054256 -0.051967714 -0.012570618 0.11995672 -0.039933126 0.05244636 -0.07494066 -0.010504566 -0.06579607 -0.016688572 0.08192763 -0.0022648384 -0.02006999 0.031643666 0.036082175 -0.006047975 -0.0419113 -0.00064014655 0.058506686 0.11419754 0.18978788 0.19794248 -0.0684008 -0.14502136 -0.06281148 0.009651148 0.20219629 0.12603572 0.05419882 -0.017510286 0.00030700085 0.1949785 -0.043655768 0.16971159 0.1712601 0.22932422 0.017268261 -0.09130652 0.056097843 -0.0012140776 0.014833613 0.032284256 0.12938304 0.06692652 -0.052729286 0.1608744 -0.15795147 -0.1470767 -0.067916796 0.07691186 0.089571156 0.03783321 0.06534732 0.03834097 -0.19123082 -0.0041909553 -0.11533871 0.13563141 0.058233563 -0.06904618 0.22010332 -0.031189159 -0.038280204 0.16467458 0.07485158 0.04361273 -0.032810867 -0.050542153 0.0008403751 0.2949497 0.0031041473 0.07728861 -0.0059824213 0.082706265 0.0035844215 0.010547348 -0.16011916 -0.105930164 0.23107678 0.26609516 0.120221056 0.18421817 0.12760651 0.17223509 0.06114771 -0.20775941 -0.044485334 -0.01313017 0.06890043 0.03478375 -0.090305306 0.13625556 -0.044243444 -0.037362408 0.17433909 0.06410023 0.11112625 0.009616521 0.1540767 -0.17243916 0.15324268 0.059976015 
0.13884377 0.112802275 -0.021302886 0.002244892 -0.1160841 0.17414007 0.11358274 0.4236591 -0.08965709 0.0024668374 -0.10363075 -0.11999865 -0.029547049 0.25539032 -0.26928043 0.0587031 -0.073430315 -0.19964351 -0.07379663 0.14197114 0.031835314 -0.09141655 -0.09196194 -0.14446361 0.13334371 0.04311708 0.11449553 0.20960765 0.08204828 -0.07363074 0.04986267 -0.080179185 -0.08228881 -0.058843732 -0.07445374 0.068678945 0.05081977 -0.031337943 -0.0709966 -0.20943151 0.17952055 0.017768204 0.3325354 0.06988919 0.1423999 -0.00543834 -0.01260714 0.13039854 -0.06878056 -0.05290464 -0.020010842 0.12639062 0.12067583 -0.062668 0.054545958 0.07643275 -0.25546774 -0.07315694 -0.21751 -0.09476738 -0.008566072 0.05014031 0.2835453 -0.083731145 0.10289634 0.03479676 -0.026890462 0.075009085 0.25229925 0.24022453 -0.14618613 -0.21126318 -0.14314198 -0.02097619 -0.40244225 -0.06740338 0.04802087 -0.006442402 0.013071511 -0.17805354 0.1275746 0.11867206 -0.07446323 0.043888465 0.22448097 0.06957912 0.018548805 0.23523907 -0.03185868 -0.067358464 0.032159623 -0.023536667 0.09819748 0.20199323 -0.07528732 -0.09333984 0.2627672 0.12277477 0.24276574 0.25973392 0.054068998 0.016879633 -0.18896371 0.025387982 -0.021915132 -0.161752 0.015598351 -0.1223092 0.118346035 -0.027352925 -0.1157268 0.0465019 0.0731111 0.20020007 0.1695794 0.25739425 -0.059992507 0.11084407 -0.17640004 0.24542387 
0.09013122 -0.022678236 -0.09259078 0.06495894 -0.0055852593 -0.0068354444 -0.08080667 -0.02143394 0.12433351 0.0035928164 0.038933158 -0.1008528 -0.11128285 0.068172544 0.13408926 0.1726116 -0.15933296 -0.10402235 -0.09993251 -0.014461903 0.073678866 0.07296358 0.017853472 -0.08319867 -0.037956048 0.041097373 -0.04937657 0.14753553 0.08541856 0.037303958 -0.05395751 0.077442594 -0.07393759 -0.016610205 0.05895269 0.06069014 0.06619517 0.055593822 -0.16454971 0.09432396 -0.09785596 -0.057695407 0.06420214 0.035198368 -0.023755198 -0.034555748 0.18848394 0.08705241 -0.097348064 -0.09407446 -0.33964503 -0.05609226 0.02169592 0.026896741 -0.18607683 0.13778567 -0.07304795 -0.054219257 0.3975905 0.18364392 0.073861934 -0.019205157 -0.056993086 -0.04195657 0.23814029 0.088472106 0.082383 -0.027549252 0.19576386 0.08173664 -0.008117693 -0.09380351 0.0006120243 -0.02239418 0.11477042 -0.15276256 0.16139367 0.18801169 -0.046272166 0.026788449 -0.13895324 0.11367455 -0.1318215 -0.109607115 -0.02032772 -0.03317919 -0.087847844 -0.0019173897 0.011518681 -0.091161646 0.21220481 -0.12953943 0.2986899 0.26694623 0.28251967 0.10060268 -0.022825409 -0.018484797 -0.06601999 0.020216707 0.29911426 0.3191954 -0.08536473 -0.055510465 -0.09590868 0.04398657 -0.17913212 0.03508265 -0.06429581 -0.07183689 0.077577926 -0.08382416 0.003268769 0.07417766 0.21659161 0.17908503 0.13681981 -0.1895709 -0.033886276 0.23005405 
0.017401675 -0.10466127 0.25388914 0.031991545 -0.11275904 -0.022053007 0.051806126 0.13530044 -0.037362173 0.008651342 0.019015392 -0.084744364 -0.024589302 -0.04754463 -0.00571255 -0.002631558 0.03375456 0.028511977 0.028269809 0.03509027 -0.06948354 -0.09071396 -0.06151202 -0.0022520525 0.17350599 0.02712573 -0.0574939 -0.17244132 -0.060003974 -0.03463769 -0.05622781 -0.014082676 0.031362746 0.019219723 0.087541685 0.08922208 -0.060402054 -0.086781815 0.035044752 -0.012683743 -0.017568124 0.08844549 0.06817413 0.013431843 0.11199976 0.009728377 -0.17938231 -0.031217583 0.064757206 -0.12482263 0.25788963 0.16518344 0.10561873 0.0782769 -0.030925656 -0.040885102 0.2898056 -0.016643995 -0.17484201 -0.26338112 -0.001213538 0.041743103 0.18891004 0.04212191 -0.019164002 0.06906028 0.030949134 -0.121355824 0.009059494 -0.11098369 0.05610272 -0.036991015 -0.0005734228 -0.09526316 -0.19467475 -0.01834535 -0.033706427 -0.079526946 -0.06317338 -0.071904294 -0.049026247 0.087847695 -0.15157863 -0.036688887 -0.016803024 0.030505583 0.072731756 -0.065846354 0.05790528 0.049117073 -0.09297379 -0.032077197 -0.07338319 -0.15004358 0.07577117 0.13052495 0.11770093 -0.024702478 0.02845469 0.064769454 -0.0749056 -0.23286077 0.18994603 0.2960162 0.13437937 0.10593762 0.21011725 0.07080264 -0.039102763 -0.07536389 0.0050433683 -0.019460814 0.098757096 0.00022605079 0.077136 -0.11235755 -0.011715971 0.013519178 0.048890244 -0.07541164 
-0.017258229 -0.07152285 0.040898457 -0.11909532 0.05581713 -0.034568954 -0.021074554 0.006139694 0.011963034 0.111378536 0.066386215 0.07522755 0.09806773 -0.0121981995 0.036476128 0.0046424377 0.08863739 0.04795244 -0.060324688 -0.024310473 -0.008180804 0.043011766 0.051948335 -0.06065501 0.021487372 -0.0042757327 -0.087133594 -0.10391382 0.04123575 0.08419976 -0.07270208 -0.04854128 0.09161671 -0.0553942 -0.0055338456 0.014348264 -0.06461035 0.050838474 -0.0099522 0.06391352 -0.03857137 0.044986866 -0.08489107 -0.08591266 -0.058375888 -0.017178364 -0.010722532 -0.026420923 0.008339028 -0.030722871 -0.054428816 0.043604966 -0.019406635 0.030629292 0.05218492 0.02762378 0.07845376 -0.06387241 0.015613343 0.04671502 0.0643909 0.04888784 -0.058626123 0.09302535 -0.019432202 -0.029488463 -0.045385376 0.03288409 -0.09403825 0.040427987 -0.086999476 -0.108370505 -0.01991095 0.060424227 -0.0022394692 0.10617083 0.03353178 0.08285705 -0.10481344 -0.027097518 0.057155192 -0.0056617456 -0.07628882 -0.03526394 0.0165719 0.0057344544 0.048283294 -0.061148018 0.0054405876 0.042013172 0.082057714 0.035919826 0.03301815 0.0151894195 0.0729448 -0.048708346 -0.06423143 0.056273893 0.0029442348 0.082184024 0.048108812 0.01331017 -0.057271127 -0.0047053355 -0.021034919 0.031694215 -0.049714133 -0.105159275 0.056316674 0.001595501 0.043101493 0.028651863 -0.07450595 0.00441241 0.07996567 0.028440202 -0.03558949 -0.013696427 -0.023720307 0.07590729 
-0.14030875 0.16378808 -0.37032902 -0.016936379 0.16935238 0.056530852 0.29262632 -0.05518905 0.12475422 0.0071356725 0.032069117 -0.061512545 0.13770965 -0.05072184 -0.024881326 -0.09428496 -0.015301262 -0.045794304 -0.018978024 -0.13608909 0.060232133 0.07683144 -0.025711713 -0.007925779 0.14863071 0.11756409 -0.03660198 -0.04326905 0.06818086 -0.08598954 -0.029460764 -0.0010571581 -0.039395723 -0.00033693056 0.00779084 0.02701426 -0.1715136 -0.13547088 0.004875857 0.039769378 0.18651013 0.055511788 0.007080746 0.09600156 -0.028081972 -0.14530386 0.17703493 0.011324771 -0.18464582 0.0429204 -0.15192217 -0.07814334 -0.2583448 0.13234243 -0.012209109 0.31499797 0.0120923035 0.0076217945 0.26896214 0.057265736 -0.07469609 -0.016243432 -0.11403348 0.037633177 -0.021047978 0.035946127 0.006067385 -0.09553697 0.16748267 0.15341023 0.0069868416 0.07377649 0.06705694 0.05070094 -0.023934163 -0.029790375 -0.19312142 -0.10085343 -0.23709992 -0.004813673 0.08542146 -0.04951372 0.023531506 -0.02512858 -0.06034371 0.051225614 -0.22842287 -0.297518 0.2783495 -0.0065298006 0.16997655 -0.1787158 -0.13111754 -0.035134777 0.094110616 0.03292612 -0.16302426 -0.1682459 -0.16786608 -0.10695664 0.064758115 0.102993235 0.015471736 -9.198361e-05 -0.12885705 0.10059365 -0.15118851 -0.02489401 -0.07564282 0.027892174 -0.07602192 -0.052817874 -0.009657176 -0.022835162 -0.006668112 0.07950266 -0.033487957 0.103662394 -0.075238116 0.021132408 
-0.19331841 -0.10882825 0.008389595 -0.05761008 -0.033608936 -0.103708275 0.17388247 -0.08214515 -0.055758193 -0.04784312 -0.06558638 0.015943533 -0.22590138 -0.1454199 0.06915785 -0.094511755 -0.04065999 -0.077295706 -0.08861053 -0.09735216 0.028004184 0.117534295 0.06664626 0.1325985 -0.07556266 -0.069042094 -0.06920417 -0.062914066 0.08112931 0.060741752 -0.04423518 -0.06548422 0.04905019 -0.0030851841 -0.019658277 0.013556769 0.026074631 -0.05723126 0.2580703 0.029049184 -0.17639865 -0.16908659 -0.12109306 0.09275896 0.039635066 0.14805329 0.0054430864 -0.074687034 0.09324104 0.10748612 -0.0025452208 -0.0015672883 -0.11761497 0.04778123 0.031279143 0.0744827 0.16677107 0.14339726 -0.0054002497 -0.08313444 0.03154109 0.12492661 -0.07576894 0.21958254 -0.058572277 -0.044038635 -0.10817577 0.020685872 -0.0074254978 0.033952132 0.006642849 -0.21435677 -0.16090508 -0.06515515 -0.15434712 -0.043624114 -0.16154706 -0.025043152 0.09794206 -0.016061552 -0.074039996 0.010322349 -0.11669481 -0.14896046 -0.15894097 -0.11465197 -0.10378641 -0.11276096 0.09903557 0.07940035 -0.03677197 -0.10798595 0.20730217 0.03564699 0.003999401 -0.025712473 0.01688834 -0.013658261 0.0089606475 -0.019151507 -0.06889365 0.050137628 -0.00012155809 -0.01717877 0.076698214 0.080469616 0.12419357 0.14795774 -0.16122061 -0.11719696 -0.10103852 -0.08118092 -0.11945401 0.01525899 -0.019201128 -0.04004265 -0.090701506 0.06531798 -0.025451744 -0.044579342 
-0.18727408 0.08728564 -0.20178418 0.00046351034 0.23117833 0.082273744 -0.03984713 -0.032938436 -0.0016284145 -0.047013797 -0.028122744 -0.10759817 0.03586383 0.011520249 -0.07748073 -0.09271053 0.061232757 -0.047518954 -0.10944825 0.012933696 0.04311743 0.026914924 0.05583553 0.056430962 -0.06821628 -0.103460215 0.008940992 -0.023649396 0.07026314 -0.063562065 0.041769475 0.085284 -0.0460012 0.075509265 0.018918717 0.012050087 -0.11506254 -0.10958649 -0.034621958 -0.038869392 -0.01273497 0.027200218 0.14348799 -0.09756711 -0.02062571 0.0018171469 0.03431585 -0.046157088 -0.063977815 0.15908772 -0.11133745 -0.13998619 -0.04665574 0.15341677 -0.01669343 0.19014333 -0.079495996 0.021728743 -0.00580638 -0.049667954 -0.06328265 0.006490429 -0.06439884 0.17941809 0.017763 -0.08733715 -0.017237533 -0.07102991 -0.013381295 0.0852751 0.12043544 -0.03577125 0.04123936 -0.04875088 0.028409306 -0.11191107 -0.063382566 -0.0570215 -0.035865452 0.031756673 0.12857845 0.082183756 0.06954797 0.015514242 0.05750258 -0.04306624 -0.040764872 -0.18034372 0.1477568 -0.020750832 0.036513004 -0.118074164 -0.013187578 -0.038882628 -0.0026603322 -0.03450006 -0.13613717 -0.1349109 -0.06314182 -0.099203005 0.15693673 0.11726625 0.019002004 0.001661323 0.017251613 0.009992416 -0.10800343 0.030483268 -0.034375932 0.052133463 0.041774243 0.02683864 0.09808056 -0.017795378 0.07588101 -0.044178195 -0.061320618 -0.033285372 -0.04955149 -0.022316972 
0.033886213 0.207944 0.027819142 -0.1518148 0.5886911 -0.035803504 0.02197938 -0.11736298 0.20357132 0.1530457 0.22350353 0.034224115 -0.11255691 0.27430055 0.42861035 -0.067225024 
0.2617195 -0.4508739 0.18924895 0.010721657 0.16709441 -0.18004426 -0.42934594 0.52931327 0.21067606 -0.09796428 0.7826565 -0.07012663 -0.14868185 0.07708879 -0.3997058 0.017769195 
-0.28868505 -0.2693163 0.3821925 0.20243508 0.092713475 -0.15447232 0.45320842 0.562531 0.4185932 0.36909753 -0.12056033 0.119116515 0.03223117 -0.38551274 0.09639449 -0.4859573 
0.1894331 0.5688874 -0.5624772 -0.08821899 0.4538158 -0.082557775 0.047799423 0.36815846 -0.38053268 0.2705035 0.22664858 -0.0951649 -0.28411487 0.1715028 -0.27338 -0.13255502 
0.1914219 -0.2823764 -0.35000628 -0.042695552 0.24456081 -0.067506045 -0.290745 0.005080043 0.307853 0.505969 -0.0050002574 0.08298802 0.12645176 -0.15616263 0.10466199 -0.06017828 
-0.2632578 0.08478026 0.3573864 -0.23939957 -0.29293722 -0.0023842533 -0.16717824 -0.3701082 0.30735555 0.8875316 0.60108 -0.2388455 -0.11782606 0.32266852 0.04090047 0.32110938 
-0.31102225 0.51597947 -0.08431752 0.1377224 0.47915518 0.008041134 -0.4127654 -0.08779958 0.5561702 -0.0013451002 -0.11429253 0.37491068 0.06171449 -0.17913677 0.55418664 0.122195676 
0.23083001 0.06781456 -0.044133063 0.17851178 -0.19134082 0.2007083 -0.22084044 0.026820801 -0.16636343 -0.040885314 -0.051593546 -0.11632658 -0.10280421 -0.21407296 0.21995698 0.20787643 
-0.1045423 0.05111491 0.19872189 -0.11755824 -0.10894451 0.12877147 0.06472862 -0.1794163 -0.08559831 -0.16552866 -0.0052636033 -0.1995945 -0.074378416 0.0045855213 -0.09044787 0.10613724 
0.046040054 0.3103432 -0.08031065 -0.22441186 -0.38802344 -0.16935211 0.10595916 0.57993686 -0.31708282 0.3327504 -0.3133283 0.6725008 -0.2543478 0.115345106 -0.4152353 0.02752146 
-0.20756872 -0.13806921 -0.027005669 0.4954755 0.47438645 0.06419466 0.5524221 -0.15347767 0.18758771 -0.22102264 0.35674548 0.034340587 -0.12151719 0.8070708 0.16096812 0.1030311 
0.08101785 -0.06420564 0.40469348 -0.055826522 0.43698448 0.7744503 0.15800312 -0.054396354 0.12961146 0.028231926 
-0.12052348 0.8205052 -0.2834205 -0.20678996 -0.04630847 -0.39712945 -0.078782715 0.16357575 0.34750107 0.058672372 
0.17971587 0.09179219 -0.83739334 -0.14917953 0.87620693 0.15162276 -0.080950305 -0.0019266646 0.12101401 -0.8907738 
0.040246382 0.42650437 0.081190616 0.5273012 -0.615337 0.21996544 0.27427843 -0.23499504 -0.08688996 0.4031052 
0.24595705 -0.2656658 0.51930803 -0.29214257 -0.17434213 -0.019605314 -0.23681366 -0.14219181 -0.57049197 0.23685868 
-0.49353 0.514746 0.14465405 -0.3348817 -0.5286177 0.598747 -0.050646458 -0.29900214 -0.22466375 0.06806749 
0.63894403 -0.43977383 0.4911787 0.10840516 -0.53926736 0.09469301 -0.1484564 -0.15560438 -0.14049053 0.13287185 
-0.75120974 -0.7446206 0.012314857 -0.06040842 -0.041594084 0.80751914 -0.15932322 0.048392307 -0.5294319 0.65162075 
0.10248607 -0.1158663 0.6280443 0.035985377 -0.40566686 0.16504201 0.049893025 -0.12608524 0.79205453 -0.5107608 
-0.013275867 0.28690863 -0.43975684 -0.3447597 0.46224838 -1.0122827 0.18306231 -0.056510154 0.13621198 0.42801008 
-0.46252525 -0.24398169 0.32889038 0.36801907 0.86901754 -0.45859706 0.15024276 -0.23731501 0.3704181 -0.5924581 
-0.42276323 0.00095273147 -0.33754185 0.62994003 0.2936839 0.007420891 0.4704499 -0.039000336 -0.2061343 0.08194241 
